Employee_ID,Name,Age,Gender,Education,Department,Job_Title,Experience,Performance_Rating,Overtime,Work_Mode,City,Company_Size,Marital_Status,Certification_Count,Skills_Score,Years_At_Company,Promotion_Last_5_Years,Annual_Bonus,Monthly_Salary,Years_at_Company
1619,Lee Wells,,Female,Bachelor's,Operations,Marketing Manager,20.0,4.0,No,Office,Kolkata,Startup,Divorced,8.0,42.0,9,No,70091,150743,
2808,John Johnson,23.0,Female,Bachelor's,,Product Manager,3.0,5.0,No,Hybrid,Ahmedabad,Startup,Married,7.0,43.0,1,No,36003,124214,
3432,Mr. Roger Daniel MD,25.0,Male,High School,Marketing,Data Scientist,1.0,2.0,Yes,Office,Delhi,Medium,Married,6.0,68.0,0,No,61566,109293,
4564,Kathryn Gordon,47.0,Female,Bachelor's,Operations,Database Administrator,21.0,3.0,No,Office,Pune,Enterprise,Married,3.0,48.0,6,No,151696,153653,
1947,Jerry Harris,29.0,Male,Diploma,IT,Frontend Developer,0.0,5.0,No,Office,Hyderabad,Large,Single,0.0,86.0,0,No,91634,92969,
409,Michael Tran,52.0,Female,Diploma,Legal,DevOps Engineer,17.0,4.0,No,Office,Bangalore,Large,Single,4.0,67.0,2,No,36138,151843,
3880,Julie Pham,45.0,Male,Diploma,Administration,Sales Executive,23.0,2.0,Yes,,Jaipur,Startup,Married,7.0,,12,No,54424,145665,
4449,Sally Lambert,26.0,Male,Bachelor's,IT,DevOps Engineer,2.0,5.0,No,Office,Faridabad,Large,Single,4.0,87.0,1,Yes,135677,140680,
3655,Brandon Roberts,46.0,Male,Diploma,,Data Engineer,9.0,5.0,No,Office,Mumbai,Medium,Single,6.0,51.0,2,Yes,115236,136688,
4209,Kim Johnson,59.0,Female,Bachelor's,IT,Product Manager,11.0,2.0,Yes,Remote,Chennai,Enterprise,Single,6.0,86.0,10,No,89170,164133,
981,Frank Reynolds,43.0,Male,Master's,Marketing,Backend Developer,1.0,5.0,Yes,Hybrid,Hyderabad,Medium,Married,6.0,93.0,1,Yes,73096,142160,
3972,Mark Morrow,54.0,Male,Bachelor's,Finance,Business Analyst,29.0,3.0,No,Office,Mumbai,Startup,Married,9.0,54.0,15,No,129059,165491,
2275,Betty Perry,29.0,Male,Bachelor's,Operations,ML Engineer,6.0,3.0,No,Office,Lucknow,Startup,Single,9.0,81.0,3,No,149017,130218,
1297,James Leonard,46.0,Male,Bachelor's,Sales,Cloud Engineer,18.0,1.0,No,Remote,Gurgaon,Medium,Single,6.0,40.0,1,No,46011,141510,
1958,Mary Rodriguez,41.0,Female,Master's,Finance,Cyber Security Analyst,15.0,2.0,No,Hybrid,Indore,Medium,Single,7.0,89.0,0,No,190451,164847,
1813,Catherine Riley,59.0,Male,Diploma,IT,Project Manager,8.0,,Yes,Office,Mumbai,Startup,Married,6.0,73.0,6,No,113068,116832,
1038,Rachel Gray,47.0,Female,Bachelor's,Legal,Finance Analyst,1.0,2.0,Yes,Office,Noida,Medium,Married,8.0,98.0,0,No,85932,216260,
2147,Juan Phelps,26.0,Female,Master's,Sales,Product Manager,3.0,3.0,No,Office,Indore,Startup,Single,1.0,78.0,0,Yes,50245,135105,
1531,Dan Wall,55.0,Male,Bachelor's,Research,Accountant,12.0,1.0,Yes,,Gurgaon,Medium,Married,10.0,54.0,5,No,63813,116362,
1372,Stephanie Jenkins,56.0,Male,Bachelor's,HR,Cloud Engineer,29.0,1.0,Yes,,Ahmedabad,Startup,Married,6.0,74.0,10,No,336824,366216,
3694,Keith Maldonado,51.0,Male,Diploma,Finance,Full Stack Developer,0.0,4.0,Yes,Office,Chennai,Enterprise,Married,3.0,86.0,0,No,72976,113635,
1715,Timothy Rodriguez,44.0,Male,Bachelor's,Customer Support,Product Manager,6.0,5.0,No,Office,Ghaziabad,Medium,Married,5.0,79.0,0,No,70003,140324,
1931,Joseph Garcia,22.0,Male,Master's,Legal,Marketing Manager,2.0,2.0,No,Office,Jaipur,Large,Single,2.0,84.0,0,No,162151,122888,
3890,Leslie Edwards,53.0,Male,Bachelor's,Research,Software Engineer,8.0,,No,Hybrid,Pune,Large,Married,7.0,99.0,0,No,171147,141621,
2958,Teresa Williams,36.0,Female,PhD,,Data Scientist,9.0,4.0,Yes,Remote,Pune,Medium,Married,1.0,81.0,0,No,47672,171770,
246,Francisco Martinez,28.0,Male,Diploma,IT,Cyber Security Analyst,7.0,2.0,No,Hybrid,Kolkata,Large,Single,9.0,68.0,4,No,48054,122585,
1654,Brent Hartman,58.0,Female,Diploma,Operations,Sales Manager,22.0,5.0,No,Hybrid,Ghaziabad,Medium,Single,8.0,51.0,5,No,140885,147749,
1132,Michael Palmer,43.0,Female,Diploma,Customer Support,Cyber Security Analyst,15.0,2.0,No,Office,Hyderabad,Enterprise,Married,9.0,92.0,1,No,87891,155736,
2416,Brian Jones,48.0,Female,Bachelor's,Research,Product Manager,14.0,2.0,No,Office,Bangalore,Large,Single,9.0,100.0,6,No,199054,169311,
249,Jordan Lara,60.0,Male,PhD,Administration,Project Manager,32.0,2.0,No,Office,Mumbai,Medium,Married,7.0,94.0,13,No,125982,242384,
899,Thomas Pitts,45.0,Female,Bachelor's,Finance,Business Analyst,3.0,3.0,No,Office,Delhi,Enterprise,Married,2.0,93.0,3,No,89702,118878,
1143,Jonathan Douglas,57.0,Female,Bachelor's,Research,Marketing Manager,19.0,2.0,Yes,Hybrid,Gurgaon,Large,Single,10.0,49.0,0,No,179749,166659,
4355,Jacob Clark,41.0,Female,Diploma,Administration,Cloud Engineer,5.0,3.0,No,Office,Mumbai,Startup,Single,2.0,90.0,5,No,68239,110292,
4595,Sarah Johnson,23.0,Male,Master's,IT,HR Manager,0.0,,Yes,Office,Kolkata,Startup,Divorced,10.0,66.0,0,No,45919,114884,
339,Jack Boone,42.0,Female,,Legal,Data Scientist,11.0,1.0,No,Office,Gurgaon,Startup,Divorced,7.0,45.0,4,No,185847,148319,
2136,Patrick Weber,41.0,Female,High School,Legal,Cyber Security Analyst,13.0,4.0,Yes,Hybrid,Faridabad,Large,Single,7.0,84.0,13,No,23943,153831,
4549,James Horton,51.0,Male,High School,IT,Software Engineer,27.0,4.0,No,,Kolkata,Medium,Married,0.0,60.0,7,No,123486,134094,
866,Michael Hicks,50.0,Female,Diploma,Customer Support,Sales Manager,30.0,3.0,No,Office,Bangalore,Medium,Married,8.0,54.0,19,Yes,25833,166593,
1774,Bryan Deleon,27.0,Female,High School,Research,Sales Executive,4.0,4.0,No,Office,Ahmedabad,Startup,Married,3.0,80.0,3,No,153783,80747,
2250,Cynthia Walker,42.0,Female,PhD,Finance,Data Scientist,15.0,2.0,Yes,Hybrid,Kolkata,Large,Married,3.0,98.0,9,No,30818,192510,
2254,Christine Martinez,24.0,Male,Diploma,IT,HR Manager,4.0,,Yes,Office,Hyderabad,Medium,Married,1.0,71.0,4,No,80796,105773,
3010,Karen Bush,51.0,Male,Master's,Administration,Sales Executive,18.0,1.0,No,Office,Ahmedabad,Large,Single,6.0,98.0,12,No,152067,158955,
351,Christina Fritz,46.0,Male,Master's,Sales,Project Manager,15.0,4.0,No,Hybrid,Delhi,Startup,Married,6.0,99.0,0,Yes,107508,184277,
731,Michelle Rivas,23.0,Female,Bachelor's,Legal,Product Manager,2.0,3.0,No,Office,Jaipur,Medium,Single,8.0,50.0,2,No,45530,121334,
2287,Taylor Fisher,60.0,Female,Diploma,Research,Accountant,23.0,4.0,Yes,Hybrid,Delhi,Enterprise,Single,1.0,67.0,11,No,40601,166829,
711,Beth Werner,,Male,PhD,Marketing,Backend Developer,2.0,3.0,Yes,Remote,Jaipur,Medium,Married,3.0,54.0,1,No,57869,137935,
2733,Kathryn Miller,51.0,Male,Bachelor's,Marketing,ML Engineer,29.0,1.0,Yes,,Faridabad,Medium,Single,9.0,56.0,9,Yes,83840,207703,
1755,Andrew Sanchez,47.0,Male,PhD,Legal,Data Scientist,17.0,3.0,Yes,Hybrid,Indore,Large,Single,7.0,70.0,10,No,178587,210560,
2668,Melissa Martin,55.0,Male,Master's,Marketing,Marketing Manager,23.0,5.0,No,Office,Jaipur,Startup,Single,3.0,,8,No,23985,177643,
775,Benjamin Becker,42.0,Female,Bachelor's,Operations,Cloud Engineer,2.0,5.0,No,Office,Bangalore,Large,Single,1.0,71.0,2,No,185024,123227,
865,Alexander Griffith,,Female,Diploma,Finance,Business Analyst,13.0,5.0,No,Remote,Mumbai,Enterprise,Married,4.0,84.0,5,Yes,148788,163468,
39,Patricia Robinson,58.0,Female,,HR,Product Manager,33.0,3.0,Yes,Hybrid,Mumbai,Medium,Married,6.0,81.0,18,No,123196,230748,
962,Tanya Dixon,59.0,Male,Master's,Research,HR Manager,11.0,3.0,No,Office,Noida,Medium,Married,2.0,52.0,3,Yes,119837,137868,
2391,Timothy Jackson Jr.,24.0,Female,Diploma,Legal,Accountant,4.0,,Yes,Office,Lucknow,Large,Married,7.0,93.0,0,Yes,46920,115519,
1230,Justin Romero,26.0,Female,Bachelor's,Administration,Data Scientist,3.0,5.0,Yes,Office,Gurgaon,Enterprise,Single,9.0,67.0,3,No,89468,151928,
1760,Sarah Webster,24.0,Female,Bachelor's,HR,Marketing Executive,2.0,4.0,No,Remote,Mumbai,Startup,Single,7.0,74.0,1,No,503379,291003,
2068,Margaret Short,21.0,Female,Bachelor's,Customer Support,Marketing Executive,0.0,4.0,No,,Hyderabad,Medium,Single,1.0,83.0,0,Yes,180944,99132,
3162,Michael Poole,40.0,Male,Master's,Finance,Data Analyst,17.0,5.0,No,Remote,Lucknow,Startup,Single,9.0,70.0,1,No,65182,153585,
3610,Elizabeth Smith,33.0,Male,Bachelor's,Sales,Frontend Developer,7.0,1.0,Yes,,Ghaziabad,Large,Single,7.0,80.0,6,No,81168,120626,
4721,Kimberly Stewart,30.0,Male,Diploma,Sales,Data Engineer,7.0,3.0,Yes,Remote,Lucknow,Large,Single,10.0,50.0,6,No,140101,130305,
2637,Alexis Torres,54.0,Male,Bachelor's,Administration,Software Engineer,30.0,2.0,No,Office,Chennai,Enterprise,Married,10.0,43.0,0,Yes,26960,205624,
1275,Helen Garcia,29.0,Female,Diploma,Legal,Network Engineer,2.0,5.0,No,Remote,Jaipur,Large,Single,1.0,94.0,0,No,99870,108515,
3738,William Nash,42.0,Female,Bachelor's,Marketing,HR Manager,,1.0,No,Remote,Pune,Large,Single,4.0,87.0,8,Yes,442476,373893,
4625,Taylor Norman,60.0,Male,Master's,,Marketing Manager,0.0,2.0,No,Office,Bangalore,Large,Single,8.0,80.0,0,No,73410,121108,
1673,Scott Robinson,53.0,Male,Bachelor's,Research,Software Engineer,33.0,5.0,No,Hybrid,Delhi,Startup,Single,10.0,64.0,4,No,151098,198372,
341,Angela White,53.0,Female,Diploma,IT,Data Analyst,20.0,,No,Remote,Ahmedabad,Large,Single,7.0,47.0,11,Yes,44918,138948,
2427,William Arnold,49.0,Male,Diploma,Marketing,Finance Analyst,27.0,5.0,No,Office,Bangalore,Startup,Married,8.0,70.0,15,Yes,28718,155555,
1876,Lindsey Hayes,21.0,Male,High School,IT,Data Scientist,1.0,3.0,No,Hybrid,Delhi,Enterprise,Single,0.0,40.0,1,Yes,121107,116747,
2598,Kathleen Kemp,47.0,Female,Diploma,IT,Cloud Engineer,23.0,1.0,Yes,Remote,Noida,Large,Single,7.0,89.0,14,No,107010,185830,
4469,Eric Blevins,46.0,Male,Master's,Legal,Cyber Security Analyst,3.0,5.0,Yes,Hybrid,Hyderabad,Startup,Single,10.0,96.0,1,Yes,131071,156117,
1754,Brandon Lutz,,Male,Bachelor's,,Business Analyst,5.0,3.0,Yes,Office,Ahmedabad,Large,Married,10.0,92.0,4,No,149826,130683,
4518,Tracy Ramos,31.0,Male,Diploma,,Product Manager,6.0,2.0,No,Office,Noida,Startup,Married,7.0,79.0,0,Yes,126541,137521,
3480,Kenneth Suarez,35.0,Female,Master's,HR,Cloud Engineer,4.0,2.0,No,Office,Mumbai,Startup,Married,1.0,54.0,4,No,165933,114869,
2448,Matthew Rice,46.0,Male,Bachelor's,Administration,Project Manager,10.0,2.0,Yes,Office,Kolkata,Large,Single,5.0,82.0,7,No,88105,149276,
1699,Rachel Nguyen,60.0,Male,Bachelor's,,Finance Analyst,21.0,4.0,Yes,Remote,Ahmedabad,Medium,Single,5.0,,6,No,77083,173547,
1575,Melanie Page,40.0,Male,Diploma,Legal,Sales Executive,12.0,3.0,Yes,,Jaipur,Medium,Single,3.0,83.0,3,No,38980,114644,
2218,Kyle Stewart,30.0,Male,Bachelor's,Operations,Frontend Developer,5.0,3.0,Yes,Remote,Faridabad,Enterprise,Married,1.0,95.0,4,No,166713,129990,
4679,Toni Thomas,52.0,Male,Bachelor's,HR,Frontend Developer,25.0,1.0,No,Remote,Hyderabad,Enterprise,Single,6.0,,2,No,122205,176203,
1416,Bonnie Andersen,,Female,Bachelor's,Marketing,Sales Executive,1.0,4.0,Yes,Hybrid,Chennai,Startup,Single,1.0,58.0,1,Yes,190829,96521,
4106,Holly Murphy,41.0,Male,Bachelor's,HR,Data Scientist,21.0,4.0,Yes,Office,Kolkata,Large,Single,3.0,51.0,20,No,30161,184076,
4383,Daniel Steele,29.0,Female,Master's,Sales,Full Stack Developer,0.0,4.0,No,,Ahmedabad,Startup,Married,9.0,67.0,0,Yes,189098,129638,
4626,Matthew Brown,38.0,Male,Bachelor's,IT,Network Engineer,17.0,5.0,No,,Gurgaon,Medium,Married,8.0,51.0,1,No,146262,156265,
4966,Kenneth George,42.0,Female,Bachelor's,Finance,HR Manager,3.0,5.0,Yes,Office,Chennai,Medium,Single,4.0,45.0,2,No,126692,103007,
2094,George Hayden,37.0,Male,Master's,IT,QA Engineer,9.0,3.0,No,Office,Gurgaon,Enterprise,Single,10.0,79.0,3,No,190583,149488,
4357,Donald Sanchez,50.0,Female,Bachelor's,Research,Cloud Engineer,28.0,2.0,Yes,Hybrid,Jaipur,Startup,Married,5.0,71.0,10,No,192580,188158,
3671,Jonathan Smith,40.0,Male,Bachelor's,HR,QA Engineer,4.0,1.0,No,Office,Kolkata,Medium,Single,0.0,41.0,1,No,138730,85574,
2689,Jacob Stephens,25.0,Female,Diploma,Research,Project Manager,3.0,1.0,No,Office,Chennai,Enterprise,Married,3.0,47.0,1,No,150370,115361,
723,Kevin Cook,24.0,Male,PhD,Legal,DevOps Engineer,1.0,2.0,No,Office,Kolkata,Startup,Single,2.0,53.0,0,Yes,26641,136208,
115,Kevin Trevino,,Female,Bachelor's,Sales,Database Administrator,4.0,4.0,No,Office,Jaipur,Medium,Married,,68.0,3,No,137407,103945,
334,Matthew Reese,42.0,Female,,Operations,Sales Executive,17.0,3.0,Yes,Hybrid,Gurgaon,Medium,Married,10.0,76.0,15,No,129636,154759,
1979,Lance Martinez,32.0,Female,Bachelor's,HR,HR Executive,10.0,1.0,No,Office,Ghaziabad,Medium,Single,8.0,93.0,2,No,77344,96668,
219,Mr. Andrew Patel,42.0,Male,Bachelor's,Finance,Sales Manager,15.0,1.0,No,Hybrid,Gurgaon,Enterprise,Married,2.0,50.0,4,No,54872,134601,
791,Amanda Butler,51.0,Female,Bachelor's,Legal,Accountant,31.0,2.0,Yes,Hybrid,Jaipur,Large,Single,8.0,100.0,0,Yes,111005,197365,
3139,Matthew Price,34.0,Male,Master's,Finance,Cyber Security Analyst,5.0,1.0,No,Remote,Gurgaon,Medium,Married,3.0,69.0,5,No,177066,120827,
1567,Bill Ramirez,56.0,Male,Master's,Operations,Data Scientist,30.0,2.0,Yes,Office,Kolkata,Medium,Single,,,20,No,134210,218754,
1457,Sarah Pennington,47.0,Female,Bachelor's,Research,Cyber Security Analyst,16.0,,No,Office,Gurgaon,Startup,Married,6.0,64.0,14,No,61163,135114,
4806,Nicholas Cook,24.0,Male,Master's,HR,Cyber Security Analyst,0.0,2.0,No,Hybrid,Bangalore,Enterprise,Married,8.0,53.0,0,No,136764,127552,
3025,Christopher Ramsey,58.0,Female,Bachelor's,HR,Marketing Executive,24.0,2.0,No,Remote,Gurgaon,Startup,Married,6.0,47.0,4,No,89546,149653,
4992,Erika Thompson,45.0,Female,Diploma,IT,Data Engineer,16.0,5.0,No,Office,Delhi,Startup,Single,8.0,70.0,9,No,27370,149315,
297,Brandon Hicks,,Female,Master's,Administration,DevOps Engineer,13.0,1.0,No,Remote,Hyderabad,Startup,Single,6.0,67.0,11,No,154034,142124,
1242,Cory Lopez,58.0,Female,Master's,Legal,Finance Analyst,14.0,5.0,No,Hybrid,Ahmedabad,Large,Married,7.0,49.0,8,Yes,73866,159051,
2291,Benjamin Smith,40.0,Male,,Legal,QA Engineer,2.0,2.0,No,,Pune,Large,Married,5.0,99.0,2,No,167953,104159,
4356,Megan Snyder,57.0,Male,Diploma,Finance,Frontend Developer,25.0,5.0,Yes,Hybrid,Gurgaon,Medium,Married,5.0,51.0,6,No,41253,160904,
4313,Erin King,21.0,Male,Bachelor's,Legal,Cyber Security Analyst,0.0,1.0,No,Hybrid,Indore,Large,Married,6.0,55.0,0,No,44825,101292,
1898,Jonathan Rogers,52.0,Female,Bachelor's,HR,Business Analyst,6.0,4.0,Yes,Remote,Mumbai,Large,Married,2.0,81.0,1,No,513540,369486,
4479,Vincent Peck,21.0,Male,PhD,IT,Business Analyst,0.0,4.0,No,Office,Indore,Medium,Single,2.0,64.0,0,Yes,119634,139459,
1115,Kelly Edwards MD,31.0,Female,High School,Research,Sales Executive,1.0,5.0,No,Hybrid,Kolkata,Large,Married,6.0,79.0,0,No,72158,89729,
3577,Casey Morgan,47.0,Female,High School,Administration,Frontend Developer,6.0,3.0,Yes,Office,Pune,Enterprise,Single,5.0,78.0,3,No,156969,119096,
2607,Sarah Brooks,43.0,Male,Bachelor's,Operations,QA Engineer,20.0,3.0,No,Hybrid,Lucknow,Medium,Single,2.0,72.0,14,Yes,164671,143852,
420,Susan Logan,22.0,Male,,Customer Support,Data Engineer,0.0,5.0,No,Hybrid,Bangalore,Startup,Married,2.0,71.0,0,No,174099,120377,
539,Raymond Carr,39.0,Male,Master's,IT,Finance Analyst,11.0,4.0,No,Office,Hyderabad,Large,Single,10.0,60.0,4,Yes,106593,155760,
2688,Andrea Jacobson,56.0,Female,Bachelor's,IT,Marketing Manager,3.0,1.0,No,Hybrid,Gurgaon,Startup,Married,1.0,65.0,0,No,196025,92529,
1123,Melissa Smith,59.0,Male,High School,Customer Support,Project Manager,20.0,4.0,Yes,Remote,Gurgaon,Enterprise,Married,8.0,97.0,14,Yes,78414,190694,
2302,Nicole Robinson,52.0,Male,Master's,HR,Data Scientist,32.0,5.0,Yes,Hybrid,Noida,Medium,Married,9.0,97.0,2,Yes,75499,258564,
1905,Kyle Aguilar,41.0,Male,Master's,Sales,Marketing Executive,8.0,5.0,Yes,Remote,Noida,Large,Married,6.0,86.0,0,No,51619,147428,
41,Seth Hogan,24.0,Male,Master's,HR,Finance Analyst,0.0,3.0,No,Office,Chennai,Startup,Single,0.0,44.0,0,No,169849,87419,
3754,Larry Kelly,27.0,Male,Bachelor's,Administration,Database Administrator,1.0,,Yes,,Ghaziabad,Startup,Married,0.0,76.0,1,No,188612,96689,
2135,Rachel Perry,46.0,Female,Bachelor's,Research,Backend Developer,5.0,,Yes,Hybrid,Ghaziabad,Startup,Single,2.0,86.0,5,No,50135,112719,
234,Shelby Walker,47.0,Male,Diploma,Research,Frontend Developer,20.0,3.0,Yes,Remote,Indore,Large,Married,4.0,69.0,13,No,148308,155199,
4103,Lauren Wilson,49.0,Female,High School,HR,Marketing Executive,29.0,3.0,No,Hybrid,Faridabad,Enterprise,Married,7.0,86.0,15,No,172917,163332,
2913,Peter Williams,42.0,Female,Master's,Finance,Frontend Developer,15.0,5.0,No,Office,Mumbai,Large,Married,6.0,58.0,7,No,195061,158614,
443,Jill Pitts,26.0,Male,,Sales,QA Engineer,5.0,3.0,Yes,Hybrid,Hyderabad,Medium,Single,0.0,52.0,1,No,147159,98429,
666,Erica Morgan,40.0,Female,Master's,Customer Support,Data Analyst,10.0,1.0,Yes,Hybrid,Delhi,Large,Married,7.0,,4,No,58886,140900,
4583,Brittney Diaz,47.0,Male,Master's,Finance,Accountant,5.0,4.0,Yes,Remote,Faridabad,Large,Married,8.0,91.0,0,No,123308,131203,
2343,Sara Garcia,46.0,Female,Bachelor's,Customer Support,DevOps Engineer,22.0,2.0,No,Office,Hyderabad,Enterprise,Single,0.0,62.0,5,No,172900,180939,
1064,Elizabeth Moran,41.0,Female,Bachelor's,Legal,Cloud Engineer,17.0,3.0,No,Remote,Hyderabad,Enterprise,Single,6.0,43.0,1,Yes,30270,179692,
691,Joseph Page,34.0,Female,Bachelor's,Operations,DevOps Engineer,5.0,1.0,No,Remote,Noida,Enterprise,Single,7.0,53.0,1,No,94944,125085,
3700,Alexis Daniels,24.0,Male,Master's,Administration,Backend Developer,3.0,2.0,No,Office,Chennai,Startup,Married,9.0,52.0,3,No,25586,110822,
325,Kayla Holloway,21.0,Female,Bachelor's,,ML Engineer,0.0,2.0,Yes,Hybrid,Faridabad,Large,Single,,49.0,0,No,156873,112786,
1286,Lisa Torres,53.0,Male,Bachelor's,IT,ML Engineer,13.0,2.0,Yes,Hybrid,Faridabad,Large,Divorced,10.0,80.0,13,Yes,28048,185092,
2788,Donna Glass,39.0,Male,Diploma,Sales,Database Administrator,14.0,2.0,Yes,Office,Ahmedabad,Enterprise,Single,0.0,58.0,5,Yes,27166,143077,
4171,Kayla Lee,27.0,Male,,HR,Marketing Manager,2.0,2.0,Yes,Office,Kolkata,Medium,Single,5.0,76.0,1,No,113251,113566,
1112,Jeremy Lane,34.0,Female,Bachelor's,Finance,Data Analyst,8.0,1.0,No,Office,Bangalore,Medium,Married,7.0,85.0,1,No,140162,109612,
113,Thomas Johnson,32.0,Female,Bachelor's,Finance,Marketing Manager,0.0,,No,Remote,Hyderabad,Medium,Single,4.0,74.0,0,Yes,40609,111283,
1141,Dan Davila,25.0,Female,Bachelor's,Marketing,Software Engineer,,4.0,No,,Ahmedabad,Startup,Married,5.0,74.0,5,No,67941,110216,
3732,Molly Kim,59.0,Male,Diploma,Research,ML Engineer,19.0,1.0,Yes,Hybrid,Indore,Large,Single,3.0,64.0,12,No,92616,157841,
3562,Jennifer Lewis,49.0,Female,Master's,IT,Frontend Developer,3.0,1.0,No,Hybrid,Ghaziabad,Medium,Married,10.0,51.0,2,No,193204,108405,
84,Amber Lewis,58.0,Female,Diploma,IT,Network Engineer,14.0,4.0,No,Hybrid,Kolkata,Enterprise,Single,0.0,68.0,4,Yes,102970,153011,
2454,Robert Castro,27.0,Male,High School,HR,Finance Analyst,,,Yes,,Pune,Large,Single,1.0,84.0,2,Yes,62440,109394,
3692,John Cruz,21.0,Male,,Administration,Full Stack Developer,1.0,5.0,No,Office,Kolkata,Large,Single,4.0,42.0,1,No,131105,113831,
1844,Tiffany Odonnell,35.0,Male,High School,Finance,Frontend Developer,12.0,3.0,No,Office,Noida,Large,Single,0.0,81.0,12,No,171071,115265,
3918,Diana Sawyer,54.0,Female,Diploma,IT,Data Engineer,18.0,4.0,No,Office,Pune,Large,Married,7.0,51.0,6,No,78299,156990,
751,Kyle Smith,37.0,Male,Master's,Marketing,Software Engineer,6.0,1.0,No,Remote,Ghaziabad,Startup,Married,2.0,83.0,2,No,76630,103108,
3541,Barbara Wilson,51.0,Male,Bachelor's,Finance,Marketing Manager,7.0,1.0,Yes,Hybrid,Hyderabad,Medium,Divorced,4.0,67.0,7,Yes,152877,126703,
1793,Donna Johnson,26.0,Male,Bachelor's,Research,Frontend Developer,2.0,4.0,No,Remote,Indore,Medium,Married,3.0,55.0,2,No,116515,90896,
1951,Lisa Shaw,33.0,Male,Master's,Administration,Data Analyst,9.0,3.0,No,Hybrid,Jaipur,Medium,Married,8.0,81.0,4,Yes,50558,140594,
149,Jared Arroyo,42.0,Male,Diploma,Finance,Frontend Developer,15.0,,No,Remote,Ahmedabad,Enterprise,Married,10.0,99.0,6,No,98610,155437,
2210,Anna Morgan,28.0,Female,Master's,HR,Project Manager,3.0,5.0,No,Hybrid,Ahmedabad,Large,Married,6.0,46.0,3,No,95104,143612,
2055,Kevin Smith,34.0,Male,Diploma,,Data Engineer,6.0,4.0,No,Hybrid,Bangalore,Startup,Married,2.0,80.0,4,No,182862,115985,
621,Lisa Combs,57.0,Female,Bachelor's,IT,Product Manager,3.0,4.0,Yes,Office,Bangalore,Large,Married,9.0,80.0,3,No,198219,152364,
4123,Aaron Lee,48.0,Male,Master's,Administration,Accountant,10.0,4.0,No,Hybrid,Gurgaon,Medium,Single,0.0,53.0,3,No,199815,120974,
4392,Francisco Rios DDS,58.0,Male,Master's,HR,Full Stack Developer,,5.0,Yes,Remote,Noida,Medium,Single,0.0,62.0,9,Yes,43247,215615,
4991,Daniel Mercado,43.0,Male,Master's,HR,ML Engineer,0.0,,Yes,Hybrid,Chennai,Startup,Married,,69.0,0,No,117965,117683,
3343,Eric Baker,44.0,Male,Diploma,Operations,Cyber Security Analyst,24.0,5.0,No,Hybrid,Faridabad,Startup,Single,9.0,59.0,20,No,192468,177666,
502,Kristen Olsen,48.0,Female,Bachelor's,Sales,Backend Developer,28.0,5.0,Yes,Office,Noida,Medium,Married,,93.0,0,No,79155,187667,
4777,Rodney Frank,42.0,Male,Diploma,Research,Frontend Developer,3.0,5.0,No,Office,Kolkata,Medium,Single,0.0,82.0,1,Yes,29073,106053,
2651,Destiny Moore,39.0,Female,Bachelor's,Research,Sales Manager,2.0,2.0,No,Office,Pune,Medium,Single,2.0,84.0,0,No,54825,91959,
4445,Jonathan Sanchez,21.0,Male,Master's,Legal,Marketing Executive,1.0,2.0,No,Office,Lucknow,Medium,Single,9.0,74.0,0,Yes,82637,116647,
580,Megan Dennis,28.0,Female,Diploma,Customer Support,Marketing Executive,2.0,2.0,No,Remote,Chennai,Medium,Married,2.0,46.0,2,No,66665,69703,
4042,Jason Mccarty,37.0,Male,Bachelor's,Research,ML Engineer,6.0,4.0,No,Office,Gurgaon,Medium,Single,7.0,,2,No,194242,142455,
3158,Alexandra Cole,,Female,Bachelor's,,Sales Manager,0.0,4.0,No,Office,Faridabad,Medium,Married,7.0,94.0,0,No,139117,104458,
4453,William Medina,21.0,Male,High School,Research,Accountant,0.0,5.0,No,Hybrid,Gurgaon,Startup,Married,6.0,74.0,0,No,31726,72528,
1156,Warren Dunn,59.0,Female,Bachelor's,Finance,HR Executive,35.0,5.0,No,Office,Kolkata,Large,Married,4.0,72.0,20,Yes,144826,195781,
4331,Timothy Castillo,54.0,Female,High School,,Project Manager,,4.0,No,Remote,Indore,Large,Married,7.0,90.0,6,No,86635,196340,
1144,Robin Baker,39.0,Male,Bachelor's,Research,Data Scientist,18.0,2.0,Yes,Hybrid,Hyderabad,Medium,Single,2.0,50.0,7,Yes,102865,173287,
3600,Taylor Allen,23.0,Male,High School,Legal,Marketing Manager,1.0,3.0,Yes,Office,Gurgaon,Medium,Married,8.0,92.0,1,No,158827,102944,
1763,Robert Johnston,24.0,Female,Diploma,Legal,Backend Developer,1.0,2.0,Yes,Office,Bangalore,Startup,Married,10.0,45.0,1,Yes,62232,98687,
3654,Matthew Hall,40.0,Male,Diploma,Research,Business Analyst,3.0,2.0,Yes,Office,Faridabad,Medium,Single,10.0,59.0,2,No,25414,104220,
2543,James Miller,48.0,Female,Bachelor's,Marketing,Finance Analyst,17.0,5.0,Yes,Remote,Lucknow,Enterprise,Married,0.0,79.0,14,No,36159,158151,
1853,Michael Miller,30.0,Male,High School,IT,Project Manager,5.0,3.0,No,Remote,Pune,Large,Single,3.0,48.0,4,No,110685,116653,
1572,Lisa Smith,39.0,Female,Master's,Research,Database Administrator,3.0,4.0,Yes,Hybrid,Kolkata,Large,Married,4.0,93.0,3,No,154130,139501,
979,Taylor Davidson,27.0,Female,Master's,Administration,QA Engineer,6.0,2.0,No,Office,Lucknow,Enterprise,Married,3.0,88.0,2,No,137309,130714,
4967,Shelly Chapman,60.0,Female,Bachelor's,Legal,HR Executive,0.0,3.0,No,Office,Mumbai,Medium,Married,1.0,85.0,0,No,190440,74380,
4667,Nicole Norris,58.0,Male,Master's,HR,Finance Analyst,9.0,1.0,Yes,Hybrid,Kolkata,Large,Single,,,0,No,160953,146684,
3272,John Cortez,35.0,Male,Bachelor's,Marketing,HR Executive,4.0,2.0,No,Hybrid,Mumbai,Medium,Single,1.0,93.0,4,No,54087,84156,
2744,Ryan Perry,49.0,Male,Bachelor's,Customer Support,DevOps Engineer,25.0,4.0,No,Office,Chennai,Large,Single,1.0,,13,No,63568,174207,
3759,Michelle Morales,39.0,Female,Bachelor's,Finance,Finance Analyst,4.0,3.0,Yes,Office,Delhi,Large,Single,4.0,100.0,0,No,189612,122184,
1973,Shawn Graham,35.0,Female,Diploma,,HR Executive,,3.0,No,Remote,Lucknow,Large,Single,9.0,97.0,0,Yes,22294,92588,
1178,Allen Mcbride,41.0,Female,Bachelor's,Finance,Software Engineer,2.0,3.0,Yes,Office,Indore,Large,Divorced,3.0,78.0,0,No,90875,114607,
4912,Jennifer Chapman,46.0,Female,Bachelor's,Finance,Database Administrator,2.0,4.0,No,Office,Pune,Startup,Single,9.0,72.0,2,No,173076,105657,
2498,Renee Joseph,21.0,Female,Bachelor's,IT,Data Scientist,1.0,4.0,No,Remote,Kolkata,Large,Single,6.0,77.0,1,Yes,128507,138197,
2682,Michelle Noble,51.0,Male,Master's,,Accountant,26.0,1.0,No,Remote,Hyderabad,Large,Single,6.0,82.0,10,No,23513,160636,
2548,Heather Mcgee,34.0,Female,Bachelor's,Administration,Data Analyst,8.0,5.0,No,Remote,Chennai,Large,Married,8.0,75.0,2,No,159279,126533,
3548,Brenda Bentley,,Female,Bachelor's,IT,Network Engineer,1.0,3.0,No,Office,Pune,Startup,Single,0.0,97.0,1,Yes,40544,105955,
3027,Jeremy Murphy,28.0,Male,Diploma,Administration,Business Analyst,6.0,1.0,No,Office,Jaipur,Medium,Single,4.0,81.0,4,Yes,103996,102438,
1903,Mckenzie Gonzalez,35.0,Female,Bachelor's,Administration,Accountant,10.0,4.0,No,Hybrid,Delhi,Medium,Married,0.0,49.0,0,No,93088,94701,
1070,Joseph Obrien,58.0,Male,Master's,Sales,DevOps Engineer,24.0,4.0,Yes,Office,Delhi,Enterprise,Single,4.0,68.0,17,No,179697,199438,
3167,Kimberly Esparza,29.0,Male,Master's,Customer Support,Data Scientist,9.0,2.0,No,Hybrid,Ghaziabad,Large,Married,8.0,59.0,8,No,74702,153638,
4267,Tracy Clayton,54.0,Female,Bachelor's,IT,Sales Manager,0.0,5.0,Yes,Office,Noida,Enterprise,Married,7.0,40.0,0,No,151245,119591,
4862,James James,23.0,Male,Bachelor's,Marketing,Software Engineer,0.0,3.0,No,Office,Lucknow,Enterprise,Single,2.0,85.0,0,No,164911,109348,
4872,Tracy Hamilton,26.0,Male,Bachelor's,Marketing,Accountant,5.0,1.0,No,Hybrid,Jaipur,Large,Married,0.0,,5,Yes,31822,100607,
2566,Jenna Gonzalez,41.0,Female,Master's,Legal,Software Engineer,13.0,1.0,Yes,Remote,Indore,Medium,Married,8.0,54.0,4,No,70822,137710,
4430,Danielle Hill,56.0,Female,Bachelor's,Research,Sales Executive,10.0,4.0,No,Office,Mumbai,Medium,Single,,63.0,4,Yes,195250,122018,
3112,Julie Page,56.0,Female,PhD,HR,Marketing Manager,5.0,4.0,No,Office,Gurgaon,Enterprise,Single,3.0,55.0,3,Yes,32862,168791,
1074,Tommy Irwin,30.0,Female,Master's,Finance,Database Administrator,6.0,2.0,Yes,Remote,Chennai,Startup,Single,9.0,,0,Yes,94453,140940,
3105,Amy Fields,40.0,Female,Bachelor's,Research,HR Executive,3.0,4.0,Yes,Hybrid,Lucknow,Startup,Married,8.0,82.0,3,Yes,96636,107691,
1077,Crystal Turner,32.0,Female,,Sales,Data Analyst,5.0,5.0,Yes,Remote,Indore,Large,Single,8.0,53.0,4,No,161791,133865,
1736,Sabrina Kim,35.0,Female,Diploma,Research,Finance Analyst,5.0,2.0,No,,Ghaziabad,Large,Single,10.0,68.0,3,Yes,80484,119734,
2255,Joseph Goodwin,33.0,Female,Bachelor's,Operations,Project Manager,6.0,3.0,Yes,Remote,Pune,Enterprise,Married,1.0,59.0,4,No,146853,145485,
4480,Jordan Martin,24.0,Male,Bachelor's,IT,Finance Analyst,4.0,4.0,No,Office,Gurgaon,Large,Divorced,8.0,75.0,3,No,70036,114895,
306,Tyler Woods,59.0,Male,Bachelor's,Legal,Finance Analyst,20.0,5.0,No,Hybrid,Noida,Medium,Single,1.0,64.0,12,No,20731,137329,
3233,Peter Hudson,42.0,Female,Master's,Sales,Sales Executive,17.0,1.0,Yes,,Ghaziabad,Startup,Single,6.0,52.0,15,No,71421,136306,
4019,Nicole Burke,45.0,Female,High School,Legal,Database Administrator,22.0,3.0,Yes,Office,Hyderabad,Large,Single,10.0,93.0,15,Yes,140578,192724,
1839,Alexis Stone,60.0,Male,High School,Operations,Product Manager,35.0,1.0,No,Remote,Hyderabad,Medium,Single,3.0,79.0,10,No,107174,207965,
4926,Damon Hawkins,51.0,Female,Bachelor's,Legal,Frontend Developer,18.0,2.0,No,Hybrid,Chennai,Startup,Married,2.0,65.0,1,No,404157,349443,
3711,Jennifer Miller,44.0,Male,Bachelor's,,Marketing Executive,18.0,3.0,No,Office,Bangalore,Medium,Married,2.0,47.0,15,No,101622,128118,
2033,Amanda Barnes,53.0,Male,Bachelor's,HR,Data Scientist,7.0,5.0,No,Office,Kolkata,Large,Married,6.0,61.0,2,Yes,100831,157500,
1564,Kevin Smith,24.0,Male,Bachelor's,Operations,HR Manager,2.0,3.0,No,Hybrid,Faridabad,Large,Married,4.0,75.0,1,No,196851,103278,
3231,Matthew Oneal,26.0,Male,Diploma,Research,Database Administrator,3.0,4.0,No,Office,Faridabad,Enterprise,Married,5.0,66.0,1,No,164483,117326,
4870,Derek Mckinney,42.0,Male,Bachelor's,Finance,Cloud Engineer,22.0,1.0,No,Office,Hyderabad,Medium,Married,7.0,71.0,11,No,171810,158119,
4495,Jessica Morgan,44.0,Male,Master's,HR,Accountant,10.0,5.0,Yes,Office,Hyderabad,Large,Single,5.0,69.0,9,No,101797,145922,
3907,Mitchell Adkins,50.0,Female,Bachelor's,,Database Administrator,14.0,2.0,No,Office,Hyderabad,Startup,Married,8.0,78.0,4,No,40694,133963,
3516,Michael Martin,30.0,Female,Bachelor's,IT,Data Scientist,6.0,5.0,No,Hybrid,Indore,Startup,Married,8.0,79.0,4,Yes,20099,145273,
4660,Samuel Charles,21.0,Male,Diploma,Research,Backend Developer,1.0,1.0,No,Office,Faridabad,Enterprise,Single,4.0,71.0,1,No,154408,100845,
1548,Brian Allen,52.0,Female,Master's,IT,HR Executive,15.0,4.0,Yes,Hybrid,Mumbai,Large,Single,0.0,86.0,7,No,122733,141767,
1445,Mrs. Elizabeth Howard MD,45.0,Male,High School,Administration,Marketing Executive,13.0,,No,,Mumbai,Startup,Married,4.0,52.0,7,No,74822,95044,
1191,William Hernandez,45.0,Female,High School,Finance,Cloud Engineer,9.0,5.0,Yes,Hybrid,Ghaziabad,Large,Married,5.0,70.0,0,Yes,196543,158532,
2299,Brenda Salazar,30.0,Male,Diploma,Administration,Finance Analyst,6.0,5.0,Yes,Hybrid,Jaipur,Medium,Married,4.0,92.0,0,No,65241,113543,
2294,Gabriella Davis,,Male,Master's,Sales,Data Scientist,0.0,1.0,No,Hybrid,Lucknow,Startup,Single,6.0,42.0,0,Yes,198694,122595,
2466,Jason Jarvis,32.0,Female,High School,HR,Network Engineer,6.0,5.0,No,Hybrid,Hyderabad,Medium,Married,4.0,,4,No,444171,317304,
2304,Julie Boyle,40.0,Male,Bachelor's,Operations,Full Stack Developer,5.0,4.0,No,Office,Chennai,Large,Married,4.0,99.0,3,No,181696,130849,
412,Nicholas Sims,41.0,Male,PhD,Operations,Sales Executive,9.0,4.0,No,Office,Hyderabad,Medium,Single,7.0,48.0,8,No,97924,139848,
4768,David Moore,36.0,Female,Master's,Operations,Finance Analyst,12.0,3.0,Yes,Hybrid,Hyderabad,Startup,Single,2.0,94.0,7,No,53499,140817,
845,Kathleen Lamb,59.0,Male,Bachelor's,Operations,Accountant,,5.0,No,Office,Pune,Startup,Single,5.0,96.0,4,No,119969,106192,
3166,James Rogers,27.0,Male,High School,Research,HR Executive,5.0,1.0,No,Remote,Jaipur,Medium,Single,7.0,83.0,4,No,123493,75370,
704,Michael Sweeney,58.0,Male,High School,IT,Accountant,11.0,1.0,No,Office,Indore,Large,Married,2.0,84.0,6,No,143794,105026,
3064,Andrew Jones DVM,24.0,Male,Bachelor's,Finance,Data Analyst,,4.0,No,Hybrid,Chennai,Enterprise,Single,7.0,,0,No,135749,118206,
2844,Katherine Macias,47.0,Male,Bachelor's,Marketing,Cloud Engineer,23.0,,Yes,Remote,Ahmedabad,Large,Married,1.0,74.0,6,No,137333,165935,
3727,Justin Richards,60.0,Male,,IT,Data Analyst,20.0,1.0,Yes,Office,Lucknow,Large,Single,7.0,41.0,15,Yes,77865,162578,
438,Linda Gonzalez,48.0,Male,Bachelor's,Marketing,Accountant,10.0,1.0,Yes,,Lucknow,Medium,Married,3.0,76.0,9,Yes,184437,119237,
2496,Susan Rodriguez,46.0,Female,Master's,Marketing,QA Engineer,14.0,3.0,Yes,Remote,Mumbai,Medium,Married,9.0,58.0,7,No,134960,154493,
2442,David Roberts,58.0,Female,,HR,Sales Executive,2.0,5.0,Yes,Hybrid,Pune,Large,Married,3.0,75.0,0,No,161373,94411,
774,Kimberly Wagner,25.0,Female,Master's,HR,Cloud Engineer,3.0,1.0,No,Office,Ghaziabad,Medium,Married,,,1,No,137219,133894,
4127,Brian Roberts,40.0,Male,Diploma,Sales,Database Administrator,20.0,4.0,No,Office,Gurgaon,Medium,Single,,82.0,17,No,36204,134471,
1144,Robin Baker,39.0,Male,Bachelor's,Research,Data Scientist,18.0,2.0,Yes,Hybrid,Hyderabad,Medium,Single,2.0,50.0,7,Yes,102865,173287,
4243,Mrs. Sarah Hughes,21.0,Male,Bachelor's,Legal,Full Stack Developer,1.0,5.0,Yes,Office,Chennai,Medium,Married,3.0,69.0,1,No,69506,112909,
228,Andrew Reynolds,36.0,Male,,Marketing,Finance Analyst,12.0,3.0,Yes,Office,Ghaziabad,Medium,Single,7.0,89.0,0,No,85206,170879,
1248,Thomas Harvey,28.0,Male,,HR,HR Executive,6.0,5.0,Yes,Hybrid,Lucknow,Medium,Married,3.0,66.0,1,No,142416,120364,
2017,Marcus Smith,48.0,Female,Diploma,Operations,Product Manager,3.0,5.0,Yes,Office,Chennai,Medium,Single,3.0,84.0,0,No,147766,140399,
1037,Matthew Ho,56.0,Male,Bachelor's,Sales,HR Executive,32.0,2.0,Yes,Hybrid,Gurgaon,Medium,Single,8.0,41.0,18,No,62987,174232,
1289,Alyssa Beck,,Male,Bachelor's,Administration,Backend Developer,30.0,4.0,Yes,Office,Ghaziabad,Startup,Single,0.0,60.0,0,Yes,196589,196248,
2140,Angela Williams,27.0,Male,Bachelor's,Operations,Database Administrator,5.0,4.0,Yes,Hybrid,Pune,Enterprise,Married,10.0,43.0,4,No,153527,141296,
4641,Autumn Neal,56.0,Male,,Administration,Data Scientist,35.0,4.0,No,Remote,Noida,Startup,Single,7.0,45.0,13,No,54798,190637,
415,Joseph Day,60.0,Male,Master's,Operations,Cloud Engineer,,3.0,No,,Kolkata,Medium,Single,7.0,47.0,1,No,59220,136211,
634,Gina Dyer,57.0,Female,Master's,Customer Support,Data Scientist,7.0,3.0,No,Remote,Gurgaon,Startup,Single,9.0,86.0,2,No,159592,153266,
2983,Michael Stewart,22.0,Female,Diploma,Marketing,ML Engineer,1.0,2.0,No,Office,Bangalore,Large,Single,3.0,,0,No,125906,106856,
1641,Emily Patel DDS,46.0,Male,Bachelor's,Legal,Business Analyst,,1.0,No,Hybrid,Noida,Medium,Single,8.0,86.0,5,No,248560,248342,
4224,Kathryn Medina,31.0,Female,,Administration,Product Manager,11.0,1.0,Yes,Office,Delhi,Enterprise,Married,1.0,72.0,4,No,51025,156491,
4816,Chad Nelson,32.0,Male,High School,Finance,QA Engineer,5.0,3.0,No,Office,Jaipur,Large,Married,,97.0,1,No,191494,102181,
444,Samantha Garrett,51.0,Male,High School,HR,Data Scientist,22.0,3.0,No,Hybrid,Pune,Medium,Single,3.0,67.0,9,Yes,131672,173776,
2554,Daniel Alexander,56.0,Female,Diploma,IT,HR Manager,1.0,1.0,No,Office,Gurgaon,Medium,Single,1.0,83.0,1,No,102554,77151,
2321,Samantha Briggs,50.0,Male,Bachelor's,Sales,Cyber Security Analyst,9.0,4.0,Yes,Office,Chennai,Enterprise,Divorced,,73.0,8,No,33893,155361,
3100,Arthur Simmons,59.0,Male,Bachelor's,IT,Software Engineer,12.0,3.0,No,Remote,Pune,Enterprise,Married,3.0,52.0,7,No,100603,137124,
368,Timothy Davis,23.0,Male,,Customer Support,Sales Executive,3.0,2.0,No,Hybrid,Pune,Startup,Single,1.0,45.0,0,Yes,63539,86029,
1995,Megan Rogers,59.0,Male,Master's,Operations,Data Engineer,9.0,2.0,Yes,Remote,Hyderabad,Large,Married,1.0,82.0,0,Yes,23893,161058,
4232,Michelle Nelson,53.0,Female,Master's,IT,Product Manager,25.0,5.0,No,Office,Lucknow,Medium,Single,9.0,68.0,15,No,74460,215163,
1917,Erika Simmons,,Female,Bachelor's,Research,Network Engineer,1.0,5.0,No,Office,Jaipur,Large,Single,3.0,99.0,0,No,136084,118553,
728,Troy Rodriguez,39.0,Male,Bachelor's,Sales,Accountant,14.0,4.0,No,Office,Jaipur,Large,Married,10.0,,10,No,82651,150757,
3396,Karen Williams,31.0,Male,Bachelor's,Research,QA Engineer,9.0,3.0,No,Office,Mumbai,Medium,Divorced,9.0,54.0,2,No,191165,120609,
3234,Kevin Mullins,60.0,Male,Bachelor's,Customer Support,Project Manager,24.0,2.0,No,Remote,Pune,Large,Married,9.0,89.0,20,No,190307,193301,
2952,Daniel Rice,44.0,Male,Bachelor's,IT,Marketing Manager,1.0,4.0,No,,Hyderabad,Medium,Married,10.0,88.0,1,No,198732,118755,
2344,Rebecca Moore,42.0,Male,,,Network Engineer,11.0,1.0,Yes,Office,Faridabad,Medium,Divorced,1.0,67.0,1,Yes,198759,123333,
1466,Sonya Zhang,59.0,Female,Diploma,Finance,Data Scientist,34.0,4.0,No,Remote,Faridabad,Large,Married,0.0,,16,No,116188,197115,
513,Christopher Barnett,26.0,Male,Bachelor's,,Cloud Engineer,0.0,5.0,Yes,Hybrid,Ahmedabad,Medium,Divorced,1.0,95.0,0,No,39977,121755,
1256,Megan Avery,33.0,Male,PhD,Sales,Data Engineer,11.0,3.0,No,Office,Faridabad,Medium,Married,4.0,58.0,2,No,176102,169422,
4741,Jacqueline Farmer,42.0,Male,Diploma,Sales,ML Engineer,13.0,2.0,No,Office,Kolkata,Medium,Single,9.0,49.0,0,No,182988,135704,
524,David Hansen,31.0,Male,Bachelor's,Sales,HR Manager,11.0,4.0,Yes,,Indore,Medium,Married,0.0,53.0,8,No,74796,122260,
4646,Elizabeth Robinson,41.0,Female,Bachelor's,Operations,Cloud Engineer,7.0,3.0,Yes,Office,Pune,Large,Married,10.0,52.0,2,No,20292,134976,
3721,Steven Adams,25.0,Female,,Legal,Frontend Developer,5.0,5.0,No,Office,Ahmedabad,Medium,Single,7.0,77.0,0,No,41101,122081,
743,Jason Garcia,42.0,Female,Master's,Legal,Data Scientist,1.0,,No,Office,Chennai,Large,Divorced,9.0,45.0,0,Yes,22175,144378,
1358,Benjamin Weaver,42.0,Female,High School,Administration,Business Analyst,3.0,4.0,No,Office,Jaipur,Medium,Married,4.0,81.0,1,No,164199,98085,
4882,Heather Nielsen,25.0,Female,Master's,Sales,Database Administrator,4.0,3.0,Yes,Office,Gurgaon,Large,Married,3.0,83.0,2,Yes,120714,141682,
4287,Richard Beck,29.0,Male,Master's,Operations,ML Engineer,2.0,4.0,No,Office,Chennai,Medium,Single,8.0,68.0,1,Yes,177906,156553,
461,Gregory Davis,55.0,Male,Master's,Operations,QA Engineer,9.0,5.0,No,Hybrid,Kolkata,Medium,Married,1.0,59.0,1,No,31294,131654,
1533,Gloria Pierce,27.0,Male,Master's,,Software Engineer,4.0,3.0,No,Office,Jaipur,Medium,Married,4.0,70.0,2,No,147441,113114,
4847,Christine Buchanan,,Male,Master's,Legal,Frontend Developer,3.0,3.0,Yes,Office,Faridabad,Medium,Married,5.0,40.0,0,No,156825,115793,
3626,Shannon Ortega,30.0,Female,Bachelor's,Administration,Finance Analyst,,3.0,No,Office,Indore,Enterprise,Single,4.0,100.0,2,No,24611,131811,
2556,Austin Fisher,41.0,Male,Diploma,Customer Support,Backend Developer,8.0,5.0,No,Office,Jaipur,Medium,Married,4.0,56.0,1,Yes,57696,126052,
3605,David Stewart,52.0,Male,Diploma,Legal,Marketing Manager,,4.0,No,Office,Noida,Medium,Single,6.0,86.0,5,No,125096,138732,
89,Richard Bowers,27.0,Female,Bachelor's,Operations,Sales Manager,2.0,2.0,No,Office,Jaipur,Large,Single,5.0,51.0,2,No,152632,102933,
522,Kelly Martinez,43.0,Female,Master's,Marketing,DevOps Engineer,0.0,2.0,Yes,Office,Ghaziabad,Enterprise,Single,1.0,83.0,0,No,133561,134375,
2883,Patricia Jacobs,,Male,Bachelor's,Operations,ML Engineer,,5.0,Yes,Hybrid,Mumbai,Medium,Single,5.0,50.0,7,No,33051,155021,
2267,Angela Smith,54.0,Female,Diploma,Sales,Product Manager,8.0,4.0,Yes,Hybrid,Pune,Large,Single,1.0,91.0,8,No,124133,148909,
4871,Patrick White,58.0,Female,,Marketing,Business Analyst,30.0,1.0,No,Hybrid,Kolkata,Startup,Single,5.0,53.0,12,No,74459,156319,
971,Emily Wallace,21.0,Female,Master's,,Data Scientist,1.0,4.0,No,Office,Indore,Medium,Single,1.0,57.0,0,Yes,146861,135504,
929,Scott Cook,59.0,Male,Bachelor's,Research,Full Stack Developer,33.0,1.0,No,Office,Kolkata,Enterprise,Single,4.0,57.0,13,Yes,105553,225767,
3542,Bruce Lewis,26.0,Male,Master's,,Sales Manager,2.0,4.0,Yes,Hybrid,Bangalore,Medium,Divorced,1.0,43.0,1,Yes,32126,133723,
2208,Jonathan Ramos,29.0,Male,Master's,Sales,DevOps Engineer,2.0,1.0,No,Hybrid,Ahmedabad,Large,Single,4.0,66.0,0,No,152703,124969,
772,Zachary Martin,26.0,Male,Diploma,Finance,Software Engineer,3.0,4.0,Yes,Remote,Lucknow,Medium,Single,7.0,,2,Yes,174525,115816,
1319,Alexander York,28.0,Male,Diploma,Legal,QA Engineer,,1.0,No,Hybrid,Hyderabad,Large,Married,2.0,90.0,2,Yes,35316,109880,
1106,Pamela Huerta,44.0,Female,Bachelor's,Research,QA Engineer,5.0,4.0,Yes,Office,Ahmedabad,Large,Married,10.0,91.0,0,No,64588,126079,
2594,Brittany Jones,60.0,Male,Diploma,Legal,Business Analyst,21.0,5.0,No,Office,Faridabad,Medium,Single,8.0,89.0,6,Yes,116406,170243,
1039,Brandy Reed,49.0,Female,Bachelor's,Finance,Data Analyst,5.0,2.0,No,Hybrid,Jaipur,Large,Married,4.0,74.0,4,No,142636,104268,
880,Sophia Lin,42.0,Male,Bachelor's,Research,Data Scientist,16.0,4.0,No,Office,Faridabad,Enterprise,Single,2.0,76.0,16,Yes,103568,190961,
4038,Lauren Garcia,40.0,Female,Master's,Marketing,Data Analyst,12.0,1.0,Yes,Remote,Bangalore,Enterprise,Single,,87.0,2,No,188790,151242,
1927,Jermaine White,30.0,Female,Bachelor's,Sales,Sales Executive,2.0,3.0,No,Hybrid,Kolkata,Medium,Married,1.0,93.0,0,Yes,152183,99712,
3988,Andrew Davis,59.0,Male,High School,Legal,HR Manager,24.0,5.0,No,Office,Chennai,Medium,Single,9.0,79.0,20,No,97820,159342,
3658,Lisa Orozco,51.0,Male,Master's,,Database Administrator,29.0,1.0,No,Office,Pune,Large,Married,3.0,40.0,20,No,149254,190263,
1426,Adam Mendoza,43.0,Female,Master's,Operations,Backend Developer,14.0,3.0,No,Hybrid,Kolkata,Large,Single,9.0,55.0,6,Yes,182244,166507,
4228,Angelica Nichols,55.0,Female,Bachelor's,Administration,HR Executive,27.0,5.0,No,Office,Indore,Startup,Single,0.0,56.0,17,No,117951,129963,
2569,Mark Collins,44.0,Male,Bachelor's,Sales,HR Manager,12.0,5.0,No,Office,Faridabad,Startup,Married,,97.0,7,No,92086,132710,
1924,Kathryn Gillespie,56.0,Female,Diploma,Legal,Software Engineer,24.0,3.0,No,Hybrid,Ahmedabad,Large,Married,2.0,56.0,18,No,54225,153682,
4999,Derek Morgan,36.0,Female,Bachelor's,Marketing,Full Stack Developer,16.0,4.0,Yes,Office,Jaipur,Enterprise,Single,2.0,64.0,2,No,130866,168443,
3605,David Stewart,52.0,Male,Diploma,Legal,Marketing Manager,,4.0,No,Office,Noida,Medium,Single,6.0,86.0,5,No,125096,138732,
1359,Jason Jackson,30.0,Male,Diploma,Research,Project Manager,3.0,2.0,No,Office,Jaipur,Medium,Married,5.0,63.0,2,Yes,189511,122321,
2804,Anthony Ramirez,34.0,Male,Master's,Finance,Marketing Manager,14.0,5.0,Yes,Hybrid,Bangalore,Large,Married,5.0,77.0,9,No,172458,167175,
4656,Donna Hale,30.0,Female,Bachelor's,Finance,Data Engineer,0.0,3.0,No,Hybrid,Hyderabad,Enterprise,Married,6.0,91.0,0,No,29698,127934,
725,Amanda Young,34.0,Male,Master's,,HR Executive,4.0,4.0,No,Hybrid,Noida,Medium,Single,7.0,56.0,1,Yes,183217,118699,
2220,Timothy Williams,30.0,Male,Master's,Finance,Business Analyst,7.0,4.0,Yes,Office,Jaipur,Startup,Married,,78.0,6,No,191756,126823,
4756,Theodore Allen,54.0,Male,Diploma,Administration,QA Engineer,13.0,4.0,No,Office,Hyderabad,Enterprise,Single,3.0,76.0,10,No,141081,143003,
3995,Elizabeth Taylor,25.0,Female,Master's,Marketing,ML Engineer,4.0,3.0,Yes,Hybrid,Mumbai,Large,Married,,96.0,0,No,179873,162528,
560,David Washington,48.0,Male,Master's,Customer Support,Sales Manager,5.0,3.0,Yes,Office,Lucknow,Large,Married,1.0,69.0,1,Yes,150842,144879,
1980,James Adams,33.0,Male,Diploma,Finance,Sales Manager,7.0,2.0,No,Hybrid,Pune,Large,Married,6.0,50.0,3,No,94608,107608,
4932,Kathleen Lara,58.0,Male,Master's,,Backend Developer,,5.0,No,,Bangalore,Startup,Single,0.0,53.0,7,Yes,20829,146578,
3600,Taylor Allen,23.0,Male,High School,Legal,Marketing Manager,1.0,3.0,Yes,Office,Gurgaon,Medium,Married,8.0,92.0,1,No,158827,102944,
663,Brandon Rosales,52.0,Male,Diploma,Administration,Finance Analyst,22.0,1.0,Yes,Office,Jaipur,Medium,Single,1.0,87.0,12,No,111815,147720,
4666,Kimberly Knight,51.0,Female,Master's,Customer Support,Network Engineer,30.0,5.0,Yes,Office,Hyderabad,Startup,Single,7.0,88.0,12,No,113330,189117,
1664,Angela Hall,57.0,Female,Master's,Legal,Database Administrator,10.0,4.0,Yes,Office,Jaipur,Medium,Married,,67.0,2,No,58548,133826,
3654,Matthew Hall,40.0,Male,Diploma,Research,Business Analyst,3.0,2.0,Yes,Office,Faridabad,Medium,Single,10.0,59.0,2,No,25414,104220,
1074,Tommy Irwin,30.0,Female,Master's,Finance,Database Administrator,6.0,2.0,Yes,Remote,Chennai,Startup,Single,9.0,,0,Yes,94453,140940,
1885,Jose Yoder,34.0,Female,Bachelor's,Sales,HR Executive,3.0,2.0,Yes,Remote,Mumbai,Startup,Divorced,3.0,58.0,3,No,55915,79570,
2335,Nicole Mcgee,57.0,Female,Bachelor's,Customer Support,Network Engineer,8.0,3.0,No,Office,Hyderabad,Large,Single,2.0,88.0,0,Yes,162732,132737,
176,Harold Green,31.0,Male,Diploma,Research,Backend Developer,8.0,4.0,No,Remote,Gurgaon,Medium,Married,7.0,51.0,2,Yes,52441,117804,
125,Dawn Mitchell,45.0,Female,Diploma,Sales,Sales Executive,17.0,4.0,Yes,Remote,Pune,Enterprise,Married,6.0,,16,No,63950,147972,
2884,Micheal Richardson,45.0,Female,Bachelor's,Sales,Marketing Executive,24.0,3.0,Yes,Office,Mumbai,Enterprise,Married,4.0,51.0,18,Yes,162326,186166,
3968,John Price,51.0,Male,Diploma,IT,Data Engineer,5.0,2.0,Yes,Office,Kolkata,Large,Married,9.0,98.0,0,No,189486,136053,
4858,Jason Dixon Jr.,54.0,Female,Bachelor's,Customer Support,Product Manager,,2.0,Yes,Office,Indore,Startup,Single,8.0,57.0,12,No,96087,188685,
3798,Willie Bowen,36.0,Female,High School,Administration,Finance Analyst,14.0,3.0,No,Hybrid,Chennai,Medium,Married,7.0,53.0,9,Yes,24701,125856,
4530,Chad Perkins,25.0,Male,Bachelor's,Operations,Backend Developer,4.0,1.0,No,Remote,Hyderabad,Enterprise,Single,4.0,61.0,4,No,111696,109567,
4443,Brandon Macias,44.0,Female,Master's,Customer Support,Marketing Executive,7.0,2.0,Yes,Hybrid,Kolkata,Large,Single,2.0,87.0,0,No,103318,124635,
4917,Phillip Dunn,24.0,Female,Diploma,Legal,Network Engineer,2.0,5.0,No,Remote,Pune,Large,Married,3.0,85.0,2,No,165073,106810,
4329,Brooke Chavez,60.0,Female,Bachelor's,IT,Accountant,4.0,3.0,No,Hybrid,Jaipur,Medium,Married,5.0,97.0,4,No,105687,98987,
2775,Robert Bennett,35.0,Male,Diploma,Legal,Product Manager,8.0,3.0,No,Hybrid,Lucknow,Large,Married,2.0,43.0,2,Yes,171560,140144,
4745,Kendra Campbell,28.0,Male,Master's,Finance,Cloud Engineer,5.0,2.0,No,Hybrid,Bangalore,Medium,Married,9.0,48.0,4,No,150192,127998,
2044,Dana Cummings,21.0,Male,Diploma,IT,Database Administrator,0.0,4.0,No,Office,Delhi,Large,Married,10.0,84.0,0,No,51803,103751,
1608,Destiny Chambers,31.0,Male,Diploma,Administration,DevOps Engineer,2.0,1.0,No,Remote,Faridabad,Large,Married,0.0,45.0,0,No,97599,95002,
491,Melissa Hahn,52.0,Female,,Sales,Accountant,20.0,,No,,Faridabad,Large,Single,0.0,84.0,10,No,21509,139844,
3751,Michael Kelly,28.0,Female,Bachelor's,Sales,Finance Analyst,6.0,3.0,No,Office,Ahmedabad,Large,Married,7.0,,0,No,140739,116358,
4712,Dr. Cynthia Cooke MD,,Female,Diploma,Legal,Data Engineer,2.0,,No,Office,Chennai,Startup,Single,5.0,69.0,2,No,99662,103470,
21,Matthew Johnson,28.0,Female,Diploma,Marketing,ML Engineer,4.0,4.0,No,Office,Lucknow,Medium,Married,3.0,55.0,4,No,103613,113747,
2236,Rachel Hale,28.0,Female,Master's,Administration,Product Manager,,3.0,No,Remote,Jaipur,Large,Single,3.0,83.0,4,No,28498,149873,
625,Jacob Gonzalez,57.0,Male,Bachelor's,Marketing,Data Scientist,4.0,2.0,No,Office,Pune,Medium,Married,7.0,42.0,1,No,99322,115324,
741,David Meadows,34.0,Female,Master's,Research,Data Scientist,3.0,3.0,Yes,Hybrid,Gurgaon,Startup,Married,10.0,49.0,0,Yes,143844,149242,
3269,Catherine Davis,47.0,Female,Bachelor's,IT,Cyber Security Analyst,5.0,4.0,No,Office,Chennai,Startup,Single,2.0,80.0,1,No,181183,115158,
4864,Tanya Reese,24.0,Female,Bachelor's,Finance,HR Manager,1.0,5.0,No,Office,Bangalore,Medium,Single,,70.0,0,No,64380,100076,
2569,Mark Collins,44.0,Male,Bachelor's,Sales,HR Manager,12.0,5.0,No,Office,Faridabad,Startup,Married,,97.0,7,No,92086,132710,
3847,Mr. Timothy Flowers,45.0,Female,Bachelor's,Research,Database Administrator,2.0,4.0,No,Remote,Chennai,Large,Divorced,9.0,100.0,0,No,60865,119026,
3002,David Hanna,23.0,Female,Master's,Finance,Marketing Executive,0.0,,Yes,Office,Hyderabad,Startup,Divorced,5.0,74.0,0,No,116675,90262,
1357,Amy Lam,38.0,Female,,Operations,Backend Developer,3.0,4.0,Yes,Office,Faridabad,Startup,Single,6.0,,2,No,161168,109384,
2227,Ruth Williams,51.0,Female,Diploma,Sales,Accountant,1.0,5.0,No,Hybrid,Chennai,Large,Married,1.0,97.0,0,No,23230,90503,
4251,Robert Ramos,30.0,Male,Bachelor's,Operations,Sales Manager,1.0,1.0,Yes,Remote,Pune,Large,Single,0.0,55.0,1,Yes,94499,114071,
2833,Kristine Warren,57.0,Female,High School,IT,DevOps Engineer,20.0,1.0,Yes,Office,Noida,Large,Single,8.0,45.0,10,No,42444,137720,
468,Leslie Cabrera,23.0,Female,Master's,HR,Product Manager,1.0,1.0,No,Hybrid,Hyderabad,Large,Single,10.0,50.0,0,No,120434,133935,
739,Carmen Turner,52.0,Female,PhD,HR,Backend Developer,20.0,4.0,Yes,Hybrid,Hyderabad,Startup,Married,2.0,,14,No,130572,191715,
166,Kathleen Perez,44.0,Male,Master's,Administration,Data Analyst,18.0,1.0,No,Remote,Indore,Enterprise,Married,10.0,,12,No,96021,167544,
57,Darrell Austin,37.0,Male,Bachelor's,Finance,Sales Manager,10.0,1.0,No,Office,Pune,Medium,Married,10.0,61.0,9,Yes,123892,131347,
694,Eric Clements,42.0,Male,Master's,Finance,Project Manager,8.0,,No,Remote,Hyderabad,Enterprise,Married,1.0,60.0,7,No,137985,158187,
242,Greg Russell,49.0,Female,PhD,Research,Sales Executive,4.0,2.0,No,Hybrid,Faridabad,Startup,Married,1.0,88.0,3,No,20336,117480,
701,Joan Rivera,40.0,Male,Master's,Legal,Backend Developer,15.0,5.0,No,Hybrid,Lucknow,Startup,Single,8.0,80.0,6,Yes,276024,520563,
3200,Matthew Myers,45.0,Female,Master's,HR,Sales Manager,17.0,5.0,Yes,Hybrid,Ghaziabad,Large,Single,2.0,45.0,16,Yes,321726,359826,
195,Edward Christensen,26.0,Male,PhD,Customer Support,ML Engineer,4.0,5.0,Yes,Office,Gurgaon,Startup,Single,5.0,90.0,3,No,177636,175363,
1057,Sean Vargas,49.0,Male,Diploma,IT,Data Analyst,1.0,3.0,No,,Ghaziabad,Large,Married,1.0,89.0,0,No,44136,87446,
440,Ralph Rodriguez,49.0,Female,Bachelor's,Research,Finance Analyst,27.0,1.0,No,Remote,Chennai,Large,Single,10.0,52.0,0,No,61548,161343,
3214,Robert Martinez,36.0,Male,,Marketing,Data Analyst,8.0,5.0,Yes,Remote,Indore,Enterprise,Married,4.0,52.0,2,Yes,154055,139039,
3138,Antonio Thompson,32.0,Male,Bachelor's,Marketing,Data Analyst,5.0,5.0,No,Remote,Jaipur,Medium,Divorced,7.0,53.0,0,No,144038,111775,
3660,George Holland,26.0,Female,PhD,Legal,Backend Developer,4.0,4.0,No,Remote,Delhi,Large,Married,2.0,84.0,1,Yes,160749,157902,
3505,Chad Fernandez,51.0,Male,,IT,Software Engineer,6.0,2.0,Yes,Office,Chennai,Medium,Married,1.0,71.0,0,No,132440,107829,
3808,Jennifer Cummings,50.0,Female,Bachelor's,Sales,Backend Developer,4.0,4.0,No,Hybrid,Indore,Startup,Divorced,3.0,71.0,2,No,26285,101121,
130,Matthew Campbell,44.0,Male,Diploma,Operations,Sales Executive,21.0,5.0,Yes,Office,Jaipur,Large,Single,6.0,46.0,3,No,89122,154745,
4635,Michael Joseph,59.0,Female,Bachelor's,,HR Executive,13.0,2.0,Yes,Office,Faridabad,Startup,Single,2.0,77.0,4,No,117460,117186,
239,Adrienne Collins,29.0,Female,High School,Marketing,HR Manager,7.0,5.0,No,Hybrid,Jaipur,Large,Married,8.0,74.0,7,No,64739,111503,
3567,Heather Smith,57.0,Female,Master's,Research,Marketing Manager,10.0,1.0,No,Remote,Chennai,Startup,Single,4.0,,3,No,184241,132945,
3702,Tim Gutierrez,33.0,Female,Master's,Customer Support,QA Engineer,9.0,1.0,No,Office,Ahmedabad,Large,Single,8.0,51.0,7,No,83024,127822,
1042,Larry Castillo,29.0,Male,PhD,IT,Marketing Manager,4.0,5.0,Yes,Hybrid,Pune,Medium,Married,3.0,,1,No,70374,149194,
3461,Lisa Beck,49.0,Male,PhD,Customer Support,Database Administrator,27.0,5.0,Yes,Office,Noida,Startup,Married,0.0,65.0,2,No,145243,194816,
2577,Megan Miller,53.0,Female,Master's,Research,Cloud Engineer,15.0,3.0,Yes,Office,Pune,Medium,Single,7.0,92.0,6,No,135029,170857,
4084,Miguel Duran,32.0,Female,Diploma,Research,Database Administrator,4.0,3.0,No,Office,Bangalore,Startup,Single,1.0,44.0,1,No,53595,86283,
3238,Timothy Thompson,23.0,Male,Master's,Customer Support,HR Executive,1.0,1.0,No,Hybrid,Gurgaon,Medium,Single,3.0,71.0,0,No,173239,81998,
2608,Amanda Baird,41.0,Female,Bachelor's,Legal,ML Engineer,11.0,2.0,No,Remote,Ahmedabad,Enterprise,Divorced,6.0,90.0,11,No,49859,159015,
1877,Sheila Calderon,60.0,Female,Diploma,Operations,Sales Manager,32.0,3.0,No,Office,Chennai,Startup,Single,3.0,42.0,19,No,177961,169568,
1022,Sue Smith,35.0,Male,High School,Research,Software Engineer,11.0,3.0,Yes,Remote,Bangalore,Medium,Married,7.0,68.0,2,No,181071,125182,
754,Michael Perez,29.0,Male,Bachelor's,IT,Backend Developer,0.0,4.0,Yes,,Pune,Startup,Single,3.0,64.0,0,No,76967,95480,
4611,Laurie Carlson,42.0,Female,Bachelor's,Administration,Data Analyst,7.0,3.0,No,Remote,Ahmedabad,Enterprise,Single,1.0,94.0,1,No,25446,111306,
3477,Sherry Gentry,37.0,Female,Master's,Operations,Backend Developer,1.0,4.0,Yes,Office,Pune,Startup,Married,8.0,85.0,1,Yes,36761,137221,
1368,Adrian Thomas,27.0,Female,Bachelor's,Marketing,ML Engineer,,4.0,No,,Lucknow,Enterprise,Married,9.0,70.0,1,No,35958,146239,
1646,Jaime Clark,43.0,Female,Bachelor's,Marketing,Data Analyst,1.0,4.0,Yes,Remote,Bangalore,Medium,Single,1.0,70.0,1,Yes,187812,106118,
2368,Louis Le,39.0,Female,Diploma,IT,Backend Developer,9.0,5.0,No,Hybrid,Noida,Large,Single,4.0,92.0,5,No,123210,123145,
4647,Sandra Levy,45.0,Female,Diploma,Legal,ML Engineer,22.0,3.0,No,Hybrid,Ahmedabad,Medium,Married,5.0,69.0,5,No,60671,172134,
2751,Kendra Calhoun,41.0,Female,High School,Finance,QA Engineer,1.0,5.0,Yes,Remote,Indore,Enterprise,Single,9.0,66.0,0,No,309072,220660,
227,Michelle Bryan,33.0,Female,Master's,IT,Sales Manager,5.0,,Yes,Office,Faridabad,Enterprise,Married,10.0,71.0,4,No,57228,159190,
311,Rick Vasquez,43.0,Male,Master's,Marketing,Software Engineer,8.0,2.0,No,,Kolkata,Large,Married,4.0,,2,No,28802,125588,
4936,Caitlin Clark,50.0,Female,Master's,Administration,HR Manager,18.0,3.0,No,Hybrid,Delhi,Large,Married,6.0,71.0,1,No,70286,154544,
3093,Sarah Frost,46.0,Male,Bachelor's,Marketing,QA Engineer,21.0,1.0,No,Hybrid,Pune,Large,Married,4.0,59.0,1,No,56183,151462,
470,David Vargas,58.0,Male,Bachelor's,,DevOps Engineer,35.0,5.0,No,Hybrid,Kolkata,Large,Married,7.0,75.0,18,No,21379,198360,
197,Sandra Flores,52.0,Male,PhD,Legal,Sales Manager,8.0,1.0,No,Remote,Indore,Large,Married,5.0,,0,No,153682,158077,
2452,Jesus Norris,45.0,Male,Bachelor's,Marketing,Backend Developer,24.0,2.0,No,Office,Ahmedabad,Enterprise,Married,3.0,76.0,6,No,82108,179086,
1227,Scott Zamora,40.0,Male,Master's,Sales,Project Manager,2.0,4.0,No,Office,Mumbai,Enterprise,Married,0.0,72.0,1,Yes,48299,149784,
2510,Timothy Andrews,31.0,Male,Diploma,,HR Manager,,5.0,Yes,Office,Chennai,Startup,Divorced,8.0,57.0,0,No,32564,89366,
4283,Wesley Torres,46.0,Male,PhD,Finance,Software Engineer,9.0,2.0,No,Office,Lucknow,Medium,Married,7.0,,6,No,79655,150438,
2781,Scott Johnson,54.0,Female,High School,Sales,Cloud Engineer,24.0,2.0,No,Office,Kolkata,Enterprise,Married,7.0,49.0,11,Yes,54333,189239,
4880,Cynthia Porter,38.0,Female,Diploma,Legal,Marketing Executive,10.0,,No,Office,Mumbai,Medium,Single,10.0,76.0,4,No,35305,107397,
3910,Samantha Cox,49.0,Female,Bachelor's,Research,Marketing Manager,21.0,2.0,Yes,Hybrid,Bangalore,Medium,Married,7.0,48.0,2,No,64745,166253,
4062,Lauren Anderson DDS,38.0,Male,Bachelor's,HR,Cloud Engineer,12.0,5.0,Yes,Hybrid,Bangalore,Medium,Married,,64.0,4,No,110169,160133,
4408,Jennifer Leach,53.0,Male,Bachelor's,Operations,Business Analyst,28.0,1.0,Yes,Office,Ahmedabad,Startup,Single,,77.0,7,Yes,44212,177477,
2222,Daniel May,,Male,Bachelor's,Operations,Frontend Developer,0.0,5.0,No,Office,Delhi,Startup,Married,1.0,45.0,0,No,50761,75173,
696,Michael Mendoza,33.0,Male,Diploma,Administration,Full Stack Developer,12.0,4.0,No,Office,Hyderabad,Medium,Married,2.0,78.0,5,No,66281,127473,
3675,Christopher Patterson,53.0,Male,Bachelor's,,Accountant,14.0,3.0,No,Office,Bangalore,Startup,Single,6.0,56.0,11,No,26278,109108,
2102,Sierra Thompson,42.0,Female,Master's,Sales,Database Administrator,10.0,5.0,No,Hybrid,Gurgaon,Medium,Single,3.0,100.0,3,Yes,98019,150742,
3264,Frank Martinez,25.0,Male,Master's,Legal,HR Executive,2.0,3.0,Yes,Hybrid,Delhi,Startup,Married,10.0,49.0,0,No,50649,97712,
1204,Alexander Navarro,24.0,Female,Master's,Administration,Marketing Manager,,4.0,No,Office,Indore,Large,Married,5.0,54.0,0,No,198445,119919,
797,Elizabeth Stevens,47.0,Male,Master's,Sales,Accountant,0.0,1.0,Yes,,Jaipur,Startup,Single,10.0,,0,Yes,42068,104918,
4163,William Harris,57.0,Female,,Administration,Marketing Executive,8.0,5.0,No,Office,Chennai,Startup,Married,9.0,84.0,7,Yes,169444,129292,
2977,Larry Reed,32.0,Female,,Sales,Product Manager,,1.0,Yes,Hybrid,Delhi,Large,Single,9.0,,1,No,66541,139701,
4915,Sergio Smith,34.0,Male,Bachelor's,Marketing,Data Engineer,6.0,4.0,No,Hybrid,Hyderabad,Enterprise,Married,6.0,87.0,4,No,90427,145076,
2494,Emily Porter,23.0,Female,Bachelor's,Operations,Network Engineer,0.0,1.0,Yes,Office,Bangalore,Enterprise,Single,1.0,46.0,0,No,48248,103272,
3556,Cole Smith,,Male,Diploma,Finance,Marketing Manager,1.0,2.0,No,Office,Lucknow,Medium,Single,7.0,79.0,0,No,183933,101899,
479,Jennifer Stuart,35.0,Male,Bachelor's,Operations,Accountant,13.0,1.0,No,Hybrid,Chennai,Enterprise,Married,2.0,48.0,10,No,89306,126355,
2013,Kelly Wilson,58.0,Male,High School,Operations,Data Scientist,14.0,5.0,Yes,Office,Ghaziabad,Enterprise,Single,8.0,63.0,9,No,143859,169655,
2053,Devin Rodriguez,58.0,Female,Master's,Marketing,Marketing Manager,33.0,3.0,No,Hybrid,Jaipur,Large,Married,3.0,57.0,8,No,192381,200023,
4843,Cody Moody,50.0,Male,Master's,Finance,Database Administrator,24.0,1.0,Yes,Office,Faridabad,Large,Single,8.0,53.0,1,No,144615,174068,
4017,Leonard Lopez,33.0,Male,Diploma,Marketing,Full Stack Developer,13.0,4.0,No,Remote,Ahmedabad,Medium,Single,1.0,43.0,1,No,46460,128164,
2704,Lauren Levy,41.0,Female,Diploma,Administration,Backend Developer,2.0,1.0,Yes,Office,Bangalore,Startup,Married,1.0,58.0,2,No,145044,81459,
1737,Raymond Roberts Jr.,32.0,Male,Diploma,IT,Product Manager,6.0,5.0,No,,Ghaziabad,Large,Married,2.0,40.0,3,No,129416,126678,
4052,Anna Davis,,Male,Bachelor's,Marketing,Data Engineer,4.0,1.0,No,Remote,Indore,Enterprise,Married,4.0,68.0,2,No,148383,129215,
2141,Marvin Thornton,29.0,Male,Master's,Marketing,QA Engineer,5.0,4.0,No,Office,Kolkata,Startup,Single,,,3,Yes,65332,121772,
291,Brian Holt,54.0,Female,Bachelor's,Operations,Cloud Engineer,28.0,1.0,No,Office,Kolkata,Enterprise,Married,2.0,94.0,16,No,122828,200419,
3259,David Garcia,46.0,Male,Bachelor's,Marketing,Full Stack Developer,7.0,3.0,Yes,Office,Gurgaon,Large,Married,5.0,86.0,4,Yes,161425,151246,
3552,Charles Miller,42.0,Male,Diploma,Customer Support,QA Engineer,12.0,3.0,No,Office,Ahmedabad,Enterprise,Single,7.0,51.0,8,No,48769,118288,
1636,Michelle Tran,36.0,Male,Bachelor's,Research,Project Manager,13.0,5.0,Yes,Office,Ahmedabad,Medium,Married,5.0,68.0,9,No,154229,165862,
3634,Alan Bradford,30.0,Male,Bachelor's,Sales,Product Manager,8.0,1.0,No,Office,Lucknow,Startup,Single,10.0,,0,Yes,115005,148994,
2274,Ryan Bush,49.0,Female,Diploma,,HR Executive,8.0,,No,Office,Chennai,Startup,Married,9.0,92.0,6,Yes,139050,108645,
3872,Valerie Booker,27.0,Male,Bachelor's,Customer Support,Finance Analyst,2.0,,Yes,Office,Ahmedabad,Large,Married,7.0,40.0,0,No,39695,114844,
3853,Dawn Huerta,46.0,Male,Diploma,Research,DevOps Engineer,14.0,5.0,No,,Ahmedabad,Startup,Single,10.0,87.0,1,No,101919,142343,
2609,Sean Brown,24.0,Male,Bachelor's,,DevOps Engineer,,4.0,No,Office,Bangalore,Medium,Married,0.0,71.0,0,Yes,30621,116538,
4677,Steven George,33.0,Male,Diploma,,DevOps Engineer,10.0,5.0,No,Office,Jaipur,Medium,Single,6.0,,6,Yes,57804,144111,
1592,Stephen Stewart,27.0,Male,Diploma,IT,Project Manager,5.0,1.0,Yes,,Ghaziabad,Large,Married,6.0,48.0,4,No,110480,122838,
424,Stephanie Lara,31.0,Female,Bachelor's,,Business Analyst,5.0,1.0,Yes,Hybrid,Lucknow,Large,Single,3.0,70.0,5,No,131695,110084,
868,Douglas Sanchez,23.0,Male,Diploma,Administration,DevOps Engineer,2.0,5.0,No,Office,Jaipur,Enterprise,Married,2.0,78.0,1,No,63199,121858,
3188,Rachel Bradshaw,31.0,Male,Master's,Administration,Full Stack Developer,7.0,3.0,No,Hybrid,Pune,Large,Married,5.0,81.0,3,Yes,112969,152444,
4230,Shawn Mosley,44.0,Male,Bachelor's,Administration,Data Engineer,16.0,2.0,No,Hybrid,Mumbai,Medium,Single,6.0,92.0,12,Yes,157218,170595,
2581,Erica Richardson,50.0,Male,,IT,Cyber Security Analyst,2.0,1.0,No,Office,Lucknow,Startup,Married,5.0,70.0,0,No,95496,87462,
1174,Ryan Garza,23.0,Female,Diploma,Legal,Accountant,0.0,2.0,Yes,Hybrid,Chennai,Enterprise,Single,10.0,87.0,0,No,71179,105450,
3573,Maria Christian,28.0,Female,Bachelor's,Sales,Accountant,6.0,1.0,No,Hybrid,Faridabad,Startup,Married,1.0,47.0,4,No,183694,80331,
3006,Kimberly Brown,45.0,Female,Bachelor's,Administration,Marketing Executive,5.0,4.0,No,Hybrid,Pune,Medium,Married,8.0,81.0,0,Yes,95422,113475,
1889,Juan Lindsey,23.0,Female,Diploma,Administration,Backend Developer,,1.0,Yes,Hybrid,Chennai,Medium,Married,1.0,97.0,2,No,24957,94065,
4750,James Scott,34.0,Female,Diploma,,Data Analyst,13.0,1.0,Yes,Office,Indore,Large,Single,3.0,46.0,0,No,186253,118801,
33,Laura Gibson,41.0,Female,Master's,Marketing,Full Stack Developer,15.0,3.0,No,Office,Indore,Large,Married,0.0,92.0,5,No,170159,160554,
1337,Jared Thomas,57.0,Male,Bachelor's,HR,Sales Manager,15.0,3.0,Yes,Hybrid,Chennai,Startup,Single,10.0,64.0,5,No,90500,134466,
1225,Bryce Taylor,46.0,Female,Master's,Marketing,ML Engineer,14.0,4.0,No,Office,Gurgaon,Medium,Single,5.0,69.0,3,Yes,155460,178970,
3156,Ivan Martinez,45.0,Female,Master's,Finance,Sales Manager,22.0,1.0,No,Remote,Bangalore,Large,Married,7.0,54.0,17,No,174581,169165,
2782,Erik Gutierrez,44.0,Male,Master's,Legal,HR Manager,5.0,5.0,No,Remote,Pune,Large,Single,4.0,70.0,3,No,127850,132806,
2657,Michael Guzman,,Female,Bachelor's,Research,Cyber Security Analyst,15.0,2.0,No,Office,Kolkata,Large,Married,,53.0,12,Yes,137685,152374,
3366,Kelly Rush,,Female,Bachelor's,Administration,DevOps Engineer,20.0,2.0,No,Remote,Indore,Large,Divorced,4.0,62.0,3,No,145003,164207,
3280,Isaac Wagner,59.0,Female,Bachelor's,Administration,ML Engineer,26.0,2.0,Yes,Remote,Faridabad,Large,Single,3.0,42.0,20,No,122174,198658,
4978,Rhonda White,49.0,Female,Bachelor's,Sales,Network Engineer,7.0,4.0,No,Hybrid,Noida,Startup,Married,,95.0,2,Yes,174834,133383,
883,Audrey Jackson,54.0,Female,High School,Legal,Backend Developer,1.0,1.0,Yes,Office,Jaipur,Enterprise,Single,2.0,85.0,1,No,78945,98767,
4945,Caroline Ware,46.0,Male,Diploma,,Network Engineer,13.0,4.0,No,,Noida,Large,Single,0.0,90.0,6,No,35406,129174,
498,Kyle Wilson,21.0,Male,Diploma,Research,Software Engineer,0.0,4.0,Yes,Hybrid,Faridabad,Medium,Married,0.0,61.0,0,No,127990,93369,
2982,Amanda Mejia,21.0,Female,Diploma,Customer Support,Data Engineer,0.0,3.0,No,Office,Indore,Medium,Single,3.0,56.0,0,No,81292,90577,
2895,Nancy Mcneil,30.0,Male,Diploma,IT,Cyber Security Analyst,,4.0,No,Office,Faridabad,Startup,Married,6.0,58.0,5,No,118172,110711,
2654,Stephanie Gallagher,42.0,Female,Master's,Customer Support,Data Scientist,7.0,3.0,Yes,Remote,Indore,Startup,Married,2.0,52.0,0,No,195519,143542,
2859,Brittany Cruz,24.0,Male,Master's,HR,QA Engineer,,4.0,Yes,Hybrid,Bangalore,Medium,Married,5.0,44.0,0,No,140241,108832,
4282,Margaret Gonzales,26.0,Male,Master's,Finance,Database Administrator,4.0,2.0,Yes,Office,Faridabad,Large,Single,10.0,63.0,3,No,93717,133423,
3827,Ashley Powers,30.0,Male,Bachelor's,HR,Marketing Executive,10.0,1.0,Yes,Remote,Ahmedabad,Medium,Single,7.0,68.0,1,No,162777,114615,
4996,Wendy Anderson,57.0,Female,Master's,Operations,Product Manager,17.0,5.0,No,Office,Chennai,Startup,Single,6.0,54.0,11,Yes,185022,186288,
4114,Katherine Willis,39.0,Female,Diploma,HR,Project Manager,9.0,5.0,Yes,Office,Hyderabad,Medium,Married,7.0,46.0,5,No,52315,143330,
2056,Susan Jones,35.0,Female,,Operations,Cloud Engineer,0.0,2.0,Yes,Office,Faridabad,Large,Single,9.0,96.0,0,No,68847,137207,
3455,Taylor Gallegos,25.0,Female,Master's,Sales,Database Administrator,5.0,1.0,No,Remote,Delhi,Large,Single,2.0,80.0,2,No,103334,117497,
4507,Mrs. Deborah Rice,27.0,Female,Diploma,Marketing,Data Scientist,5.0,5.0,Yes,Remote,Mumbai,Medium,Married,5.0,40.0,1,No,176629,121946,
143,Laura Vaughan,,Female,Bachelor's,Operations,Finance Analyst,3.0,1.0,No,Hybrid,Delhi,Medium,Divorced,,69.0,0,No,53691,88653,
3038,Caleb Lawson,27.0,Female,High School,HR,Software Engineer,4.0,3.0,No,Remote,Kolkata,Medium,Single,9.0,51.0,4,Yes,68805,106698,
1461,Casey Alvarado,49.0,Female,High School,HR,Data Scientist,15.0,,No,Office,Gurgaon,Large,Married,5.0,55.0,0,No,59253,146851,
1881,Trevor Dominguez,60.0,Female,Master's,HR,QA Engineer,21.0,4.0,No,Hybrid,Indore,Startup,Single,,47.0,0,No,191085,157090,
2529,Robin Glover,29.0,Female,High School,IT,Data Scientist,2.0,3.0,Yes,Hybrid,Indore,Enterprise,Single,6.0,48.0,2,No,22030,122408,
1480,Christina Roberts,,Female,Master's,Sales,Business Analyst,4.0,3.0,No,Office,Ahmedabad,Startup,Married,8.0,84.0,4,Yes,20203,131133,
2439,Kyle Willis,58.0,Male,Bachelor's,Sales,HR Executive,15.0,5.0,Yes,Office,Delhi,Large,Single,0.0,62.0,5,Yes,56492,140352,
4198,Kelli Melendez,46.0,Female,Master's,HR,Sales Manager,13.0,3.0,No,Office,Hyderabad,Large,Single,1.0,97.0,6,No,75750,154512,
4799,Michael West,47.0,Female,Diploma,Marketing,Data Engineer,,4.0,Yes,Office,Hyderabad,Large,Single,6.0,96.0,14,No,143483,201138,
2049,David Carey,56.0,Female,Bachelor's,Sales,Data Engineer,23.0,2.0,No,Hybrid,Hyderabad,Medium,Single,6.0,83.0,0,Yes,57146,179762,
3489,Taylor Hoover,54.0,Male,High School,Finance,ML Engineer,34.0,5.0,No,Hybrid,Chennai,Large,Single,3.0,44.0,13,Yes,100480,195957,
1621,George Evans,56.0,Male,Diploma,Operations,DevOps Engineer,22.0,3.0,No,Hybrid,Mumbai,Startup,Single,3.0,57.0,16,No,143781,136035,
3854,Cynthia Taylor,30.0,Female,Master's,Customer Support,Software Engineer,3.0,2.0,Yes,Office,Faridabad,Large,Married,2.0,89.0,2,No,114540,127627,
4490,Amy Holland,50.0,Female,Diploma,Legal,QA Engineer,4.0,3.0,No,Remote,Chennai,Medium,Married,6.0,60.0,1,No,68507,91001,
4057,Bailey Austin,40.0,Male,,Administration,HR Executive,18.0,2.0,No,Hybrid,Kolkata,Startup,Single,7.0,42.0,14,No,124490,104106,
1508,Melissa Wright,58.0,Male,Bachelor's,HR,Frontend Developer,2.0,1.0,Yes,Hybrid,Bangalore,Large,Married,4.0,44.0,1,No,184927,98693,
1831,Kimberly Harris,38.0,Female,Bachelor's,Customer Support,Database Administrator,3.0,2.0,Yes,Office,Jaipur,Medium,Married,2.0,93.0,3,No,138117,107887,
2333,Jody Roberts,35.0,Female,Bachelor's,Administration,Data Scientist,9.0,4.0,No,Office,Mumbai,Medium,Single,9.0,,5,No,167924,154793,
365,Justin Smith,37.0,Male,Bachelor's,Legal,DevOps Engineer,5.0,3.0,No,Office,Bangalore,Enterprise,Divorced,2.0,43.0,0,No,61269,128875,
715,Julie Vargas,25.0,Male,Bachelor's,Finance,HR Executive,2.0,2.0,No,Office,Bangalore,Startup,Married,,53.0,1,No,89407,71789,
674,Michael Young,54.0,Male,High School,IT,Backend Developer,26.0,,Yes,Office,Pune,Medium,Single,5.0,53.0,16,No,159122,167059,
1177,Keith Green,43.0,Female,Bachelor's,Marketing,Accountant,0.0,1.0,No,Hybrid,Faridabad,Large,Married,0.0,70.0,0,No,321446,163160,
720,Tiffany Walters,51.0,Female,Bachelor's,Research,Cyber Security Analyst,1.0,3.0,No,Office,Lucknow,Medium,Married,9.0,61.0,0,No,54364,105329,
2831,Susan Hanson,51.0,Female,Bachelor's,IT,Frontend Developer,30.0,4.0,No,Hybrid,Mumbai,Startup,Single,3.0,40.0,4,Yes,61486,174401,
460,Christine Patton,48.0,Male,Bachelor's,Marketing,Sales Manager,12.0,2.0,No,Office,Noida,Startup,Married,9.0,67.0,4,No,87560,119990,
2920,Mary Bauer,36.0,Male,High School,Customer Support,Full Stack Developer,5.0,2.0,No,,Noida,Medium,Married,4.0,54.0,4,No,101552,91510,
4130,Albert Alvarez,60.0,Male,Bachelor's,Finance,Data Scientist,10.0,3.0,Yes,Hybrid,Mumbai,Enterprise,Married,3.0,76.0,9,No,67859,155258,
3857,Edward Jensen,32.0,Female,Diploma,IT,Backend Developer,8.0,4.0,No,Office,Ahmedabad,Enterprise,Single,7.0,78.0,7,Yes,90043,140723,
648,Brandy Vaughn,50.0,Male,,Customer Support,Database Administrator,26.0,1.0,Yes,Remote,Jaipur,Large,Married,1.0,71.0,13,No,21408,165520,
2104,Tyrone Johnson MD,54.0,Male,Bachelor's,Marketing,Cloud Engineer,22.0,5.0,No,Hybrid,Delhi,Medium,Single,10.0,90.0,8,No,213068,523329,
4648,Amanda Jackson,36.0,Male,Bachelor's,Marketing,Network Engineer,11.0,,Yes,Hybrid,Noida,Enterprise,Single,8.0,40.0,2,Yes,27206,143352,
3722,Bryan Thomas,36.0,Female,Bachelor's,HR,Data Scientist,16.0,1.0,No,Office,Chennai,Startup,Married,1.0,74.0,10,No,59409,138888,
3707,Andrew Williams,48.0,Female,Bachelor's,IT,Sales Executive,23.0,5.0,Yes,Office,Chennai,Large,Married,0.0,71.0,5,No,184659,159575,
721,Donald Ferguson,31.0,Male,Diploma,,Sales Manager,0.0,4.0,No,Office,Chennai,Medium,Married,10.0,49.0,0,No,46465,94456,
809,Cody Harris,50.0,Female,PhD,Legal,Marketing Manager,6.0,3.0,No,Remote,Faridabad,Medium,Married,0.0,58.0,6,No,34323,146098,
399,Amanda Howell,41.0,Male,Bachelor's,Sales,Database Administrator,9.0,1.0,No,Office,Faridabad,Medium,Married,,95.0,5,No,128612,113170,
3815,Barbara Jackson,,Male,Master's,HR,Finance Analyst,6.0,1.0,Yes,Hybrid,Gurgaon,Large,Married,1.0,64.0,3,No,80990,117671,
1269,Johnny Bowman,49.0,Male,Diploma,Customer Support,Project Manager,4.0,5.0,No,Remote,Ghaziabad,Medium,Single,6.0,44.0,4,No,96369,117456,
3381,Shannon Gutierrez,22.0,Male,,Operations,Marketing Executive,0.0,5.0,No,Office,Bangalore,Startup,Single,10.0,75.0,0,Yes,118503,95453,
2106,Lydia Aguilar,32.0,Male,Bachelor's,HR,Database Administrator,,5.0,Yes,Remote,Ahmedabad,Large,Single,4.0,,2,No,152470,119360,
2858,Miranda Weiss,35.0,Male,Diploma,HR,HR Manager,4.0,1.0,No,Hybrid,Ghaziabad,Enterprise,Single,8.0,64.0,3,No,196701,108996,
3586,Brent Shah,59.0,Male,Diploma,,Marketing Manager,29.0,5.0,No,Hybrid,Delhi,Large,Single,9.0,61.0,0,Yes,131371,208957,
337,Jordan Lambert,24.0,Male,Diploma,IT,Cloud Engineer,1.0,2.0,Yes,Office,Kolkata,Large,Married,8.0,41.0,1,No,96411,107439,
4095,Brady Ortiz,41.0,Female,Master's,Research,Sales Manager,11.0,4.0,Yes,Office,Pune,Medium,Single,3.0,55.0,11,No,94290,148442,
3258,Darlene Palmer,,Female,Diploma,Marketing,Software Engineer,21.0,1.0,No,Hybrid,Indore,Large,Single,5.0,54.0,4,No,97329,145308,
25,Matthew Moore,36.0,Male,Master's,Sales,Marketing Manager,1.0,4.0,No,Hybrid,Delhi,Large,Married,2.0,40.0,0,No,102986,112994,
1129,Kara Gross,37.0,Female,Bachelor's,Operations,Business Analyst,1.0,3.0,No,Hybrid,Indore,Large,Married,6.0,41.0,1,No,56827,97869,
2180,Jessica Wilkerson,26.0,Female,Bachelor's,Research,Marketing Executive,5.0,3.0,Yes,Office,Lucknow,Startup,Married,4.0,94.0,2,Yes,163099,115929,
1489,Victoria Jackson,52.0,Male,PhD,Customer Support,Data Analyst,14.0,2.0,Yes,Hybrid,Jaipur,Startup,Single,4.0,61.0,11,No,37602,153024,
604,Jason Thompson,40.0,Female,Master's,HR,Full Stack Developer,18.0,5.0,Yes,Office,Chennai,Medium,Married,3.0,81.0,12,No,169749,164327,
3342,Scott Vargas,42.0,Female,Bachelor's,Legal,QA Engineer,3.0,3.0,No,Hybrid,Ahmedabad,Medium,Single,0.0,100.0,1,Yes,62830,109457,
2938,Maria Simmons,28.0,Male,Master's,,Project Manager,0.0,2.0,No,Hybrid,Gurgaon,Medium,Single,0.0,97.0,0,No,39251,112814,
4809,Lisa Durham,29.0,Female,Bachelor's,Administration,ML Engineer,9.0,2.0,No,Office,Ghaziabad,Medium,Single,10.0,97.0,5,No,115669,147700,
3170,Susan Williams,21.0,Female,Master's,HR,Full Stack Developer,0.0,3.0,No,Remote,Indore,Startup,Married,10.0,94.0,0,No,52480,118925,
2192,Angelica Petty,56.0,Male,Diploma,IT,Database Administrator,19.0,4.0,No,Hybrid,Bangalore,Enterprise,Single,0.0,95.0,0,No,50766,150899,
3155,Miguel House MD,25.0,Female,Bachelor's,Administration,Database Administrator,1.0,3.0,No,Office,Mumbai,Large,Married,6.0,87.0,0,No,166297,110401,
1016,Cheryl Griffith,50.0,Female,Master's,Finance,Data Scientist,13.0,2.0,No,Remote,Kolkata,Large,Single,5.0,56.0,11,Yes,108291,183820,
3967,Ms. Megan Jenkins,26.0,Male,Master's,Sales,Finance Analyst,,5.0,No,Office,Chennai,Startup,Married,6.0,76.0,2,Yes,89366,123644,
901,Nicholas Kennedy,59.0,Female,Master's,Sales,Sales Executive,,1.0,No,Hybrid,Gurgaon,Enterprise,Divorced,3.0,70.0,15,Yes,163973,154647,
2540,Brianna Curry,59.0,Male,Bachelor's,Marketing,Network Engineer,24.0,5.0,Yes,Remote,Delhi,Large,Married,8.0,83.0,14,Yes,40375,201600,
3528,Katrina Byrd,32.0,Female,High School,Marketing,Network Engineer,0.0,2.0,No,Office,Delhi,Startup,Single,9.0,59.0,0,Yes,43290,83421,
1342,Diana Jefferson DDS,,Female,Diploma,,Software Engineer,1.0,3.0,No,Office,Pune,Medium,Divorced,10.0,100.0,1,Yes,24490,109696,
2235,Chris Lamb,23.0,Female,Master's,IT,Full Stack Developer,2.0,5.0,No,Hybrid,Chennai,Medium,Married,7.0,,0,Yes,116081,134457,
1932,Scott Williamson,48.0,Male,Diploma,Legal,QA Engineer,11.0,1.0,No,Hybrid,Indore,Large,Married,9.0,62.0,5,Yes,33944,125094,
781,Lisa Coleman,40.0,Male,High School,,HR Executive,10.0,2.0,Yes,Office,Noida,Medium,Married,7.0,62.0,0,No,43395,97994,
4012,Allison Lloyd,,Female,Bachelor's,Research,ML Engineer,19.0,1.0,No,Hybrid,Faridabad,Medium,Married,8.0,84.0,13,No,181203,163637,
1986,James Parker,60.0,Male,PhD,IT,Software Engineer,3.0,2.0,No,Hybrid,Chennai,Startup,Married,6.0,47.0,1,No,154632,126871,
2989,Michael Adams,48.0,Female,Bachelor's,Customer Support,Database Administrator,3.0,4.0,Yes,Office,Chennai,Medium,Married,4.0,63.0,0,Yes,242762,246534,
2020,Andrew Shields,38.0,Male,High School,Marketing,HR Manager,18.0,,No,Office,Delhi,Medium,Single,7.0,40.0,3,No,64379,126976,
2079,Michelle Thomas,32.0,Female,Diploma,Legal,Database Administrator,2.0,2.0,No,Office,Mumbai,Medium,Married,6.0,80.0,0,No,52831,89840,
2708,Shelly Jones,24.0,Male,High School,HR,Cyber Security Analyst,,5.0,No,,Lucknow,Medium,Single,4.0,50.0,1,Yes,185944,106521,
2547,Amy Berry,56.0,Male,Diploma,Sales,Marketing Executive,32.0,4.0,No,,Lucknow,Large,Single,7.0,73.0,4,No,52649,180079,
119,Carol Curry,41.0,Female,High School,Sales,HR Executive,20.0,3.0,Yes,Hybrid,Ghaziabad,Large,Single,9.0,43.0,1,No,184433,143202,
815,Dawn Hutchinson,43.0,Male,Bachelor's,Finance,Accountant,12.0,1.0,No,Hybrid,Gurgaon,Medium,Married,9.0,100.0,1,Yes,91641,127105,
2935,Kelsey Everett,48.0,Female,PhD,Customer Support,Backend Developer,,4.0,No,Office,Hyderabad,Medium,Married,8.0,95.0,5,No,170165,172014,
3561,Thomas Ryan,60.0,Male,Master's,IT,HR Executive,15.0,1.0,No,Office,Bangalore,Large,Single,6.0,90.0,5,Yes,183951,146593,
3359,Mrs. Amy Davidson,36.0,Male,Diploma,Legal,Full Stack Developer,10.0,3.0,No,Remote,Delhi,Startup,Single,6.0,94.0,5,No,136051,126016,
2465,Alyssa Lee,54.0,Male,Bachelor's,Finance,Business Analyst,3.0,5.0,Yes,Office,Kolkata,Large,Married,6.0,73.0,2,No,67901,125873,
616,Karen Cruz,35.0,Female,Bachelor's,Finance,HR Executive,6.0,5.0,Yes,Hybrid,Bangalore,Large,Married,4.0,49.0,0,No,135042,107613,
3225,Angelica Kidd,36.0,Female,Diploma,HR,HR Manager,8.0,2.0,Yes,Remote,Noida,Large,Single,0.0,96.0,7,No,197940,112145,
1256,Megan Avery,33.0,Male,PhD,Sales,Data Engineer,11.0,3.0,No,Office,Faridabad,Medium,Married,4.0,58.0,2,No,176102,169422,
598,Jose Richardson,,Male,Bachelor's,IT,Backend Developer,7.0,,No,,Gurgaon,Medium,Married,6.0,90.0,5,No,113708,123094,
752,Nicholas Huff,34.0,Female,Master's,Customer Support,Product Manager,4.0,5.0,Yes,Hybrid,Hyderabad,Startup,Single,6.0,74.0,3,No,198417,154823,
3067,Charles Bell,54.0,Female,Bachelor's,Research,Software Engineer,17.0,2.0,No,Remote,Chennai,Medium,Single,10.0,53.0,12,No,178118,134997,
4780,James Faulkner,36.0,Female,Master's,Customer Support,Data Analyst,12.0,5.0,No,Office,Pune,Medium,Married,7.0,81.0,6,Yes,147658,160776,
3713,Stephen Rush,54.0,Male,Bachelor's,Administration,Network Engineer,8.0,2.0,Yes,Office,Lucknow,Large,Single,2.0,94.0,5,No,52887,120009,
1189,Dorothy Russell,22.0,Female,,Administration,Data Engineer,1.0,3.0,No,Office,Pune,Enterprise,Married,3.0,97.0,1,No,503796,277898,
3862,Rachel Randolph,57.0,Male,Diploma,HR,Product Manager,21.0,1.0,No,Office,Lucknow,Large,Married,2.0,98.0,7,No,187070,171054,
1066,Melissa Lin,22.0,Female,Bachelor's,Research,Frontend Developer,1.0,2.0,No,Hybrid,Kolkata,Medium,Married,5.0,73.0,0,Yes,162423,104724,
788,Janet Martinez,44.0,Female,Diploma,Finance,Marketing Manager,3.0,4.0,No,Remote,Hyderabad,Enterprise,Single,3.0,47.0,2,No,30663,111143,
4029,William Collins,59.0,Female,Diploma,Customer Support,ML Engineer,0.0,3.0,Yes,Office,Hyderabad,Large,Single,0.0,77.0,0,No,79835,116838,
4753,Stephen Abbott,29.0,Male,Master's,IT,Data Scientist,9.0,,Yes,Hybrid,Jaipur,Large,Single,7.0,85.0,8,No,84500,170793,
2818,Victoria Johnson,33.0,Female,Diploma,Operations,Business Analyst,5.0,1.0,Yes,Office,Mumbai,Enterprise,Single,0.0,55.0,0,No,91157,107150,
1697,Daniel Lopez,53.0,Female,High School,Customer Support,DevOps Engineer,29.0,1.0,No,Office,Ahmedabad,Medium,Married,10.0,44.0,19,No,53532,152720,
2230,Edward Ferguson,41.0,Male,Master's,HR,Cloud Engineer,4.0,,No,Hybrid,Gurgaon,Large,Married,10.0,68.0,3,No,179836,142400,
1751,Richard Barrera,49.0,Male,Diploma,Customer Support,HR Manager,6.0,1.0,No,Office,Ahmedabad,Medium,Single,8.0,40.0,1,Yes,137621,101197,
3760,Sara Vasquez,48.0,Male,Bachelor's,Sales,Frontend Developer,15.0,3.0,No,Office,Pune,Startup,Single,9.0,44.0,0,No,24512,119463,
4055,Samantha Decker,28.0,Female,Master's,Research,QA Engineer,8.0,2.0,No,Office,Kolkata,Enterprise,Married,6.0,79.0,0,No,195313,141511,
957,Mark Schmidt,32.0,Male,High School,Finance,DevOps Engineer,11.0,,No,Hybrid,Chennai,Startup,Married,2.0,70.0,11,No,37341,111137,
3807,Brian Lewis,36.0,Female,Bachelor's,Finance,Project Manager,2.0,3.0,No,Hybrid,Chennai,Medium,Married,6.0,86.0,1,No,92974,120282,
4208,James Solis,42.0,Male,Bachelor's,Marketing,Product Manager,,,Yes,Office,Indore,Medium,Married,9.0,80.0,1,Yes,159538,163545,
4151,Jonathan Marsh,33.0,Male,,Legal,Project Manager,6.0,,Yes,Remote,Jaipur,Enterprise,Married,0.0,53.0,6,Yes,69585,165616,
4606,Karen Brown,37.0,Female,Master's,Customer Support,Marketing Manager,4.0,1.0,No,Office,Lucknow,Large,Married,6.0,75.0,3,Yes,93490,139865,
4149,Kimberly Stevenson,25.0,Male,High School,Research,Full Stack Developer,1.0,4.0,Yes,Office,Gurgaon,Enterprise,Married,4.0,70.0,0,No,62301,111372,
1693,Bradley Wilson,,Female,Bachelor's,Marketing,Network Engineer,5.0,1.0,No,Office,Gurgaon,Large,Married,0.0,54.0,4,No,83412,98023,
1291,Jennifer Smith,56.0,Female,Bachelor's,Research,Data Analyst,7.0,5.0,Yes,Hybrid,Pune,Large,Married,3.0,57.0,0,Yes,258858,390039,
1633,Kelly Ramirez,60.0,Male,Master's,Administration,Product Manager,35.0,3.0,No,Office,Delhi,Startup,Single,5.0,91.0,9,No,65738,244150,
3833,Austin Anderson,,Female,Bachelor's,Research,Data Engineer,,5.0,Yes,Office,Indore,Medium,Single,8.0,64.0,9,No,61948,145030,
2098,Crystal Gomez MD,48.0,Female,Bachelor's,Operations,Data Scientist,22.0,3.0,No,Remote,Ahmedabad,Large,Married,2.0,46.0,9,No,459159,357054,
2394,Seth Jordan,54.0,Female,Diploma,Marketing,Product Manager,25.0,2.0,No,Office,Hyderabad,Large,Single,4.0,65.0,10,No,195377,178726,
4890,Emily Robinson,25.0,Female,Bachelor's,,QA Engineer,0.0,5.0,No,Office,Pune,Startup,Single,3.0,48.0,0,No,198761,80679,
4624,William Gregory,45.0,Female,Bachelor's,Marketing,Frontend Developer,19.0,,Yes,Office,Gurgaon,Large,Married,7.0,85.0,0,No,41515,146633,
2388,Heather Smith,29.0,Male,Diploma,Research,Network Engineer,,2.0,Yes,Office,Bangalore,Medium,Married,9.0,40.0,0,No,118911,98543,
3977,Andre Bishop,23.0,Female,Master's,Operations,Accountant,2.0,3.0,No,Office,Pune,Large,Married,3.0,52.0,1,Yes,21610,110897,
3438,Justin Allen,36.0,Female,Bachelor's,IT,Data Scientist,8.0,5.0,No,Hybrid,Jaipur,Large,Single,5.0,85.0,2,No,524396,469353,
4348,Jay Soto,21.0,Female,Bachelor's,Administration,Data Engineer,0.0,1.0,No,Office,Ghaziabad,Medium,Single,,41.0,0,Yes,68938,110883,
2948,Paul Martinez,46.0,Male,Master's,IT,Cyber Security Analyst,22.0,3.0,No,Office,Faridabad,Enterprise,Single,5.0,,11,No,186961,203623,
3327,Marc Grant,35.0,Female,Bachelor's,Legal,Accountant,,3.0,No,Hybrid,Pune,Medium,Married,2.0,88.0,15,No,103231,128764,
611,Robert Norman,40.0,Male,Bachelor's,Customer Support,Business Analyst,16.0,4.0,Yes,Hybrid,Kolkata,Large,Single,10.0,57.0,7,No,55577,161900,
4881,Lisa Frazier,32.0,Male,PhD,HR,Database Administrator,12.0,5.0,No,Office,Jaipur,Startup,Single,6.0,41.0,11,Yes,144242,168087,
4039,Alicia Miller,59.0,Female,Bachelor's,Administration,Data Scientist,27.0,3.0,No,Office,Faridabad,Large,Single,5.0,,16,Yes,99949,205142,
4929,Adrian Grant,,Male,Bachelor's,HR,Accountant,3.0,1.0,Yes,,Pune,Enterprise,Married,3.0,91.0,2,No,68910,110392,
4535,Gina Garcia,58.0,Male,Diploma,Research,HR Executive,16.0,5.0,No,Remote,Pune,Enterprise,Married,5.0,79.0,9,Yes,175616,151274,
1249,Justin Watkins,36.0,Male,Bachelor's,Sales,Accountant,4.0,4.0,No,Office,Mumbai,Enterprise,Single,4.0,81.0,2,No,74551,113020,
4011,Bradley Branch,36.0,Male,,Sales,QA Engineer,5.0,2.0,Yes,Office,Delhi,Startup,Married,6.0,68.0,2,No,33531,90093,
1398,Natalie Burke,24.0,Male,Master's,Sales,Data Analyst,1.0,5.0,Yes,Remote,Ghaziabad,Startup,Single,4.0,99.0,0,No,123528,116682,
3913,Cindy Holmes,46.0,Female,Diploma,Research,Marketing Executive,9.0,1.0,No,Hybrid,Delhi,Medium,Married,9.0,96.0,2,Yes,173442,120720,
4896,William Conner,52.0,Male,Diploma,Administration,Cyber Security Analyst,23.0,4.0,No,Hybrid,Hyderabad,Medium,Married,9.0,75.0,16,Yes,177849,192945,
1745,Pamela Cain,58.0,Female,High School,Administration,Accountant,34.0,3.0,Yes,Hybrid,Noida,Startup,Single,2.0,100.0,14,Yes,93863,176619,
883,Audrey Jackson,54.0,Female,High School,Legal,Backend Developer,1.0,1.0,Yes,Office,Jaipur,Enterprise,Single,2.0,85.0,1,No,78945,98767,
3257,Christian Calderon,48.0,Female,Master's,HR,HR Executive,14.0,4.0,No,Hybrid,Jaipur,Medium,Married,3.0,55.0,4,No,171188,129031,
2716,Tamara Rowland,51.0,Female,Diploma,Operations,Cloud Engineer,17.0,2.0,No,Office,Ghaziabad,Startup,Single,5.0,57.0,8,No,122591,126139,
951,Reginald Hernandez,27.0,Male,Master's,Legal,Network Engineer,2.0,4.0,No,Office,Hyderabad,Large,Married,10.0,86.0,2,No,21320,131688,
2401,Mr. William Martin,24.0,Male,PhD,Marketing,Database Administrator,2.0,2.0,No,Office,Indore,Startup,Single,8.0,46.0,0,No,138374,129140,
214,Nicholas Carpenter,59.0,Male,Bachelor's,Research,Data Scientist,15.0,3.0,No,Office,Mumbai,Enterprise,Married,0.0,51.0,6,No,133053,165156,
3063,Michael Brown,46.0,Male,Master's,Legal,Data Analyst,12.0,,No,Hybrid,Indore,Large,Single,4.0,74.0,6,Yes,140155,147627,
2681,Suzanne Palmer,58.0,Female,Master's,IT,Cloud Engineer,27.0,2.0,No,Office,Gurgaon,Large,Single,0.0,67.0,19,No,49998,184425,
533,Brenda Mcgee,49.0,Female,Bachelor's,Finance,Data Analyst,29.0,3.0,Yes,Office,Gurgaon,Enterprise,Married,0.0,,8,No,87945,188309,
4734,Melissa Ortiz,55.0,Female,High School,Research,HR Executive,4.0,5.0,Yes,Office,Jaipur,Medium,Single,6.0,82.0,1,No,183433,96341,
4577,Roy Mclean,60.0,Male,Diploma,Research,Cyber Security Analyst,23.0,1.0,Yes,Office,Hyderabad,Medium,Single,9.0,57.0,2,No,177845,153980,
4295,Terri Parker,,Male,Master's,Marketing,HR Executive,1.0,5.0,Yes,Hybrid,Kolkata,Large,Married,6.0,91.0,0,No,178250,123461,
624,Melissa Kane,47.0,Female,,HR,Data Analyst,19.0,2.0,No,Office,Bangalore,Large,Single,5.0,79.0,14,No,179855,142848,
1411,Cameron Gill,27.0,Male,Bachelor's,IT,Data Scientist,3.0,5.0,No,Office,Mumbai,Startup,Single,8.0,67.0,2,Yes,103126,136369,
3011,Antonio Stewart,,Female,Bachelor's,Research,Cyber Security Analyst,20.0,2.0,No,Office,Bangalore,Startup,Married,3.0,44.0,9,No,90870,144338,
1054,Leah Cruz,33.0,Female,Bachelor's,Research,Frontend Developer,11.0,3.0,No,Office,Chennai,Large,Married,1.0,78.0,8,No,136193,128324,
1990,Jonathan Andrews,59.0,Female,Diploma,IT,Cyber Security Analyst,,1.0,No,,Chennai,Medium,Married,6.0,100.0,7,Yes,162794,129362,
1154,Mrs. Sonia Blanchard,,Female,,Operations,Software Engineer,,1.0,No,Office,Chennai,Startup,Single,4.0,55.0,7,Yes,123429,119321,
2497,Misty Pittman,54.0,Male,,Legal,HR Manager,32.0,5.0,No,Office,Chennai,Medium,Married,9.0,99.0,9,No,177529,198791,
3987,Christine Colon,51.0,Female,,Finance,Software Engineer,3.0,4.0,Yes,Hybrid,Jaipur,Medium,Married,5.0,49.0,0,No,106538,124261,
4591,Nicholas Owens,55.0,Male,Master's,,Backend Developer,6.0,,No,Office,Delhi,Medium,Single,,41.0,4,No,58060,123365,
4045,Reginald Rogers,40.0,Male,Diploma,,Marketing Executive,11.0,1.0,Yes,Remote,Mumbai,Medium,Married,9.0,73.0,11,Yes,159411,123627,
3384,Diane Garza,,Female,Diploma,Marketing,Sales Executive,21.0,3.0,No,Office,Faridabad,Large,Married,3.0,96.0,8,No,94442,132531,
4436,Martin Rodriguez,,Male,Bachelor's,IT,Frontend Developer,4.0,3.0,No,Office,Bangalore,Medium,Divorced,10.0,48.0,2,Yes,20125,116361,
80,Michael Mcgrath,47.0,Male,Bachelor's,HR,Marketing Manager,16.0,5.0,No,Office,Lucknow,Startup,Single,1.0,67.0,14,No,624624,283338,
4410,Shannon Rose,38.0,Male,PhD,Operations,HR Executive,13.0,4.0,No,Office,Pune,Startup,Divorced,6.0,61.0,8,Yes,145061,150077,
4716,Michelle Howell,49.0,Female,Diploma,HR,Full Stack Developer,28.0,5.0,Yes,Office,Bangalore,Enterprise,Divorced,9.0,54.0,7,No,116976,193387,
831,Karen Garner,22.0,Female,High School,HR,Accountant,2.0,4.0,Yes,Hybrid,Noida,Enterprise,Divorced,10.0,44.0,2,No,108405,102409,
416,Kristie Price,25.0,Male,Diploma,,ML Engineer,0.0,2.0,Yes,,Indore,Medium,Married,6.0,67.0,0,Yes,166161,126540,
4554,Catherine Watson,52.0,Female,Diploma,Customer Support,Frontend Developer,1.0,5.0,No,,Chennai,Large,Married,,47.0,1,No,130953,101373,
1606,Lisa Gutierrez,,Male,,Legal,Data Engineer,25.0,,Yes,Office,Ghaziabad,Medium,Single,2.0,66.0,17,Yes,64515,191620,
2457,Anthony Richardson,59.0,Male,Diploma,Legal,Database Administrator,15.0,1.0,No,Office,Bangalore,Large,Married,7.0,49.0,3,No,84388,131806,
4155,Laura Marquez,54.0,Male,Diploma,Operations,DevOps Engineer,6.0,4.0,No,,Hyderabad,Enterprise,Married,6.0,72.0,2,No,54021,128570,
4747,Tiffany Sharp,,Male,Master's,Marketing,Finance Analyst,14.0,4.0,No,Office,Chennai,Enterprise,Married,5.0,48.0,1,Yes,28243,170040,
2876,Jeffery Price,40.0,Female,Bachelor's,Operations,Project Manager,,2.0,Yes,Office,Indore,Medium,Married,10.0,,13,No,93181,151662,
3666,Bryan Elliott,45.0,Female,Master's,Customer Support,ML Engineer,,2.0,No,Hybrid,Jaipur,Startup,Single,10.0,86.0,14,No,176557,184849,
4004,Marissa Santos,26.0,Male,Bachelor's,Sales,Frontend Developer,4.0,5.0,Yes,Office,Jaipur,Startup,Single,7.0,51.0,4,Yes,123422,125709,
2298,Mark Taylor,24.0,Female,Bachelor's,Customer Support,Database Administrator,2.0,2.0,No,,Mumbai,Large,Single,0.0,65.0,0,No,21615,96497,
439,Ronald Arroyo DVM,42.0,Female,Bachelor's,Sales,Sales Executive,4.0,5.0,No,Office,Chennai,Large,Single,7.0,75.0,0,Yes,90799,119529,
3361,Deborah Lambert,25.0,Male,Bachelor's,Operations,Data Scientist,3.0,3.0,No,Remote,Mumbai,Enterprise,Single,4.0,60.0,2,No,196268,135788,
2407,Shelia Jones,31.0,Male,,,Network Engineer,8.0,2.0,No,Remote,Hyderabad,Startup,Single,3.0,64.0,8,Yes,169369,113338,
542,Kevin Jones,21.0,Male,Master's,Research,Data Engineer,1.0,3.0,No,Hybrid,Gurgaon,Medium,Single,9.0,92.0,1,No,186415,135200,
1804,Caroline Johnson,58.0,Male,Bachelor's,HR,Project Manager,2.0,5.0,No,Remote,Delhi,Medium,Single,5.0,45.0,0,No,21336,118096,
983,Edward Myers,36.0,Male,Diploma,IT,Network Engineer,,,No,Remote,Hyderabad,Medium,Married,1.0,85.0,3,No,157161,97772,
144,Miranda Pham,47.0,Male,High School,Sales,Network Engineer,4.0,4.0,No,Office,Ghaziabad,Enterprise,Single,8.0,91.0,1,Yes,101835,135561,
4620,Alexander Allen,53.0,Female,Master's,Marketing,HR Executive,24.0,4.0,Yes,Remote,Jaipur,Medium,Single,4.0,71.0,2,No,101460,172464,
4456,Richard Davis,58.0,Female,Bachelor's,,Frontend Developer,10.0,1.0,No,Remote,Chennai,Large,Single,9.0,53.0,2,Yes,112743,131161,
1605,Kevin Miller,57.0,Female,Bachelor's,Operations,Business Analyst,17.0,3.0,No,Office,Kolkata,Large,Married,8.0,85.0,5,No,139652,152423,
1676,Amy Dixon,,Male,Bachelor's,Research,Full Stack Developer,0.0,4.0,Yes,Hybrid,Lucknow,Startup,Single,5.0,91.0,0,No,25724,107194,
2392,Joseph Ortega,31.0,Female,Bachelor's,,Data Scientist,,4.0,No,Hybrid,Kolkata,Medium,Single,9.0,78.0,9,No,147416,149330,
2035,Chase Moore,46.0,Male,Bachelor's,Customer Support,HR Executive,5.0,5.0,Yes,Hybrid,Jaipur,Large,Married,9.0,89.0,5,Yes,141321,127563,
3213,Lori Harris,24.0,Female,Diploma,Legal,HR Executive,4.0,1.0,Yes,Office,Ahmedabad,Startup,Married,3.0,60.0,2,No,53180,71075,
4457,Francisco Smith,36.0,Female,Bachelor's,Legal,Accountant,1.0,1.0,Yes,Office,Noida,Large,Married,0.0,57.0,0,No,74901,80176,
292,Christopher Anderson,43.0,Female,Diploma,Legal,ML Engineer,4.0,2.0,Yes,Office,Indore,Startup,Married,2.0,45.0,3,No,117628,106319,
330,Christopher Rodriguez,38.0,Female,Master's,Finance,HR Executive,2.0,4.0,No,Remote,Indore,Large,Married,9.0,74.0,0,No,190851,109999,
4122,Sarah Davis,54.0,Female,Master's,Finance,Finance Analyst,15.0,4.0,Yes,Office,Hyderabad,Startup,Single,10.0,94.0,1,No,152363,157123,
3945,Pamela Warren,36.0,Female,Bachelor's,IT,Marketing Manager,13.0,,No,Hybrid,Noida,Startup,Single,8.0,72.0,6,No,69550,138855,
153,Jaclyn Flores,27.0,Female,,Finance,Sales Manager,3.0,4.0,No,Hybrid,Hyderabad,Enterprise,Single,5.0,45.0,1,No,177584,116440,
492,Kayla Vega,47.0,Female,High School,Sales,Project Manager,,5.0,Yes,,Chennai,Startup,Married,6.0,97.0,3,No,117123,123571,
1916,Cory Lutz,38.0,Male,Master's,,Accountant,12.0,3.0,Yes,Office,Delhi,Startup,Single,6.0,83.0,0,Yes,105122,135399,
949,Mr. Daniel Mcpherson DVM,56.0,Male,Bachelor's,Customer Support,ML Engineer,9.0,4.0,No,Remote,Jaipur,Medium,Single,3.0,97.0,2,Yes,144809,152866,
2901,Michelle Jones,41.0,Male,Bachelor's,Research,Marketing Manager,11.0,4.0,No,Office,Ghaziabad,Enterprise,Divorced,4.0,78.0,0,Yes,60224,163812,
2479,Gary Harris PhD,38.0,Female,Master's,Finance,Data Analyst,15.0,4.0,Yes,Hybrid,Pune,Large,Married,8.0,94.0,5,No,152380,170785,
2270,Brandi Edwards,56.0,Female,Bachelor's,Legal,Database Administrator,3.0,5.0,No,Office,Lucknow,Large,Single,8.0,80.0,0,Yes,151380,134307,
2749,Madison Cruz,53.0,Male,High School,HR,Network Engineer,2.0,2.0,No,Hybrid,Mumbai,Medium,Married,10.0,74.0,1,No,107645,89577,
4897,Jessica Howell,25.0,Female,Bachelor's,Research,Marketing Executive,1.0,5.0,No,Hybrid,Chennai,Medium,Married,,97.0,0,No,129781,101741,
3124,Michael Allen,49.0,Male,High School,IT,Cloud Engineer,21.0,2.0,No,Hybrid,Lucknow,Enterprise,Single,8.0,43.0,16,No,98366,167247,
122,Paul Smith,44.0,Female,High School,Sales,Sales Executive,2.0,,No,Remote,Faridabad,Large,Married,2.0,82.0,1,Yes,124797,91234,
2999,Xavier Mcmahon,54.0,Female,Bachelor's,Administration,Cyber Security Analyst,24.0,5.0,No,Hybrid,Chennai,Enterprise,Married,8.0,73.0,14,No,66970,192913,
2125,Jessica Reeves,23.0,Female,Diploma,Finance,Cyber Security Analyst,1.0,3.0,No,Office,Faridabad,Enterprise,Single,2.0,49.0,1,Yes,93993,121729,
3403,Donald Williams,41.0,Female,Bachelor's,IT,ML Engineer,20.0,4.0,Yes,Hybrid,Chennai,Large,Married,7.0,,8,No,195877,189492,
3196,Kathleen Robinson,57.0,Female,Master's,Marketing,Data Scientist,28.0,1.0,Yes,Office,Kolkata,Large,Married,5.0,,7,No,123848,217123,
1349,Joshua Perez,45.0,Male,Bachelor's,Research,Accountant,21.0,1.0,Yes,Remote,Jaipur,Large,Married,1.0,65.0,5,No,89726,146808,
3934,Tamara Smith,53.0,Female,Bachelor's,,HR Manager,4.0,3.0,Yes,Hybrid,Jaipur,Medium,Married,7.0,62.0,2,No,97020,113703,
1427,Kathleen Sanford,34.0,Female,Bachelor's,HR,Product Manager,10.0,1.0,No,,Pune,Startup,Married,3.0,92.0,10,Yes,32236,139849,
3996,Linda Taylor,56.0,Male,PhD,Finance,Cyber Security Analyst,13.0,2.0,No,Office,Kolkata,Startup,Single,3.0,95.0,10,No,112745,167171,
2519,Barbara Bishop,24.0,Female,Master's,Marketing,Project Manager,1.0,2.0,No,Remote,Ahmedabad,Large,Married,8.0,88.0,1,No,27245,137138,
887,Troy Stevenson,34.0,Male,Diploma,IT,Marketing Executive,9.0,2.0,Yes,Hybrid,Pune,Large,Married,5.0,85.0,3,No,103905,116007,
2337,David Arnold,37.0,Female,Bachelor's,Finance,Data Engineer,8.0,1.0,No,Office,Ahmedabad,Medium,Married,5.0,56.0,7,Yes,118548,131593,
3097,Henry Bryant,39.0,Male,High School,Administration,Finance Analyst,8.0,3.0,Yes,Office,Ghaziabad,Large,Single,6.0,60.0,4,No,58765,112880,
4046,Mike Holloway,22.0,Female,Master's,Research,QA Engineer,0.0,4.0,No,Remote,Jaipur,Large,Married,9.0,95.0,0,Yes,49633,133085,
3652,Aaron Thompson,23.0,Female,Diploma,HR,Cloud Engineer,0.0,3.0,No,Office,Pune,Startup,Divorced,10.0,97.0,0,No,123042,103008,
632,David Brown,26.0,Male,Diploma,Customer Support,Accountant,1.0,5.0,Yes,Remote,Chennai,Startup,Single,8.0,75.0,1,No,66229,92948,
1854,Sabrina Lopez,,Female,,Sales,Finance Analyst,17.0,5.0,No,Office,Noida,Startup,Single,6.0,71.0,12,No,336885,402078,
2036,Jay Watson,46.0,Female,Bachelor's,Legal,Marketing Executive,9.0,3.0,Yes,Office,Lucknow,Large,Married,5.0,,0,Yes,193094,129109,
4762,Patricia Harris,21.0,Female,High School,Operations,Full Stack Developer,0.0,1.0,No,Hybrid,Bangalore,Startup,Married,10.0,,0,No,31552,82416,
890,Darryl Jordan,49.0,Female,Bachelor's,HR,Cyber Security Analyst,8.0,1.0,Yes,Office,Pune,Enterprise,Married,2.0,73.0,0,No,184813,139749,
3322,Charles Weiss,54.0,Male,Master's,Customer Support,Network Engineer,30.0,3.0,No,Office,Ahmedabad,Large,Single,3.0,80.0,13,No,195413,194306,
4068,Andrew King MD,24.0,Female,Bachelor's,,Data Analyst,0.0,5.0,Yes,Office,Gurgaon,Large,Married,5.0,42.0,0,No,129186,104039,
241,Stephanie Adams,50.0,Female,Bachelor's,Operations,Backend Developer,2.0,5.0,No,Hybrid,Lucknow,Startup,Single,2.0,,2,No,92779,95375,
4538,Michelle Alvarez,,Male,,Research,Sales Executive,2.0,5.0,No,Hybrid,Delhi,Enterprise,Single,6.0,70.0,1,No,78089,130624,
2877,Monique Wagner,58.0,Male,Bachelor's,IT,Business Analyst,6.0,3.0,Yes,Hybrid,Kolkata,Medium,Married,9.0,55.0,0,No,185064,118532,
1502,Sandra Johnson,54.0,Male,Master's,Finance,Product Manager,28.0,3.0,Yes,Hybrid,Jaipur,Large,Married,,,2,No,130325,238199,
4718,Michael Lawrence,32.0,Female,Diploma,Marketing,HR Manager,1.0,1.0,No,Hybrid,Mumbai,Large,Married,10.0,71.0,1,No,166625,96784,
4212,Lisa Peters,22.0,Female,Diploma,Marketing,Marketing Executive,2.0,1.0,Yes,Office,Indore,Startup,Married,5.0,,0,Yes,89420,90222,
3942,Michael Taylor,38.0,Female,Diploma,Legal,HR Manager,8.0,2.0,No,Office,Delhi,Enterprise,Married,1.0,,1,Yes,24139,129376,
3689,Kenneth Kennedy,24.0,Female,Master's,IT,Cyber Security Analyst,0.0,5.0,Yes,,Mumbai,Medium,Married,3.0,65.0,0,No,143856,130295,
3253,Tina Baxter,43.0,Male,Master's,Research,Finance Analyst,5.0,5.0,Yes,Office,Jaipur,Startup,Single,6.0,75.0,5,No,136028,128309,
4006,Mary Roman,23.0,Male,Diploma,IT,Data Engineer,1.0,4.0,Yes,Remote,Bangalore,Enterprise,Single,0.0,48.0,1,No,112292,119699,
3336,Steven Hendrix,48.0,Female,Diploma,Legal,Project Manager,23.0,5.0,Yes,Office,Ghaziabad,Medium,Married,3.0,49.0,1,No,182181,175672,
3117,Alexandra Morse,21.0,Male,Master's,IT,Product Manager,1.0,2.0,No,Hybrid,Pune,Large,Single,4.0,65.0,1,No,49377,134295,
1945,Maria Case,22.0,Female,High School,,Finance Analyst,1.0,3.0,No,Hybrid,Bangalore,Medium,Married,6.0,80.0,0,Yes,164512,95693,
1759,Lisa Lawrence,51.0,Female,Master's,Marketing,Software Engineer,26.0,1.0,No,Hybrid,Delhi,Medium,Single,6.0,73.0,7,No,113688,167182,
3796,Ashley Rogers,51.0,Male,High School,Administration,Marketing Executive,29.0,1.0,No,Office,Mumbai,Medium,Married,7.0,87.0,12,No,33261,162256,
483,Elizabeth Haas,60.0,Female,Master's,Marketing,Network Engineer,5.0,1.0,No,Remote,Mumbai,Enterprise,Single,9.0,61.0,3,No,67176,138088,
1027,Tyler Parker,28.0,Female,Master's,Finance,Marketing Manager,0.0,1.0,No,Hybrid,Lucknow,Medium,Married,8.0,73.0,0,No,81788,111541,
3065,Victor Ortiz,25.0,Male,High School,Research,Finance Analyst,3.0,2.0,No,Hybrid,Ghaziabad,Large,Married,7.0,91.0,2,No,37751,98087,
1786,Michael Mueller,51.0,Male,Bachelor's,Operations,Sales Executive,25.0,5.0,No,,Indore,Medium,Married,9.0,75.0,10,No,76209,149483,
1872,Daniel Ryan,48.0,Male,Diploma,Customer Support,HR Manager,23.0,,No,Remote,Jaipur,Startup,Married,8.0,48.0,12,No,22169,133583,
4191,Mr. Joshua Morton,32.0,Male,Diploma,Customer Support,Cloud Engineer,0.0,3.0,No,Remote,Delhi,Large,Married,1.0,57.0,0,Yes,80747,113869,
4590,Nicholas Hoffman,32.0,Female,Diploma,Legal,Cloud Engineer,2.0,5.0,No,Hybrid,Bangalore,Startup,Married,1.0,89.0,1,No,155947,101763,
1797,Alicia Taylor,45.0,Female,Bachelor's,Customer Support,DevOps Engineer,1.0,3.0,Yes,Office,Faridabad,Large,Single,5.0,47.0,1,No,85498,117936,
66,Connie Howell,46.0,Male,Diploma,Sales,HR Executive,20.0,3.0,Yes,Hybrid,Noida,Medium,Divorced,5.0,44.0,0,No,134130,137321,
4322,Allison Pugh,46.0,Male,Bachelor's,Marketing,Sales Executive,14.0,5.0,No,Office,Ghaziabad,Startup,Married,8.0,99.0,12,No,30549,130095,
4467,Tara Bright,27.0,Male,Diploma,Research,Full Stack Developer,5.0,3.0,No,,Gurgaon,Medium,Married,8.0,77.0,5,Yes,167978,120208,
3290,Matthew Campbell,34.0,Female,Master's,Operations,HR Manager,8.0,,Yes,Hybrid,Mumbai,Medium,Single,9.0,41.0,4,No,121921,131333,
3999,Jesse Case,26.0,Male,Bachelor's,Marketing,Sales Manager,3.0,5.0,Yes,Hybrid,Chennai,Startup,Single,6.0,82.0,3,Yes,36539,128770,
3164,Jose Davis,38.0,Female,Diploma,Operations,HR Executive,15.0,4.0,No,Hybrid,Indore,Enterprise,Married,6.0,76.0,8,No,21823,132539,
2815,Ryan Martin,31.0,Male,Master's,Operations,Frontend Developer,4.0,2.0,Yes,Office,Pune,Medium,Single,0.0,67.0,1,No,269476,328962,
357,Dawn Williams,54.0,Female,PhD,Customer Support,Data Scientist,20.0,3.0,Yes,Office,Mumbai,Startup,Married,2.0,95.0,6,No,138313,195459,
393,Tyler Roth,48.0,Male,Bachelor's,Marketing,Sales Manager,20.0,5.0,Yes,Hybrid,Delhi,Medium,Single,9.0,,12,No,105657,169282,
570,Jay Beasley,31.0,Male,Bachelor's,Marketing,QA Engineer,7.0,5.0,No,Remote,Faridabad,Medium,Single,6.0,60.0,4,No,30265,109051,
2047,Pamela Paul,31.0,Female,Bachelor's,Finance,HR Executive,8.0,2.0,No,Hybrid,Hyderabad,Medium,Divorced,8.0,54.0,3,No,27252,90064,
4943,Isabel Anderson,55.0,Male,Bachelor's,HR,Network Engineer,19.0,2.0,No,Office,Jaipur,Large,Single,3.0,47.0,1,No,151894,133921,
3037,Michael Navarro,27.0,Female,Bachelor's,Sales,Finance Analyst,2.0,1.0,Yes,Office,Noida,Startup,Married,5.0,60.0,0,No,191686,89429,
779,Rodney Williams,34.0,Male,Diploma,IT,Network Engineer,0.0,1.0,No,Office,Bangalore,Medium,Married,1.0,79.0,0,Yes,123841,87826,
1482,Virginia Gordon,21.0,Female,Bachelor's,Administration,Business Analyst,0.0,1.0,No,Remote,Chennai,Enterprise,Married,,41.0,0,No,38217,95508,
4260,Amy Medina,47.0,Female,Diploma,Marketing,Accountant,6.0,5.0,No,Hybrid,Chennai,Large,Married,4.0,66.0,0,Yes,126596,115925,
2286,Valerie Kaiser,42.0,Female,High School,Operations,Product Manager,15.0,,No,Remote,Kolkata,Startup,Married,,41.0,3,Yes,168747,146667,
2414,Mrs. Julie Huffman DVM,25.0,Male,Bachelor's,,Sales Executive,2.0,5.0,Yes,Office,Gurgaon,Medium,Single,3.0,,2,Yes,39533,119156,
1966,Lisa Castro,27.0,Male,Bachelor's,Finance,Data Scientist,5.0,4.0,No,Office,Lucknow,Enterprise,Single,8.0,59.0,5,No,191406,147353,
3693,Deborah Miller,49.0,Female,,Marketing,Finance Analyst,3.0,5.0,No,Hybrid,Chennai,Medium,Single,3.0,44.0,1,No,73707,110438,
160,Heather Scott,58.0,Male,Bachelor's,HR,Full Stack Developer,27.0,3.0,Yes,Hybrid,Bangalore,Large,Single,1.0,,2,No,59758,167483,
394,Robert Spencer,22.0,Female,Master's,Operations,Cloud Engineer,0.0,2.0,No,Hybrid,Chennai,Startup,Single,9.0,45.0,0,No,35605,109837,
3428,Peter Williams,39.0,Female,High School,Research,HR Manager,1.0,,No,Remote,Delhi,Startup,Single,9.0,56.0,0,Yes,33781,79213,
1258,Stacey Jackson,38.0,Female,High School,Customer Support,Marketing Executive,17.0,5.0,Yes,Remote,Pune,Startup,Single,5.0,96.0,9,Yes,40645,142495,
2397,Jennifer Snow,47.0,Male,Bachelor's,Marketing,Network Engineer,2.0,5.0,No,Office,Pune,Medium,Single,5.0,50.0,2,No,71790,102110,
4765,Harry Ryan,56.0,Male,Bachelor's,Customer Support,Accountant,32.0,4.0,No,,Faridabad,Large,Single,3.0,97.0,14,No,172557,185387,
846,Heather Allen,28.0,Male,Diploma,Finance,Project Manager,4.0,,Yes,,Bangalore,Large,Single,2.0,61.0,3,No,65819,125717,
4788,Traci Armstrong MD,31.0,Female,Diploma,Sales,Data Analyst,2.0,2.0,Yes,Hybrid,Ahmedabad,Startup,Single,7.0,50.0,0,No,155500,80425,
252,Sarah Daniels,35.0,Male,Diploma,Research,Data Analyst,13.0,1.0,Yes,Office,Hyderabad,Large,Married,2.0,61.0,7,No,125892,228702,
324,Douglas Joseph,,Female,,IT,Project Manager,4.0,5.0,Yes,Hybrid,Hyderabad,Large,Married,8.0,62.0,2,No,141118,156510,
2533,Angie Edwards,44.0,Male,Bachelor's,IT,Cloud Engineer,14.0,2.0,No,Office,Faridabad,Startup,Married,9.0,73.0,13,Yes,168850,155416,
1944,Jeffrey Burton,48.0,Female,Bachelor's,HR,DevOps Engineer,13.0,,Yes,Hybrid,Indore,Enterprise,Single,1.0,67.0,5,No,125408,160268,
3941,Aaron Mendoza,31.0,Female,Diploma,Finance,Network Engineer,3.0,1.0,No,Hybrid,Faridabad,Medium,Single,3.0,60.0,1,Yes,191379,98646,
469,Terrence Hill,35.0,Male,High School,Sales,Data Analyst,2.0,3.0,Yes,Office,Chennai,Startup,Married,4.0,55.0,0,No,31162,78412,
2309,Eric Lamb,48.0,Male,High School,Customer Support,Product Manager,18.0,2.0,No,Office,Hyderabad,Medium,Married,2.0,73.0,16,Yes,162513,155290,
2583,Cynthia Morales,56.0,Male,Diploma,Customer Support,Backend Developer,20.0,2.0,Yes,Office,Delhi,Enterprise,Married,1.0,50.0,16,No,128151,146520,
1026,Carol Gomez,39.0,Female,Bachelor's,Customer Support,Accountant,16.0,4.0,No,Hybrid,Pune,Large,Married,0.0,88.0,2,No,98156,139563,
4466,Andrea Williams,40.0,Male,High School,Marketing,Frontend Developer,14.0,4.0,No,Office,Gurgaon,Enterprise,Single,1.0,68.0,13,No,73556,129018,
3441,Kerri Landry,,Male,Diploma,Customer Support,Cyber Security Analyst,0.0,4.0,Yes,Office,Bangalore,Large,Single,2.0,,0,No,162545,112168,
407,Brandon Smith,56.0,Female,Diploma,Administration,Accountant,16.0,1.0,Yes,Hybrid,Ahmedabad,Medium,Married,6.0,72.0,0,No,121164,115335,
716,Jonathan Miller,21.0,Male,PhD,Legal,Marketing Manager,1.0,2.0,Yes,Hybrid,Delhi,Startup,Married,8.0,55.0,0,No,189770,136088,
4441,Craig Davila,49.0,Female,High School,Legal,HR Manager,8.0,1.0,No,Office,Bangalore,Medium,Single,5.0,60.0,7,No,159258,95947,
3836,Rebecca York,38.0,Female,Diploma,Finance,Cyber Security Analyst,6.0,3.0,No,Office,Indore,Large,Single,9.0,45.0,2,No,82784,121545,
988,Toni Huff,33.0,Female,Bachelor's,Legal,Frontend Developer,3.0,3.0,No,Remote,Indore,Medium,Single,4.0,73.0,0,No,155362,103277,
4424,Cole French,30.0,Male,Bachelor's,Customer Support,Full Stack Developer,0.0,5.0,Yes,,Gurgaon,Medium,Married,5.0,88.0,0,No,140014,122920,
4524,Catherine Lin,24.0,Male,Bachelor's,Research,Business Analyst,0.0,3.0,Yes,Hybrid,Ghaziabad,Medium,Single,0.0,90.0,0,No,70088,95102,
1596,Donna Hill,27.0,Female,Master's,Sales,Cloud Engineer,4.0,4.0,Yes,Remote,Pune,Enterprise,Married,6.0,47.0,4,No,158123,153913,
1544,Mark Jackson,31.0,Female,Bachelor's,Research,Marketing Manager,10.0,2.0,Yes,Hybrid,Delhi,Large,Single,3.0,,1,Yes,154482,142545,
141,Michael Zimmerman,55.0,Male,Bachelor's,Research,HR Manager,5.0,3.0,No,Remote,Pune,Startup,Single,8.0,75.0,4,No,26710,104391,
4131,Christine Bryant,51.0,Male,High School,HR,Data Analyst,3.0,3.0,No,Hybrid,Gurgaon,Medium,Single,9.0,68.0,2,Yes,77402,99718,
4274,Bethany Cole,48.0,Male,Diploma,Operations,Marketing Executive,11.0,5.0,No,,Delhi,Large,Single,6.0,96.0,0,No,104337,120579,
3625,Joshua Parks,29.0,Female,Bachelor's,Sales,Database Administrator,1.0,4.0,Yes,Office,Ahmedabad,Medium,Single,8.0,57.0,0,Yes,90455,117237,
2777,Marc Adkins,46.0,Female,Diploma,Administration,HR Executive,12.0,1.0,Yes,Remote,Noida,Large,Married,2.0,96.0,11,No,194436,114199,
4069,Sarah Stanton,32.0,Male,Diploma,,Network Engineer,10.0,1.0,Yes,Hybrid,Mumbai,Large,Married,0.0,86.0,0,No,155767,123889,
3957,Michael Pruitt,47.0,Female,Bachelor's,Customer Support,Cloud Engineer,27.0,1.0,No,Office,Jaipur,Medium,Married,0.0,63.0,2,Yes,24921,190073,
390,Elizabeth Cruz,45.0,Male,Bachelor's,Operations,Sales Manager,1.0,3.0,No,Hybrid,Lucknow,Enterprise,Single,9.0,88.0,1,No,96298,130395,
2509,Mark Combs,57.0,Male,Master's,Operations,Frontend Developer,12.0,4.0,No,Hybrid,Hyderabad,Medium,Married,4.0,50.0,0,No,98509,134120,
3246,Lisa Pace,51.0,Male,Bachelor's,IT,Finance Analyst,8.0,3.0,Yes,Hybrid,Mumbai,Large,Single,5.0,71.0,7,Yes,72510,137619,
1447,Sarah Bowman,35.0,Female,Master's,Operations,Software Engineer,4.0,4.0,Yes,Hybrid,Noida,Startup,Single,8.0,93.0,0,No,153592,127377,
2966,Steven Owen,59.0,Female,Bachelor's,Marketing,Cyber Security Analyst,34.0,1.0,No,Remote,Pune,Enterprise,Married,3.0,66.0,15,No,735680,433766,
3669,Travis Miller,30.0,Male,Master's,Finance,QA Engineer,1.0,5.0,No,Hybrid,Pune,Enterprise,Single,9.0,52.0,1,No,61012,128656,
2780,Jose Cole,53.0,Female,Diploma,Operations,Sales Manager,19.0,,No,,Kolkata,Medium,Single,1.0,83.0,13,Yes,93423,169497,
1625,Nathan Martin,56.0,Male,Diploma,Operations,Cyber Security Analyst,32.0,4.0,No,Remote,Chennai,Large,Single,8.0,53.0,7,No,199881,198048,
1659,Kayla Quinn,47.0,Male,Master's,Customer Support,Accountant,9.0,3.0,Yes,Remote,Faridabad,Large,Single,0.0,93.0,3,No,85657,129131,
4400,Jose Estrada,26.0,Male,Master's,Research,HR Executive,,5.0,No,Hybrid,Kolkata,Medium,Married,4.0,100.0,2,Yes,99884,125164,
1062,Margaret Hayes,45.0,Male,Master's,Legal,Backend Developer,25.0,5.0,No,Office,Hyderabad,Medium,Single,10.0,61.0,1,No,117807,186784,
1501,Sandra Gray,56.0,Male,Diploma,Operations,Sales Executive,28.0,5.0,Yes,Office,Jaipur,Medium,Married,,,18,No,97668,164127,
1254,Teresa Henderson,56.0,Male,Diploma,Legal,QA Engineer,21.0,1.0,Yes,Office,Gurgaon,Startup,Married,8.0,48.0,16,No,22192,121581,
2799,Billy Potts,47.0,Female,High School,IT,Sales Manager,9.0,1.0,Yes,Office,Hyderabad,Medium,Married,1.0,87.0,9,No,108672,111979,
333,Ryan Lawson,43.0,Male,Bachelor's,HR,Accountant,14.0,4.0,No,Hybrid,Jaipur,Large,Married,2.0,73.0,11,No,107173,135378,
1151,Michael Beck,26.0,Female,Diploma,Sales,Accountant,0.0,3.0,No,Hybrid,Pune,Medium,Single,9.0,89.0,0,Yes,179027,96978,
3571,Tammy Beltran,52.0,Male,Bachelor's,,QA Engineer,22.0,4.0,Yes,Remote,Lucknow,Large,Single,7.0,70.0,12,No,24530,174523,
4220,Anthony Hobbs,,Male,PhD,IT,Data Engineer,1.0,2.0,No,,Pune,Startup,Single,8.0,89.0,0,No,125787,142469,
1152,Jonathan Cox,40.0,Male,Diploma,IT,HR Manager,9.0,,No,Office,Jaipur,Large,Single,10.0,74.0,5,No,85573,124563,
3894,Paula Henry,28.0,Male,Bachelor's,Administration,Frontend Developer,1.0,5.0,Yes,Hybrid,Noida,Large,Divorced,0.0,43.0,1,No,167929,101389,
3391,Adam Raymond,,Male,Bachelor's,IT,Business Analyst,8.0,5.0,No,Office,Gurgaon,Enterprise,Married,1.0,87.0,7,No,118234,137422,
3746,Diane Schmidt,50.0,Female,Bachelor's,IT,Accountant,9.0,2.0,Yes,Hybrid,Kolkata,Startup,Married,9.0,58.0,2,No,108942,108238,
2144,Jessica Smith,50.0,Female,Bachelor's,Marketing,ML Engineer,6.0,4.0,No,Hybrid,Ghaziabad,Medium,Married,8.0,66.0,2,No,375201,413730,
3829,Bradley Noble,22.0,Female,Bachelor's,IT,HR Executive,2.0,4.0,No,,Jaipur,Startup,Single,0.0,47.0,2,No,107054,66627,
3348,Bailey Smith,42.0,Male,Diploma,Customer Support,Marketing Executive,4.0,4.0,No,Office,Chennai,Startup,Married,4.0,79.0,0,No,43855,84643,
4174,Michelle Friedman,51.0,Female,Diploma,Sales,Product Manager,4.0,1.0,Yes,Office,Pune,Startup,Single,10.0,46.0,3,No,97559,115855,
964,Dylan Curry,42.0,Female,High School,HR,Project Manager,7.0,5.0,No,Hybrid,Ghaziabad,Large,Single,8.0,58.0,2,Yes,141403,147118,
4550,Michael Carter,40.0,Male,PhD,Finance,QA Engineer,1.0,3.0,Yes,Hybrid,Lucknow,Startup,Married,,76.0,1,No,128087,123286,
3263,Tracey Flynn,48.0,Female,Master's,Finance,Sales Executive,26.0,1.0,No,Hybrid,Chennai,Large,Single,6.0,79.0,10,No,46066,164976,
3846,Jacqueline Freeman,23.0,Female,Diploma,Marketing,Business Analyst,1.0,2.0,No,Office,Ghaziabad,Medium,Single,6.0,52.0,1,No,120135,86529,
4272,Victor Werner,28.0,Male,Master's,Sales,HR Executive,2.0,4.0,No,Hybrid,Chennai,Medium,Married,6.0,42.0,0,No,45089,96648,
35,Devon Brennan,,Male,Bachelor's,Finance,Data Scientist,19.0,2.0,No,Hybrid,Mumbai,Medium,Married,1.0,98.0,12,Yes,21015,175142,
3407,Breanna Williams,37.0,Male,Diploma,Research,Data Engineer,0.0,4.0,No,,Chennai,Large,Single,0.0,85.0,0,No,77906,104837,
612,Bryan Cuevas,41.0,Male,Bachelor's,Research,Data Analyst,5.0,5.0,No,,Chennai,Medium,Single,0.0,43.0,4,No,142537,91444,
4559,Robert Edwards,,Female,Master's,Customer Support,QA Engineer,23.0,4.0,Yes,Hybrid,Lucknow,Large,Married,4.0,54.0,13,No,153135,171796,
1332,Kelly Mitchell,37.0,Female,Diploma,Customer Support,Software Engineer,12.0,5.0,Yes,Office,Kolkata,Medium,Single,,59.0,5,No,110380,129964,
2467,Brian Kent PhD,,Female,Bachelor's,Customer Support,Project Manager,4.0,2.0,No,Remote,Gurgaon,Medium,Married,2.0,75.0,4,No,180171,114646,
2421,Mary Harris,21.0,Female,Bachelor's,Operations,Data Engineer,1.0,2.0,No,Remote,Indore,Medium,Married,1.0,85.0,1,No,153795,103334,
603,Ann Thompson,25.0,Female,,IT,Network Engineer,0.0,3.0,Yes,Office,Kolkata,Large,Married,2.0,62.0,0,No,126034,120145,
3331,Jacob Jennings,31.0,Male,Bachelor's,Research,Cyber Security Analyst,3.0,4.0,No,Hybrid,Kolkata,Medium,Single,,71.0,1,No,118859,117639,
382,Stephanie Lopez,43.0,Male,Bachelor's,,HR Executive,6.0,2.0,Yes,Remote,Noida,Enterprise,Single,3.0,,1,No,25147,107221,
856,Rebecca Martin,42.0,Female,Bachelor's,,Marketing Executive,17.0,4.0,Yes,Office,Indore,Medium,Married,2.0,53.0,17,No,156763,131930,
47,Nancy Morales,50.0,Female,Bachelor's,Research,Backend Developer,23.0,3.0,No,Office,Jaipur,Medium,Divorced,3.0,58.0,19,No,188048,142819,
81,Gilbert Logan,52.0,Male,Diploma,Operations,HR Executive,3.0,2.0,No,Office,Pune,Startup,Married,3.0,98.0,2,No,47083,65761,
1496,Caleb Callahan,46.0,Female,Bachelor's,Sales,Sales Manager,13.0,5.0,No,Hybrid,Indore,Enterprise,Single,8.0,68.0,10,No,64857,155024,
3574,Scott Chang,38.0,Male,High School,Marketing,Cloud Engineer,13.0,4.0,No,Office,Jaipur,Medium,Single,1.0,44.0,11,No,162122,122278,
3420,Heather Mata,31.0,Male,Bachelor's,Marketing,Sales Manager,4.0,2.0,No,Office,Jaipur,Enterprise,Single,0.0,76.0,1,No,155406,113636,
1820,Rebecca Ray,45.0,Female,Bachelor's,Operations,DevOps Engineer,22.0,5.0,No,Office,Jaipur,Enterprise,Married,3.0,66.0,14,Yes,189791,191417,
2163,Michael Meyers,,Female,Master's,Legal,Database Administrator,16.0,2.0,No,Remote,Jaipur,Medium,Single,3.0,54.0,15,No,96974,134336,
639,Emily Garza,25.0,Female,Bachelor's,Administration,Finance Analyst,5.0,1.0,No,Hybrid,Lucknow,Enterprise,Single,0.0,81.0,3,No,56996,111157,
1403,Whitney Larsen,29.0,Male,Diploma,Operations,Cloud Engineer,0.0,5.0,No,Hybrid,Mumbai,Medium,Single,7.0,56.0,0,No,65262,100714,
3603,Robert Cervantes,38.0,Female,Diploma,Administration,Data Engineer,,2.0,No,Hybrid,Kolkata,Startup,Single,3.0,93.0,8,No,103683,128657,
2187,Tammy Benitez,21.0,Female,Bachelor's,Sales,Database Administrator,1.0,,No,Remote,Noida,Enterprise,Single,4.0,97.0,0,No,148919,116427,
724,Tara Williams,29.0,Female,Bachelor's,Sales,Data Engineer,6.0,2.0,No,,Delhi,Medium,Single,3.0,55.0,6,No,114593,113008,
1363,Raven Kelly,57.0,Female,Bachelor's,Sales,Software Engineer,25.0,1.0,Yes,Office,Noida,Large,Married,10.0,74.0,6,Yes,113513,187339,
3109,Jeffery Coffey,48.0,Male,Bachelor's,Marketing,Business Analyst,19.0,2.0,No,Hybrid,Gurgaon,Medium,Married,8.0,88.0,7,Yes,81011,170293,
1984,Mary Marshall,59.0,Female,Master's,Research,Software Engineer,28.0,3.0,Yes,Hybrid,Noida,Enterprise,Single,,44.0,20,No,117084,191632,
882,Alan Mclean,26.0,Male,Bachelor's,Marketing,Data Engineer,1.0,2.0,No,Remote,Jaipur,Medium,Single,7.0,42.0,1,Yes,115894,118814,
1968,Michael King,34.0,Female,Bachelor's,HR,Network Engineer,9.0,1.0,No,Office,Noida,Medium,Single,,67.0,7,No,191524,116354,
2972,Nicole Walsh,30.0,Male,Bachelor's,Customer Support,QA Engineer,,2.0,No,Office,Mumbai,Medium,Single,9.0,65.0,1,Yes,151439,110599,
3496,Heather Carpenter,25.0,Male,Diploma,HR,Accountant,2.0,5.0,No,Office,Lucknow,Large,Married,8.0,96.0,1,No,47109,102477,
222,David Williams,54.0,Female,High School,Administration,DevOps Engineer,14.0,2.0,No,Hybrid,Lucknow,Large,Married,0.0,74.0,4,Yes,192075,141339,
2812,James Flores,33.0,Male,Bachelor's,Marketing,ML Engineer,9.0,4.0,Yes,Office,Bangalore,Medium,Single,1.0,67.0,7,No,178325,150271,
4340,Eric Mendoza,39.0,Female,Master's,Legal,Software Engineer,,1.0,No,Office,Mumbai,Enterprise,Divorced,7.0,72.0,5,No,186881,133939,
2199,Nathan Rodriguez,29.0,Male,Diploma,,Full Stack Developer,9.0,1.0,No,Hybrid,Jaipur,Large,Single,6.0,69.0,3,No,110896,123800,
4362,Chelsea Grimes,45.0,Female,Bachelor's,Research,Sales Executive,19.0,2.0,Yes,Hybrid,Indore,Startup,Single,,98.0,11,No,126195,135521,
972,Oscar Oliver,42.0,Male,High School,Legal,Network Engineer,3.0,5.0,Yes,Remote,Kolkata,Enterprise,Married,10.0,74.0,2,No,61876,123604,
53,Catherine Thomas,51.0,Female,Bachelor's,Sales,Marketing Manager,14.0,5.0,No,Hybrid,Faridabad,Large,Married,2.0,90.0,3,No,144714,146861,
3247,Justin Solis,22.0,Male,Diploma,HR,Marketing Executive,0.0,1.0,No,Remote,Mumbai,Medium,Single,1.0,64.0,0,Yes,57580,77517,
4202,Tina Campbell,53.0,Female,Master's,Sales,Full Stack Developer,8.0,1.0,No,Office,Kolkata,Medium,Married,10.0,44.0,1,No,113836,130722,
4810,Steven Hernandez,27.0,Female,Bachelor's,Marketing,Finance Analyst,6.0,5.0,No,Hybrid,Mumbai,Medium,Married,7.0,47.0,0,Yes,122630,124229,
3434,Monica Acevedo,22.0,Male,Diploma,Operations,Cyber Security Analyst,,1.0,No,,Lucknow,Enterprise,Married,,66.0,2,No,71029,113389,
3820,Linda Wright,57.0,Female,Diploma,Administration,Sales Executive,24.0,1.0,Yes,Hybrid,Delhi,Medium,Married,2.0,100.0,9,No,65871,132180,
2084,Helen Hall,39.0,Male,Bachelor's,Operations,Sales Manager,10.0,1.0,No,Hybrid,Hyderabad,Large,Married,2.0,69.0,1,Yes,106019,133101,
505,Christine Morris,,Male,Diploma,,HR Executive,9.0,,Yes,Remote,Faridabad,Large,Married,9.0,95.0,3,No,168190,117443,
2355,Kayla Turner,24.0,Female,Diploma,Administration,Sales Manager,4.0,2.0,No,Remote,Hyderabad,Enterprise,Married,6.0,54.0,1,No,45282,115498,
375,Tiffany Solomon,35.0,Female,High School,Marketing,Frontend Developer,10.0,,No,Remote,Hyderabad,Medium,Married,10.0,77.0,9,Yes,175642,130066,
4748,Stephanie Washington,26.0,Male,Bachelor's,Operations,Accountant,1.0,5.0,Yes,Office,Pune,Large,Single,0.0,81.0,0,No,118172,97243,
876,Jodi Wu,43.0,Male,Master's,Legal,Data Engineer,11.0,2.0,No,Hybrid,Bangalore,Large,Single,2.0,82.0,7,No,133216,150536,
4286,Joseph Henry,24.0,Female,PhD,,Cyber Security Analyst,3.0,2.0,No,Office,Mumbai,Medium,Married,8.0,56.0,1,Yes,118573,156249,
1822,Krystal Ross,,Male,Master's,HR,Cloud Engineer,4.0,4.0,No,Office,Jaipur,Enterprise,Single,1.0,,3,Yes,32021,145520,
1311,Raymond White,57.0,Female,Master's,Operations,Data Engineer,31.0,1.0,Yes,Office,Lucknow,Medium,Single,3.0,93.0,4,No,61767,207964,
4399,Tonya Graham,48.0,Female,Diploma,Finance,Data Analyst,11.0,4.0,No,Remote,Jaipur,Startup,Married,6.0,67.0,11,No,176208,106156,
952,John Wilson,21.0,Male,Bachelor's,HR,Marketing Manager,0.0,3.0,Yes,Remote,Hyderabad,Large,Married,6.0,93.0,0,Yes,129910,129524,
1856,Diana Shields,59.0,Male,Master's,Administration,Accountant,11.0,2.0,No,Hybrid,Noida,Large,Married,9.0,68.0,5,Yes,88748,146598,
1920,Howard Faulkner,,Male,,Legal,DevOps Engineer,12.0,5.0,Yes,Office,Indore,Startup,Married,3.0,,1,No,59293,160703,
610,Jeffrey Jones DDS,47.0,Female,Bachelor's,Finance,Data Engineer,,4.0,Yes,,Lucknow,Large,Married,,77.0,12,No,156559,157808,
2175,Amanda Sullivan,53.0,Male,High School,Research,ML Engineer,7.0,3.0,No,Office,Indore,Enterprise,Married,4.0,83.0,4,Yes,71313,152821,
4188,Joseph Murphy,23.0,Female,Master's,Finance,Marketing Executive,2.0,4.0,No,Office,Ahmedabad,Medium,Married,1.0,97.0,2,Yes,175502,115325,
2946,Morgan Jacobs,,Female,High School,Finance,Network Engineer,5.0,3.0,No,,Indore,Medium,Married,6.0,98.0,3,No,121270,101449,
1834,Christopher Bell,41.0,Male,Bachelor's,IT,Project Manager,21.0,1.0,Yes,Hybrid,Pune,Startup,Single,5.0,64.0,9,No,46403,162927,
4886,Regina White,30.0,Female,PhD,Marketing,Sales Manager,8.0,2.0,No,Remote,Faridabad,Enterprise,Married,1.0,73.0,7,No,21196,160004,
654,Destiny Torres,40.0,Male,Bachelor's,IT,Cyber Security Analyst,6.0,2.0,Yes,Office,Gurgaon,Medium,Married,6.0,99.0,4,No,62192,127301,
4662,Matthew Patterson,31.0,Male,High School,Operations,Data Scientist,10.0,2.0,No,Hybrid,Pune,Large,Single,2.0,67.0,3,No,74839,120928,
763,Andrew Knox,49.0,Female,Diploma,,DevOps Engineer,4.0,5.0,No,Remote,Bangalore,Enterprise,Single,3.0,93.0,4,Yes,199541,146601,
4094,Jeffrey Conrad,45.0,Male,Bachelor's,Sales,Full Stack Developer,20.0,1.0,No,Remote,Delhi,Medium,Single,7.0,76.0,13,No,66327,145586,
215,Jason Moore,29.0,Male,Diploma,Sales,Product Manager,4.0,5.0,Yes,Office,Noida,Medium,Married,5.0,93.0,0,No,270807,277874,
4397,Jacqueline York,38.0,Male,Bachelor's,IT,Data Scientist,1.0,1.0,Yes,Hybrid,Ghaziabad,Enterprise,Married,5.0,95.0,1,No,171269,138229,
551,Kristin Davis,26.0,Male,Bachelor's,Customer Support,Network Engineer,3.0,5.0,No,Office,Ghaziabad,Large,Married,3.0,61.0,1,Yes,44561,126392,
2686,Thomas Ward,50.0,Male,High School,Finance,HR Manager,2.0,2.0,No,Office,Ahmedabad,Enterprise,Single,9.0,68.0,2,No,121778,101541,
3017,Joshua Roberts,56.0,Male,Bachelor's,Sales,Data Scientist,18.0,2.0,No,Office,Delhi,Enterprise,Married,7.0,74.0,2,No,176819,174828,
4452,Jeffrey Nguyen,38.0,Male,Master's,Marketing,Data Analyst,17.0,,Yes,Office,Ahmedabad,Medium,Married,3.0,71.0,17,No,108000,150404,
2431,Brent Gibson,32.0,Male,Bachelor's,IT,Marketing Manager,2.0,2.0,Yes,,Bangalore,Medium,Married,4.0,94.0,0,No,152011,116210,
2066,Amy Klein,54.0,Male,High School,Administration,Database Administrator,21.0,2.0,Yes,Remote,Indore,Large,Single,10.0,41.0,17,Yes,158763,164840,
2162,Patricia Jones,56.0,Male,High School,,Project Manager,33.0,2.0,No,Office,Ahmedabad,Medium,Married,9.0,88.0,20,No,79019,173805,
2889,Albert Carter,56.0,Male,High School,Finance,Finance Analyst,33.0,1.0,Yes,Office,Faridabad,Startup,Married,2.0,73.0,4,No,78669,171305,
303,Melinda Harmon,38.0,Male,Bachelor's,Operations,Sales Executive,1.0,2.0,Yes,Remote,Kolkata,Startup,Single,8.0,91.0,1,No,122780,93077,
4632,Rhonda Sharp,50.0,Female,Bachelor's,Administration,Product Manager,19.0,4.0,Yes,Remote,Chennai,Enterprise,Single,1.0,74.0,8,No,166497,185442,
1494,Cindy Willis,31.0,Male,Bachelor's,Research,Data Engineer,,,Yes,Office,Gurgaon,Medium,Divorced,7.0,57.0,4,No,59170,131880,
4555,Erin Collins,47.0,Male,Bachelor's,Marketing,Sales Manager,21.0,1.0,No,Remote,Pune,Startup,Married,10.0,72.0,10,No,195212,140148,
2393,Daniel Preston,27.0,Female,Bachelor's,Sales,Network Engineer,3.0,3.0,No,Office,Gurgaon,Large,Married,1.0,82.0,1,No,143555,100961,
4783,Traci Hayes,53.0,Female,Master's,Finance,Cloud Engineer,1.0,5.0,No,Hybrid,Noida,Medium,Married,1.0,55.0,0,Yes,155899,128680,
3956,Brian Yang,60.0,Male,Diploma,Finance,Data Engineer,22.0,3.0,No,Hybrid,Lucknow,Large,Married,5.0,42.0,2,No,123419,158019,
2444,Lindsey Barnes,50.0,Female,Bachelor's,Finance,Business Analyst,21.0,3.0,No,Hybrid,Delhi,Medium,Single,3.0,56.0,11,No,141110,146865,
3927,Brittany Malone,55.0,Female,Bachelor's,Sales,Accountant,33.0,5.0,Yes,Hybrid,Ahmedabad,Large,Married,7.0,54.0,20,No,719824,630849,
3340,Joshua Bailey,51.0,Female,Bachelor's,Research,QA Engineer,7.0,5.0,Yes,Office,Delhi,Enterprise,Married,,92.0,7,No,29503,147221,
2031,Scott Carter,23.0,Male,Master's,Legal,Project Manager,1.0,2.0,No,Remote,Kolkata,Large,Married,8.0,83.0,1,No,147611,138367,
4493,Anthony Leblanc,30.0,Male,Master's,Legal,QA Engineer,4.0,3.0,No,Office,Kolkata,Medium,Married,8.0,59.0,3,No,184000,115222,
1561,Lauren Howard,32.0,Female,Master's,HR,QA Engineer,,3.0,No,Hybrid,Delhi,Enterprise,Divorced,4.0,61.0,0,No,98229,126158,
2145,Courtney Santiago,28.0,Female,Diploma,IT,Full Stack Developer,7.0,2.0,No,Office,Lucknow,Medium,Married,0.0,49.0,0,No,132453,99701,
1632,Karen Campos,59.0,Male,Diploma,HR,ML Engineer,14.0,1.0,No,Hybrid,Ahmedabad,Large,Single,1.0,93.0,4,No,165222,143944,
1101,Michelle Williams,39.0,Male,,Customer Support,Cloud Engineer,14.0,1.0,Yes,Remote,Faridabad,Medium,Divorced,8.0,62.0,4,No,55677,140581,
3365,Jacqueline Lloyd,31.0,Female,Bachelor's,Finance,Backend Developer,0.0,4.0,Yes,Office,Ahmedabad,Medium,Single,6.0,67.0,0,No,94957,107254,
1068,Evan Hernandez,56.0,Female,Master's,Research,Project Manager,17.0,2.0,No,Remote,Gurgaon,Startup,Single,10.0,49.0,17,Yes,50448,167698,
4678,Teresa Martin,37.0,Female,Bachelor's,HR,Database Administrator,12.0,4.0,Yes,Hybrid,Indore,Enterprise,Married,9.0,56.0,5,No,34711,154955,
4982,Jeffrey Chapman,,Female,Master's,Customer Support,Database Administrator,7.0,1.0,No,Office,Pune,Medium,Married,4.0,57.0,6,Yes,131307,126429,
2164,Joshua Williams,26.0,Male,Master's,Sales,Backend Developer,4.0,5.0,No,Hybrid,Ghaziabad,Startup,Single,7.0,61.0,0,No,87229,118121,
1808,Chloe Preston,54.0,Female,,Finance,DevOps Engineer,26.0,5.0,Yes,Hybrid,Kolkata,Enterprise,Single,7.0,54.0,5,No,122690,193938,
213,Carlos Velez,25.0,Female,Master's,Administration,Cloud Engineer,0.0,1.0,No,Office,Faridabad,Enterprise,Married,,71.0,0,No,246183,261830,
2284,Jesse Cole,30.0,Male,Bachelor's,Operations,Project Manager,5.0,3.0,Yes,Hybrid,Bangalore,Large,Married,1.0,54.0,5,No,159969,132092,
4003,Dr. Michelle Williams,58.0,Female,Diploma,Finance,DevOps Engineer,4.0,5.0,No,Office,Mumbai,Large,Married,8.0,43.0,2,Yes,165896,132003,
3952,Erika Sanders,56.0,Male,Diploma,Finance,Software Engineer,0.0,5.0,No,,Ahmedabad,Startup,Single,5.0,80.0,0,No,118045,90561,
1812,Katherine Lewis,27.0,Male,,Research,Software Engineer,6.0,5.0,No,Hybrid,Chennai,Large,Single,6.0,,5,No,67350,116777,
1517,Christopher Brady,45.0,Male,Master's,IT,Data Engineer,12.0,5.0,No,Office,Indore,Medium,Single,6.0,82.0,7,No,51146,158641,
1922,Susan Morrison,47.0,Female,Master's,Customer Support,Marketing Manager,,5.0,No,Remote,Chennai,Medium,Single,8.0,41.0,17,No,105470,198227,
245,Christopher Webb,51.0,Male,Bachelor's,IT,Network Engineer,20.0,4.0,No,Remote,Jaipur,Startup,Single,8.0,71.0,14,No,39692,159745,
3904,Dustin Wood,49.0,Male,High School,Legal,Sales Manager,3.0,3.0,No,Remote,Bangalore,Startup,Divorced,0.0,83.0,3,No,33221,87304,
4511,Sarah West,26.0,Male,Bachelor's,Legal,Data Scientist,5.0,1.0,No,Remote,Ahmedabad,Large,Single,3.0,52.0,2,Yes,69869,129307,
2516,Jonathan Moore,30.0,Female,Diploma,IT,Software Engineer,3.0,,No,Hybrid,Noida,Medium,Single,7.0,42.0,2,Yes,100387,100898,
1687,David Bowen,27.0,Female,Diploma,HR,Data Scientist,2.0,3.0,No,Office,Faridabad,Large,Single,1.0,96.0,2,No,103222,116601,
737,Debbie Hodges,47.0,Male,Master's,Administration,DevOps Engineer,5.0,2.0,No,Office,Ghaziabad,Medium,Single,7.0,,1,No,198527,129035,
4766,Meagan Martin,21.0,Female,,Administration,Marketing Manager,0.0,4.0,Yes,Remote,Noida,Enterprise,Single,3.0,61.0,0,No,91470,130696,
2021,Juan Combs,51.0,Male,Diploma,Finance,Cyber Security Analyst,11.0,2.0,No,Remote,Mumbai,Large,Single,10.0,55.0,2,No,91882,137116,
548,Wesley Russell,53.0,Male,Master's,Legal,Cloud Engineer,,4.0,Yes,Hybrid,Noida,Medium,Single,7.0,63.0,4,No,171306,144734,
2082,Riley Green,45.0,Male,Diploma,Customer Support,DevOps Engineer,14.0,2.0,No,Hybrid,Gurgaon,Medium,Married,5.0,98.0,13,No,93150,132574,
607,Sally Wilkins,54.0,Male,Bachelor's,Operations,Finance Analyst,16.0,2.0,No,Hybrid,Indore,Enterprise,Married,,71.0,12,No,84814,153344,
3159,Tamara Santana,60.0,Male,Master's,Operations,Product Manager,16.0,3.0,No,Office,Lucknow,Medium,Married,1.0,45.0,15,No,70687,172215,
674,Michael Young,54.0,Male,High School,IT,Backend Developer,26.0,,Yes,Office,Pune,Medium,Single,5.0,53.0,16,No,159122,167059,
4812,Daniel Wright,56.0,Male,Diploma,IT,Network Engineer,3.0,5.0,No,Remote,Pune,Medium,Married,1.0,43.0,2,No,129301,97934,
2785,Jake Ruiz,56.0,Female,Master's,Finance,Cyber Security Analyst,31.0,5.0,No,Hybrid,Faridabad,Startup,Married,7.0,77.0,2,No,20364,203902,
3734,Tara Rodriguez,35.0,Male,PhD,HR,Marketing Executive,2.0,1.0,No,Office,Lucknow,Startup,Married,9.0,82.0,1,No,105077,118160,
1,Jason Lewis,59.0,Male,Master's,Marketing,ML Engineer,28.0,2.0,Yes,Office,Pune,Medium,Single,2.0,61.0,20,No,84925,211299,
4296,Linda Coleman,56.0,Female,High School,IT,Project Manager,8.0,3.0,No,Remote,Ghaziabad,Medium,Married,0.0,45.0,1,Yes,26365,115524,
501,Kayla Paul,54.0,Male,Bachelor's,IT,Backend Developer,27.0,1.0,No,Remote,Ahmedabad,Large,Single,5.0,84.0,17,Yes,59220,188234,
4472,Joseph Burke,48.0,Male,Master's,Legal,Full Stack Developer,,2.0,No,Hybrid,Indore,Enterprise,Single,4.0,69.0,8,Yes,141620,203687,
1521,John Clarke,,Male,Bachelor's,Customer Support,Marketing Manager,9.0,3.0,Yes,Office,Ahmedabad,Large,Married,10.0,73.0,9,Yes,188246,159986,
2850,Chase Waters,59.0,Male,Bachelor's,Finance,Full Stack Developer,21.0,3.0,Yes,Hybrid,Indore,Medium,Married,9.0,87.0,18,No,100777,170030,
90,Jamie Odonnell,39.0,Female,Master's,Customer Support,Sales Executive,13.0,,Yes,Office,Gurgaon,Medium,Divorced,8.0,98.0,2,Yes,28946,151928,
2415,Jason Ross,51.0,Male,Diploma,IT,Marketing Manager,21.0,5.0,Yes,Office,Noida,Startup,Single,3.0,94.0,12,No,73726,168242,
4683,Stephanie Gonzales,31.0,Female,Master's,Customer Support,Marketing Manager,2.0,1.0,No,Hybrid,Gurgaon,Enterprise,Single,10.0,50.0,1,No,105559,130636,
4693,Tonya Jacobs,,Male,Master's,Marketing,Software Engineer,23.0,5.0,No,Office,Hyderabad,Startup,Single,0.0,55.0,16,No,273160,509373,
4219,Natalie Rowland,44.0,Female,Bachelor's,IT,Product Manager,19.0,4.0,No,Office,Indore,Medium,Single,9.0,65.0,0,Yes,29244,177492,
1193,Jason Owens,54.0,Male,Bachelor's,Research,Sales Manager,20.0,2.0,No,,Ghaziabad,Enterprise,Single,3.0,62.0,20,Yes,85355,178408,
448,James Roberts,50.0,Female,Master's,IT,Marketing Manager,9.0,,No,Office,Lucknow,Startup,Single,10.0,48.0,5,No,154704,142149,
2354,Michele Warner,28.0,Female,Bachelor's,Sales,Frontend Developer,3.0,2.0,No,Office,Ghaziabad,Medium,Married,6.0,66.0,2,No,184318,92632,
140,Carrie Goodwin,35.0,Female,Master's,Operations,Accountant,7.0,4.0,Yes,Remote,Pune,Enterprise,Married,1.0,64.0,7,No,194023,133358,
863,Thomas Browning,45.0,Female,Master's,HR,Sales Manager,13.0,3.0,No,Office,Pune,Medium,Single,8.0,64.0,5,Yes,63755,164433,
264,Brandy Gardner,45.0,Male,Bachelor's,HR,Cloud Engineer,13.0,3.0,Yes,Remote,Bangalore,Enterprise,Single,1.0,51.0,8,No,124501,150849,
1382,Kevin Wilson,51.0,Female,Bachelor's,Legal,Frontend Developer,0.0,5.0,Yes,Hybrid,Faridabad,Enterprise,Single,0.0,88.0,0,Yes,115502,124801,
3492,Lori Rhodes,33.0,Male,Bachelor's,HR,DevOps Engineer,6.0,,No,Hybrid,Bangalore,Medium,Married,4.0,51.0,5,No,20722,117237,
1105,Jamie Humphrey,56.0,Male,Bachelor's,Research,Sales Executive,34.0,2.0,Yes,Office,Bangalore,Large,Divorced,9.0,98.0,16,Yes,64379,209139,
4492,Marc Mccoy,57.0,Female,Master's,Research,Backend Developer,11.0,5.0,No,Office,Jaipur,Medium,Married,10.0,97.0,3,Yes,74660,168927,
740,Jonathan Bailey,60.0,Female,Diploma,Customer Support,Data Engineer,2.0,1.0,No,Hybrid,Ahmedabad,Medium,Single,,63.0,1,No,113885,94010,
3557,Jeremy Parker,,Female,Master's,Customer Support,Database Administrator,6.0,5.0,Yes,Office,Indore,Medium,Single,6.0,93.0,4,No,149939,146414,
1669,Alyssa Bryant,33.0,Female,Master's,Research,Network Engineer,3.0,4.0,No,Office,Gurgaon,Large,Married,5.0,,2,No,80161,123127,
3804,Julie Wallace,44.0,Female,Bachelor's,Operations,Sales Executive,13.0,1.0,No,Hybrid,Pune,Medium,Single,0.0,69.0,4,No,70842,107687,
708,Denise Pearson,21.0,Female,Bachelor's,HR,Cyber Security Analyst,,5.0,No,Office,Lucknow,Enterprise,Married,,66.0,0,No,42564,115929,
2580,Jessica Day,37.0,Female,Bachelor's,Finance,Backend Developer,16.0,4.0,No,Office,Delhi,Startup,Single,1.0,47.0,9,Yes,121552,137729,
630,Thomas Holder DVM,45.0,Male,High School,IT,Cloud Engineer,21.0,5.0,No,Hybrid,Noida,Medium,Married,6.0,44.0,6,No,29759,141552,
4403,Carlos Raymond,40.0,Female,Master's,,Data Engineer,20.0,2.0,No,Office,Indore,Large,Married,10.0,86.0,8,No,172757,187485,
3601,Jimmy Williams,37.0,Male,,Legal,Full Stack Developer,11.0,1.0,Yes,Office,Chennai,Enterprise,Married,2.0,57.0,2,No,99327,141220,
4150,Corey Morse,51.0,Male,Master's,Customer Support,DevOps Engineer,13.0,4.0,No,Office,Kolkata,Startup,Single,10.0,80.0,0,No,163409,161907,
742,Christopher Henderson,44.0,Male,Bachelor's,Marketing,Marketing Manager,,4.0,No,Office,Ghaziabad,Large,Single,4.0,45.0,8,No,43225,135743,
4956,David Taylor,,Female,Bachelor's,Sales,Project Manager,0.0,5.0,Yes,Hybrid,Jaipur,Enterprise,Married,4.0,,0,Yes,36099,148539,
462,Natasha Barnes,38.0,Female,High School,Finance,Frontend Developer,18.0,4.0,Yes,Office,Delhi,Large,Single,4.0,51.0,4,Yes,29491,146451,
619,Brian Wiggins,,Female,Master's,Marketing,Sales Executive,20.0,,No,Office,Hyderabad,Medium,Single,2.0,65.0,19,No,97338,142022,
1639,Barbara Tran,34.0,Male,,,Cyber Security Analyst,13.0,3.0,No,Remote,Gurgaon,Startup,Single,9.0,73.0,9,No,97863,152357,
2387,Michael Hall,45.0,Male,Bachelor's,Sales,Data Analyst,10.0,,No,Hybrid,Kolkata,Enterprise,Single,0.0,86.0,8,No,65160,130231,
898,Susan Bird,55.0,Female,Bachelor's,Marketing,Product Manager,4.0,1.0,Yes,Office,Faridabad,Medium,Single,10.0,52.0,3,No,175337,134510,
4674,Julia Hernandez,32.0,Female,High School,Operations,HR Manager,12.0,1.0,No,Hybrid,Chennai,Medium,Married,8.0,57.0,3,No,122243,99433,
2193,Heather Brock,42.0,Male,Master's,HR,Sales Manager,,1.0,No,Remote,Delhi,Large,Single,6.0,54.0,0,Yes,147776,134259,
578,Mary Larson,49.0,Female,Bachelor's,Finance,Cyber Security Analyst,0.0,3.0,No,Hybrid,Kolkata,Large,Married,4.0,43.0,0,No,156311,104857,
2089,Steven Kirby,52.0,Male,Master's,Sales,Network Engineer,0.0,5.0,No,Remote,Lucknow,Enterprise,Married,7.0,44.0,0,Yes,103779,143384,
509,Bryce Harris,38.0,Male,Bachelor's,HR,Network Engineer,17.0,1.0,Yes,Office,Indore,Enterprise,Married,5.0,98.0,15,No,194223,164871,
1690,Charles Grant,45.0,Male,Diploma,IT,Accountant,18.0,2.0,No,Remote,Gurgaon,Enterprise,Married,5.0,93.0,5,No,59760,148699,
3969,Christopher Clay,46.0,Male,Bachelor's,Customer Support,Project Manager,6.0,5.0,No,Office,Lucknow,Large,Single,4.0,46.0,2,Yes,169928,145761,
2755,Angela Greene,46.0,Female,Bachelor's,Operations,Full Stack Developer,,4.0,No,Office,Lucknow,Large,Divorced,0.0,54.0,14,Yes,139101,183766,
316,Devin Sanders,42.0,Female,Master's,Operations,Business Analyst,21.0,1.0,No,Remote,Delhi,Large,Single,1.0,66.0,10,No,30400,148564,
278,Adriana Richard,43.0,Male,PhD,Finance,Data Analyst,7.0,1.0,No,Remote,Indore,Medium,Married,10.0,64.0,7,Yes,183539,156024,
2495,Richard Carroll,,Female,Bachelor's,Sales,QA Engineer,3.0,,No,Hybrid,Lucknow,Medium,Single,6.0,67.0,1,No,121778,104071,
4718,Michael Lawrence,32.0,Female,Diploma,Marketing,HR Manager,1.0,1.0,No,Hybrid,Mumbai,Large,Married,10.0,71.0,1,No,166625,96784,
1041,Gary Sweeney,24.0,Female,Diploma,IT,Product Manager,0.0,3.0,No,Remote,Gurgaon,Medium,Single,0.0,44.0,0,No,30022,99924,
3022,Alicia Parker,31.0,Female,,Operations,Data Scientist,,1.0,No,Office,Jaipur,Medium,Single,,88.0,1,Yes,26042,111109,
2320,Sonya Browning,43.0,Male,Bachelor's,Sales,QA Engineer,13.0,5.0,No,Office,Ahmedabad,Medium,Married,10.0,45.0,5,No,127582,133943,
1011,Crystal Thomas MD,59.0,Male,Master's,Finance,Sales Executive,17.0,4.0,Yes,Office,Ahmedabad,Large,Married,7.0,84.0,3,No,128871,174807,
3997,Pam Tucker,23.0,Male,Diploma,Legal,QA Engineer,2.0,,No,,Delhi,Medium,Married,5.0,87.0,1,Yes,29707,106872,
4697,Heather Gould,58.0,Female,Bachelor's,Finance,Software Engineer,6.0,4.0,No,Remote,Ghaziabad,Medium,Married,7.0,74.0,4,No,85246,122080,
4101,Gloria Wolf,48.0,Female,Bachelor's,Customer Support,Project Manager,23.0,2.0,No,,Noida,Large,Married,5.0,67.0,7,No,65545,184327,
589,Claire Freeman,49.0,Female,Diploma,Customer Support,HR Manager,18.0,4.0,No,Hybrid,Pune,Startup,Married,6.0,55.0,6,No,78445,121162,
1758,Connor Henderson,41.0,Male,Master's,Research,Accountant,7.0,3.0,No,Office,Kolkata,Large,Single,5.0,68.0,4,No,20188,123337,
3205,Aaron Sloan,25.0,Male,Bachelor's,Research,Cloud Engineer,2.0,2.0,Yes,Hybrid,Gurgaon,Medium,Single,1.0,73.0,2,No,66100,108233,
672,Matthew Lawson,36.0,Female,Bachelor's,Customer Support,Data Analyst,12.0,4.0,No,Hybrid,Ahmedabad,Startup,Married,2.0,56.0,4,No,138523,105221,
353,Stephanie May,27.0,Female,,HR,Backend Developer,0.0,5.0,Yes,,Mumbai,Startup,Married,9.0,49.0,0,No,54235,94226,
2191,Aaron Hicks,59.0,Male,Diploma,HR,ML Engineer,34.0,1.0,No,Hybrid,Noida,Large,Married,1.0,76.0,6,No,27247,180423,
4183,Timothy Morris,45.0,Female,High School,Customer Support,Finance Analyst,22.0,4.0,No,Office,Gurgaon,Medium,Single,4.0,99.0,20,No,49872,141835,
2922,Thomas Harris,30.0,Female,Bachelor's,Marketing,HR Executive,0.0,2.0,Yes,Office,Chennai,Startup,Married,8.0,73.0,0,No,99458,84075,
566,Steven Sanders,33.0,Female,Diploma,Research,Frontend Developer,8.0,1.0,Yes,Hybrid,Ahmedabad,Enterprise,Single,6.0,53.0,4,No,61190,114471,
4609,Ronald Hodge,59.0,Female,Master's,Legal,Sales Manager,,5.0,Yes,Hybrid,Pune,Startup,Divorced,1.0,73.0,9,No,75883,172648,
1458,Nathan Pena,,Female,Diploma,Legal,ML Engineer,8.0,3.0,No,Hybrid,Noida,Startup,Single,3.0,56.0,0,No,76862,122725,
1124,Cole Dominguez,59.0,Male,Bachelor's,Finance,Project Manager,19.0,5.0,Yes,Hybrid,Chennai,Medium,Single,4.0,86.0,11,No,38462,174935,
4352,Danielle Fowler,52.0,Male,Master's,Marketing,Database Administrator,10.0,5.0,No,Office,Jaipur,Medium,Married,0.0,90.0,0,No,90065,134684,
3408,Carlos Murphy,53.0,Male,Diploma,IT,QA Engineer,32.0,1.0,No,Office,Lucknow,Large,Single,8.0,40.0,10,No,166230,158968,
4617,Bonnie Burns,40.0,Female,Bachelor's,Marketing,Network Engineer,19.0,1.0,No,Office,Ahmedabad,Large,Divorced,6.0,57.0,9,Yes,107095,147569,
4794,Sean Gallagher,27.0,Female,Bachelor's,Administration,Marketing Manager,,3.0,No,Office,Ghaziabad,Large,Single,1.0,97.0,4,No,146773,119344,
1601,Jodi Wagner,40.0,Male,Bachelor's,Legal,Accountant,16.0,5.0,Yes,Hybrid,Indore,Enterprise,Single,7.0,51.0,8,Yes,136659,165769,
55,Larry Johnson,25.0,Female,Bachelor's,IT,DevOps Engineer,4.0,3.0,No,Remote,Bangalore,Enterprise,Single,4.0,,1,No,432255,258506,
1510,Dawn Church,36.0,Male,Diploma,IT,DevOps Engineer,14.0,3.0,No,,Indore,Medium,Married,6.0,99.0,3,Yes,130261,150987,
3710,Cody Moore,33.0,Male,Diploma,Operations,Cloud Engineer,5.0,3.0,No,Office,Bangalore,Enterprise,Single,6.0,99.0,0,No,178725,139196,
730,Susan Dawson,56.0,Male,Diploma,Administration,ML Engineer,19.0,2.0,No,Office,Chennai,Medium,Single,4.0,85.0,8,No,35729,155021,
1343,Claudia Orr,38.0,Female,Bachelor's,Finance,Database Administrator,9.0,5.0,No,Office,Noida,Medium,Married,9.0,62.0,5,Yes,101438,143931,
1789,Gregory Taylor,52.0,Female,Bachelor's,IT,Cyber Security Analyst,1.0,2.0,No,Office,Hyderabad,Large,Single,3.0,51.0,0,Yes,77714,119064,
2330,Faith Cox,33.0,Female,Diploma,Legal,Network Engineer,0.0,2.0,Yes,Office,Bangalore,Large,Single,6.0,42.0,0,No,159030,98877,
1590,Cory Strong,44.0,Female,High School,Legal,Marketing Manager,16.0,5.0,Yes,Hybrid,Jaipur,Startup,Married,5.0,52.0,5,Yes,44680,147677,
626,Alexis Brown,36.0,Male,Bachelor's,Customer Support,Software Engineer,15.0,2.0,Yes,Hybrid,Jaipur,Large,Single,9.0,88.0,9,No,52596,150245,
2516,Jonathan Moore,30.0,Female,Diploma,IT,Software Engineer,3.0,,No,,Noida,Medium,Single,7.0,42.0,2,Yes,100387,100898,
91,Angela Brown,35.0,Male,Bachelor's,Marketing,Marketing Manager,0.0,4.0,No,Hybrid,Lucknow,Enterprise,Single,0.0,90.0,0,No,92099,121610,
4327,Susan Warren,36.0,Female,High School,,Product Manager,11.0,1.0,Yes,Office,Hyderabad,Startup,Married,0.0,40.0,6,No,103768,119402,
2070,Mark Russell,38.0,Male,Bachelor's,Sales,DevOps Engineer,2.0,2.0,No,Remote,Chennai,Startup,Single,5.0,55.0,1,No,56069,93004,
765,Edward Peters,33.0,Female,Bachelor's,Research,DevOps Engineer,,4.0,No,Office,Hyderabad,Medium,Married,5.0,87.0,0,No,26259,106433,
1756,Jose Hobbs,43.0,Male,Bachelor's,Finance,Network Engineer,23.0,5.0,No,Hybrid,Ahmedabad,Medium,Divorced,1.0,45.0,8,No,156687,151076,
3148,Darius Wiley,50.0,Female,Master's,Marketing,Network Engineer,19.0,4.0,No,Hybrid,Indore,Startup,Married,3.0,89.0,18,Yes,468892,526716,
4128,Matthew Rivera,35.0,Female,Bachelor's,Marketing,QA Engineer,1.0,1.0,Yes,Remote,Jaipur,Large,Single,1.0,83.0,0,No,176054,98485,
2322,Shelby Lee,,Female,Master's,HR,Frontend Developer,9.0,4.0,Yes,Hybrid,Noida,Medium,Married,1.0,44.0,1,No,59900,126377,
2507,Jessica Taylor,41.0,Male,Diploma,,Cloud Engineer,6.0,1.0,No,Remote,Noida,Large,Single,6.0,51.0,1,No,69652,109111,
4845,Karen Morris,45.0,Male,Diploma,,Frontend Developer,21.0,4.0,No,Remote,Lucknow,Enterprise,Single,0.0,51.0,1,Yes,89352,171981,
4170,Jessica Miller,55.0,Male,Bachelor's,IT,DevOps Engineer,25.0,5.0,No,Office,Faridabad,Large,Single,10.0,66.0,1,No,44421,188300,
4433,Stephanie Hickman,34.0,Male,Bachelor's,Research,Network Engineer,2.0,3.0,No,Remote,Indore,Large,Married,6.0,73.0,1,No,168908,108614,
423,Adam King,41.0,Female,Bachelor's,Finance,Network Engineer,4.0,5.0,No,Office,Lucknow,Medium,Married,8.0,,2,No,176568,110983,
1462,Rose Pena,34.0,Female,Bachelor's,Customer Support,Backend Developer,9.0,5.0,No,Hybrid,Faridabad,Large,Single,7.0,72.0,6,Yes,93106,144560,
4423,Paula Jones,24.0,Male,Bachelor's,Sales,Data Engineer,0.0,,No,Office,Ghaziabad,Large,Divorced,8.0,41.0,0,No,121824,110511,
2043,Mark Russell,21.0,Female,Master's,Finance,Backend Developer,0.0,1.0,Yes,Hybrid,Chennai,Large,Married,10.0,70.0,0,Yes,121048,129365,
3268,Samuel Nguyen,37.0,Male,Master's,Operations,Cyber Security Analyst,1.0,4.0,No,Hybrid,Delhi,Large,Married,5.0,61.0,0,Yes,196077,137636,
1865,Daniel Mills,36.0,Female,Bachelor's,Administration,Backend Developer,2.0,2.0,No,Office,Hyderabad,Startup,Married,0.0,99.0,1,No,150258,92232,
515,Michael Hernandez,51.0,Male,Bachelor's,IT,DevOps Engineer,18.0,3.0,No,,Faridabad,Medium,Married,4.0,,13,No,37165,144160,
4670,Bryan Cruz,30.0,Male,Master's,Legal,Product Manager,0.0,4.0,Yes,Office,Lucknow,Large,Married,8.0,53.0,0,No,87635,147664,
3826,David Shaw,58.0,Female,Master's,Sales,ML Engineer,8.0,5.0,No,Office,Ghaziabad,Enterprise,Married,1.0,66.0,6,Yes,140794,182497,
4795,Brandi Hart,,Male,Bachelor's,Finance,QA Engineer,,3.0,No,,Gurgaon,Medium,Single,5.0,71.0,8,No,34589,118285,
2623,Heather Shea,36.0,Male,Master's,Finance,Data Analyst,10.0,5.0,No,Hybrid,Noida,Medium,Married,2.0,95.0,3,Yes,87438,155810,
1509,Cassandra Martinez,41.0,Male,Master's,Customer Support,HR Manager,4.0,3.0,No,Hybrid,Bangalore,Large,Divorced,6.0,49.0,1,No,66116,112121,
2706,Angela Johnson,59.0,Male,Diploma,Administration,Cyber Security Analyst,21.0,4.0,Yes,Hybrid,Lucknow,Large,Married,4.0,61.0,8,No,39817,162752,
562,Cynthia Douglas,56.0,Female,Master's,Operations,Data Engineer,8.0,3.0,Yes,Remote,Ghaziabad,Medium,Married,,53.0,6,No,60581,144992,
4363,Mitchell Cardenas,37.0,Male,Diploma,Legal,Full Stack Developer,8.0,5.0,No,Office,Hyderabad,Large,Single,8.0,55.0,5,No,187822,129039,
2944,Mary Martin,27.0,Male,High School,HR,Database Administrator,6.0,3.0,No,,Faridabad,Medium,Single,4.0,46.0,0,Yes,74024,107835,
3241,Michael Hamilton,31.0,Male,Diploma,Sales,Data Scientist,4.0,2.0,No,Hybrid,Mumbai,Medium,Single,7.0,79.0,4,No,104227,116165,
1888,Jenna Robinson,55.0,Male,Bachelor's,Research,Business Analyst,32.0,3.0,Yes,Office,Chennai,Large,Single,7.0,63.0,15,No,71774,203686,
662,Jesus Johnson,47.0,Female,Master's,Legal,DevOps Engineer,27.0,2.0,No,Office,Faridabad,Medium,Married,4.0,97.0,5,No,140179,195521,
3690,Edward Garrett,60.0,Male,,Marketing,Product Manager,18.0,3.0,No,Hybrid,Indore,Large,Single,10.0,75.0,12,No,191130,176053,
2137,Cameron Dillon,41.0,Male,High School,Legal,Frontend Developer,5.0,5.0,No,Office,Jaipur,Enterprise,Single,4.0,58.0,1,Yes,75197,123470,
2827,Troy Glover,46.0,Male,Master's,,HR Manager,13.0,1.0,No,Hybrid,Pune,Medium,Single,,41.0,8,Yes,113850,145869,
4754,Jamie Novak,26.0,Female,Bachelor's,Legal,Project Manager,2.0,,Yes,Hybrid,Jaipur,Medium,Single,2.0,98.0,0,Yes,33487,132100,
4501,Patricia Navarro,21.0,Male,Diploma,HR,HR Executive,0.0,1.0,No,Remote,Bangalore,Large,Married,2.0,70.0,0,No,149715,65353,
1815,Donald Brooks,53.0,Female,Master's,,Cyber Security Analyst,21.0,3.0,No,Hybrid,Hyderabad,Large,Divorced,9.0,100.0,14,No,121678,201101,
1316,Matthew Mcdowell,33.0,Male,Master's,Administration,Backend Developer,11.0,2.0,No,Remote,Delhi,Enterprise,Single,1.0,,4,No,31629,147053,
2342,Laura Coleman,37.0,Female,Diploma,Research,Network Engineer,11.0,4.0,No,Remote,Gurgaon,Enterprise,Single,7.0,60.0,6,Yes,150709,153938,
1400,Chris Davis,,Female,PhD,Customer Support,Frontend Developer,4.0,4.0,Yes,Office,Pune,Startup,Divorced,0.0,70.0,0,No,150030,133311,
786,Tiffany Vargas,30.0,Female,Bachelor's,Legal,Sales Manager,4.0,4.0,Yes,Office,Delhi,Large,Married,8.0,76.0,3,No,97755,126368,
1631,Jessica Ward,50.0,Male,Master's,HR,Network Engineer,24.0,,No,Hybrid,Delhi,Enterprise,Married,6.0,93.0,13,No,156987,178413,
4120,Susan Duncan,41.0,Female,Master's,HR,DevOps Engineer,8.0,3.0,No,Hybrid,Mumbai,Enterprise,Single,2.0,75.0,0,No,156160,148751,
1295,Samantha Henderson,35.0,Male,Diploma,Research,ML Engineer,14.0,1.0,Yes,Hybrid,Ahmedabad,Medium,Married,7.0,61.0,1,Yes,27661,152840,
2806,Breanna Cox,24.0,Male,Diploma,Operations,Project Manager,3.0,,Yes,Office,Indore,Startup,Married,8.0,45.0,1,No,160610,119852,
667,Jasmine Harrison,25.0,Male,Bachelor's,,Product Manager,1.0,1.0,No,Office,Gurgaon,Medium,Single,6.0,58.0,1,No,160710,114624,
3034,Mary Williams,46.0,Female,Bachelor's,Research,Database Administrator,9.0,5.0,No,Hybrid,Gurgaon,Medium,Single,3.0,100.0,3,No,96524,129726,
2174,Tami Arnold,23.0,Male,PhD,Customer Support,ML Engineer,2.0,,Yes,Office,Kolkata,Large,Married,4.0,91.0,0,No,88163,178355,
2471,Jonathan Walker,31.0,Female,Bachelor's,Legal,Sales Executive,4.0,1.0,Yes,Office,Gurgaon,Startup,Single,3.0,69.0,3,Yes,92691,99670,
4234,George Tanner,40.0,Female,Diploma,Operations,Finance Analyst,11.0,5.0,No,Hybrid,Delhi,Medium,Single,4.0,69.0,4,No,68217,110505,
2870,Christopher Fletcher,32.0,Female,Diploma,Customer Support,Business Analyst,9.0,2.0,No,Remote,Kolkata,Medium,Married,8.0,70.0,8,No,197345,112603,
3177,Mark Black,48.0,Female,Bachelor's,HR,Marketing Executive,14.0,2.0,Yes,Remote,Jaipur,Medium,Married,2.0,84.0,9,Yes,114868,143352,
1383,Alice Stewart,56.0,Female,High School,,Business Analyst,7.0,5.0,No,Office,Gurgaon,Medium,Married,6.0,,6,Yes,146947,118343,
2963,Mrs. Emily Joyce DVM,25.0,Female,Master's,HR,Sales Manager,5.0,5.0,No,Remote,Kolkata,Enterprise,Single,2.0,43.0,0,No,84698,139412,
834,Lisa Collins,40.0,Male,Bachelor's,Marketing,Business Analyst,17.0,4.0,No,Hybrid,Lucknow,Startup,Single,1.0,93.0,15,No,92618,143498,
1409,Joshua Cook,43.0,Male,Diploma,Sales,HR Manager,20.0,1.0,No,Hybrid,Mumbai,Startup,Single,3.0,41.0,7,No,99229,119053,
30,George Wilson,32.0,Female,Master's,IT,Data Scientist,8.0,5.0,Yes,,Kolkata,Large,Single,4.0,77.0,2,No,193420,171608,
1978,Diana Byrd,26.0,Male,PhD,Operations,Project Manager,0.0,3.0,No,,Faridabad,Startup,Single,7.0,81.0,0,No,184483,140918,
2028,Karen Morgan,43.0,Male,Diploma,Marketing,Data Scientist,22.0,5.0,No,Office,Jaipur,Medium,Single,9.0,91.0,14,No,186950,177141,
2691,Anthony Ray,40.0,Male,Master's,Administration,ML Engineer,13.0,5.0,No,Remote,Indore,Medium,Divorced,3.0,82.0,13,No,58419,165355,
4548,Stephen Wall,37.0,Male,Bachelor's,Sales,Network Engineer,10.0,4.0,Yes,Office,Lucknow,Large,Single,5.0,40.0,2,No,99230,131838,
886,Joseph Arroyo,56.0,Female,Master's,Marketing,Database Administrator,12.0,1.0,No,Office,Lucknow,Large,Married,7.0,54.0,2,No,101666,136776,
735,Jeffrey Sparks,23.0,Male,High School,Legal,Sales Manager,1.0,2.0,No,Hybrid,Ghaziabad,Enterprise,Married,9.0,52.0,0,No,78334,103543,
1004,Daniel Freeman,59.0,Female,Bachelor's,Research,Data Analyst,35.0,1.0,No,Hybrid,Pune,Medium,Married,1.0,43.0,15,Yes,87394,192139,
4297,James Rodriguez,31.0,Female,Diploma,Sales,Data Scientist,9.0,5.0,Yes,Remote,Indore,Startup,Married,9.0,48.0,7,Yes,42103,142415,
4565,Michael Chang,57.0,Male,Master's,Sales,Marketing Executive,33.0,,No,Office,Noida,Large,Married,2.0,57.0,20,No,134036,166615,
490,Christopher Weiss,50.0,Male,Bachelor's,,Sales Manager,1.0,4.0,No,Hybrid,Ahmedabad,Medium,Married,5.0,49.0,0,No,95787,104675,
154,Andrew Berg,,Female,Diploma,Legal,Software Engineer,26.0,1.0,Yes,Hybrid,Pune,Medium,Single,,95.0,16,No,74245,147433,
2237,Robert Casey,,Female,Bachelor's,Marketing,ML Engineer,0.0,3.0,Yes,Hybrid,Ahmedabad,Enterprise,Married,3.0,62.0,0,No,49357,131991,
4825,Joshua Kelly,28.0,Female,Bachelor's,Legal,Finance Analyst,2.0,5.0,Yes,Office,Kolkata,Large,Single,0.0,80.0,2,No,121986,117070,
3709,Karen Manning,48.0,Female,Diploma,Legal,Cloud Engineer,12.0,4.0,No,Office,Faridabad,Large,Married,7.0,69.0,3,No,145064,136952,
4504,Curtis Mcclure,59.0,Female,Master's,HR,Project Manager,24.0,1.0,No,Remote,Noida,Startup,Married,,73.0,20,No,58097,183643,
3547,Jeremy Gardner,30.0,Male,PhD,Research,HR Manager,1.0,3.0,No,Hybrid,Hyderabad,Startup,Single,6.0,97.0,0,No,48321,127788,
591,Sharon Oneal,32.0,Male,,HR,Database Administrator,7.0,5.0,No,Remote,Delhi,Medium,Single,3.0,69.0,4,No,21919,106300,
1308,Brian Hale,40.0,Male,Bachelor's,Administration,Sales Manager,7.0,3.0,No,Hybrid,Kolkata,Startup,Married,4.0,70.0,3,No,72872,113671,
703,Stephanie Smith,50.0,Male,Bachelor's,Marketing,Sales Executive,17.0,5.0,No,Remote,Noida,Startup,Married,4.0,56.0,8,Yes,157656,143482,
276,Kathryn Johnson,,Male,Bachelor's,HR,Data Scientist,0.0,3.0,Yes,Hybrid,Kolkata,Enterprise,Single,2.0,53.0,0,No,98533,131599,
1739,Whitney Waters,57.0,Female,Bachelor's,Research,HR Manager,6.0,4.0,Yes,Hybrid,Kolkata,Startup,Single,8.0,45.0,3,No,85126,106794,
1317,Charles Morales,32.0,Female,Bachelor's,Legal,Backend Developer,2.0,5.0,No,Office,Chennai,Medium,Single,5.0,94.0,1,No,65318,109841,
3883,Justin Washington,40.0,Female,PhD,Marketing,ML Engineer,20.0,2.0,Yes,Office,Jaipur,Startup,Married,8.0,71.0,7,No,75041,212147,
1453,Jill Hall,43.0,Male,PhD,IT,Accountant,18.0,4.0,No,Remote,Bangalore,Medium,Divorced,2.0,46.0,2,Yes,89745,174051,
1842,Leslie Wilson,34.0,Male,Master's,Research,Project Manager,6.0,1.0,No,Hybrid,Chennai,Large,Single,7.0,42.0,5,No,124374,131997,
2380,Mario Hansen,41.0,Male,Bachelor's,Legal,Full Stack Developer,7.0,3.0,No,Hybrid,Mumbai,Medium,Married,1.0,89.0,1,No,154525,120520,
453,Cody Taylor,28.0,Female,Bachelor's,Sales,Project Manager,3.0,4.0,No,Office,Chennai,Startup,Single,9.0,81.0,2,No,138566,121737,
1623,Tiffany Ford,45.0,Female,Bachelor's,Finance,DevOps Engineer,0.0,,No,Office,Kolkata,Enterprise,Single,9.0,47.0,0,No,105031,119005,
806,Elizabeth Ruiz,58.0,Male,,Operations,Finance Analyst,6.0,3.0,No,Remote,Faridabad,Startup,Married,8.0,52.0,5,No,192934,137029,
1323,Mrs. Sarah Bennett,47.0,Male,Diploma,IT,DevOps Engineer,6.0,3.0,No,Hybrid,Jaipur,Large,Married,9.0,67.0,6,No,55241,120198,
4306,Matthew Kent,53.0,Female,Master's,Sales,Sales Executive,32.0,2.0,No,Office,Jaipur,Startup,Single,5.0,52.0,15,No,196906,167121,
1237,Elizabeth Jones,21.0,Male,,HR,Network Engineer,0.0,3.0,No,Hybrid,Gurgaon,Startup,Single,8.0,87.0,0,No,76195,85294,
3638,Vickie Gonzales,23.0,Female,Master's,Sales,Data Engineer,1.0,3.0,No,Office,Jaipur,Medium,Married,9.0,88.0,1,No,158296,136041,
2487,Maria Ware,27.0,Female,Master's,Marketing,Sales Executive,5.0,2.0,Yes,Remote,Noida,Large,Married,4.0,69.0,3,No,131308,119496,
3229,Kelly Riggs,48.0,Male,Bachelor's,Administration,Frontend Developer,15.0,3.0,No,Hybrid,Noida,Medium,Married,3.0,80.0,1,No,134327,127100,
2712,Christina Miller,27.0,Male,High School,Customer Support,Cloud Engineer,7.0,3.0,No,Remote,Indore,Medium,Single,,,4,No,93269,112813,
677,Christopher Mccall,48.0,Female,Diploma,Customer Support,Sales Manager,26.0,3.0,Yes,Remote,Pune,Large,Single,8.0,67.0,6,Yes,94935,191660,
3764,Natasha Cunningham,51.0,Female,PhD,Customer Support,Cyber Security Analyst,6.0,1.0,Yes,Office,Ghaziabad,Large,Married,1.0,65.0,3,No,134709,157063,
3805,Sherri Phillips,50.0,Male,Diploma,Operations,Project Manager,12.0,1.0,No,Hybrid,Indore,Large,Single,3.0,54.0,4,No,67017,129556,
736,Ryan Gonzalez,23.0,Male,Bachelor's,IT,Product Manager,0.0,1.0,Yes,Hybrid,Jaipur,Medium,Single,9.0,83.0,0,Yes,132413,138646,
4534,Jordan Rose,22.0,Female,Diploma,Legal,Backend Developer,2.0,3.0,Yes,Hybrid,Bangalore,Medium,Married,8.0,79.0,0,No,48419,101908,
4952,Angela Sparks,28.0,Female,,Administration,Data Scientist,2.0,2.0,Yes,Remote,Kolkata,Large,Married,10.0,93.0,1,No,22949,153030,
824,Timothy Gonzalez,44.0,Male,Bachelor's,IT,HR Manager,,1.0,Yes,Hybrid,Mumbai,Startup,Married,10.0,72.0,2,No,67969,98692,
2128,Troy Young,42.0,Female,Diploma,Administration,Business Analyst,10.0,1.0,Yes,Hybrid,Jaipur,Large,Married,10.0,99.0,5,Yes,154111,145961,
3769,Alexander Barnes,23.0,Female,PhD,HR,Project Manager,3.0,4.0,No,Hybrid,Kolkata,Medium,Single,8.0,56.0,3,No,45438,147000,
411,Christopher Rice,22.0,Female,Master's,,HR Manager,2.0,2.0,Yes,Office,Mumbai,Enterprise,Married,2.0,92.0,2,Yes,148411,144024,
2610,Benjamin Ramirez,23.0,Female,Master's,IT,Backend Developer,0.0,3.0,No,Office,Jaipur,Startup,Married,6.0,60.0,0,Yes,160182,117023,
2502,Michael Wilson,48.0,Female,Diploma,HR,Accountant,26.0,4.0,No,Hybrid,Lucknow,Large,Married,2.0,78.0,15,No,93311,151777,
354,Jackie Bryant,28.0,Female,PhD,Marketing,Sales Executive,0.0,,Yes,Hybrid,Mumbai,Startup,Single,7.0,77.0,0,No,161458,120158,
3397,Connor Lewis,45.0,Female,High School,Marketing,ML Engineer,6.0,1.0,Yes,Hybrid,Faridabad,Large,Single,3.0,54.0,5,Yes,33159,130054,
3182,Lawrence Fisher,21.0,Male,Bachelor's,Administration,Data Scientist,1.0,5.0,No,Hybrid,Kolkata,Medium,Single,1.0,98.0,1,No,24302,116600,
1075,Mr. Earl Gonzales,38.0,Female,Master's,Finance,Data Analyst,4.0,5.0,Yes,Office,Lucknow,Large,Single,9.0,81.0,2,No,176865,137539,
3586,Brent Shah,59.0,Male,Diploma,,Marketing Manager,29.0,5.0,No,Hybrid,Delhi,Large,Single,9.0,61.0,0,Yes,131371,208957,
2802,William Hughes,,Male,Master's,IT,Data Engineer,12.0,4.0,No,Hybrid,Pune,Enterprise,Married,10.0,86.0,3,Yes,100693,194916,
2385,Patrick Martin,54.0,Female,Bachelor's,,Frontend Developer,17.0,3.0,No,Hybrid,Kolkata,Medium,Single,4.0,51.0,14,Yes,190767,132586,
173,Michelle Howard,47.0,Male,Bachelor's,Customer Support,Software Engineer,21.0,1.0,No,Remote,Ghaziabad,Medium,Single,8.0,61.0,16,No,58333,138663,
4773,David Evans,21.0,Male,Bachelor's,Research,Database Administrator,0.0,4.0,Yes,Remote,Bangalore,Enterprise,Married,2.0,72.0,0,Yes,23687,126620,
243,Terry Garcia,21.0,Male,High School,Legal,Data Engineer,0.0,2.0,No,Remote,Pune,Medium,Single,10.0,52.0,0,No,91128,92658,
840,Sherry Sherman,23.0,Male,Master's,,Finance Analyst,3.0,2.0,No,Office,Noida,Startup,Single,5.0,87.0,3,No,157719,112997,
2579,Jennifer Khan,44.0,Female,High School,Finance,ML Engineer,21.0,2.0,No,Office,Mumbai,Medium,Married,10.0,73.0,11,No,135277,164006,
2664,Daniel Jordan,49.0,Female,Bachelor's,HR,Cyber Security Analyst,8.0,2.0,No,Office,Jaipur,Startup,Married,2.0,58.0,2,No,40731,113750,
2759,Michelle May,52.0,Female,PhD,Marketing,Data Analyst,1.0,1.0,No,Office,Mumbai,Enterprise,Single,8.0,64.0,1,No,185045,138669,
2022,Melissa Lee,21.0,Female,Diploma,Legal,Data Analyst,0.0,1.0,No,Hybrid,Jaipur,Medium,Married,6.0,53.0,0,No,149050,73624,
1348,Ashley Brown,46.0,Female,Master's,,Product Manager,10.0,4.0,Yes,Hybrid,Bangalore,Large,Single,4.0,100.0,6,No,140357,181267,
4180,Amber Escobar,56.0,Female,Master's,Customer Support,Data Engineer,11.0,2.0,Yes,Office,Kolkata,Large,Married,9.0,89.0,10,No,167004,168897,
2278,Robert Valencia,33.0,Female,Bachelor's,IT,Finance Analyst,1.0,4.0,Yes,Hybrid,Mumbai,Medium,Married,9.0,,1,No,166007,105595,
1943,Kyle Ritter,38.0,Male,Master's,Finance,Full Stack Developer,12.0,3.0,No,Hybrid,Delhi,Startup,Single,10.0,59.0,6,No,142237,146320,
519,Michael Rodriguez,48.0,Male,Bachelor's,Operations,Network Engineer,5.0,5.0,No,Hybrid,Indore,Startup,Married,,99.0,4,No,45104,117859,
2006,Chad Murray,27.0,Male,Bachelor's,Customer Support,Product Manager,,4.0,No,Office,Jaipur,Medium,Married,4.0,77.0,2,No,82540,131596,
4109,Erika Allen,54.0,Female,Bachelor's,Operations,Network Engineer,8.0,4.0,No,Hybrid,Ghaziabad,Medium,Married,3.0,40.0,8,Yes,148056,125192,
1262,Madison Walter,22.0,Female,Diploma,Sales,Sales Manager,2.0,,No,Office,Gurgaon,Startup,Married,10.0,93.0,1,No,115369,99346,
2784,Summer Bray,50.0,Male,Master's,Legal,Sales Manager,13.0,5.0,No,Office,Hyderabad,Medium,Married,10.0,95.0,12,No,28993,164973,
172,Joseph Thompson,52.0,Male,Master's,HR,Data Engineer,18.0,1.0,No,Hybrid,Bangalore,Startup,Single,7.0,86.0,1,No,88487,158301,
379,Emily Wilson,43.0,Female,Diploma,Operations,Frontend Developer,9.0,5.0,Yes,Hybrid,Chennai,Large,Married,5.0,76.0,3,No,118332,370146,
1043,Barbara Simpson,29.0,Female,Master's,Research,Data Analyst,5.0,3.0,Yes,Office,Chennai,Medium,Married,2.0,98.0,2,No,166079,122804,
4454,James Fleming,37.0,Female,Bachelor's,Administration,Marketing Executive,1.0,1.0,No,Hybrid,Noida,Medium,Single,4.0,50.0,1,No,83229,74531,
4615,Daniel Wilson,26.0,Male,Diploma,Operations,Backend Developer,2.0,,No,,Noida,Startup,Married,3.0,61.0,2,Yes,52450,91511,
3953,Jacob Hines,31.0,Female,High School,,QA Engineer,5.0,,No,Remote,Ahmedabad,Startup,Married,4.0,44.0,1,No,91773,85138,
820,Bryan Buchanan,31.0,Male,Bachelor's,HR,Product Manager,,3.0,Yes,Office,Hyderabad,Medium,Married,5.0,96.0,5,Yes,102018,153136,
4266,David Jones,34.0,Female,Master's,Research,Sales Executive,11.0,4.0,Yes,Remote,Hyderabad,Medium,Married,3.0,93.0,10,No,196718,140153,
3116,Ashley Miller,59.0,Male,Diploma,Finance,ML Engineer,9.0,1.0,No,Hybrid,Kolkata,Medium,Single,0.0,93.0,1,No,137389,122981,
182,Scott Morris,54.0,Male,High School,Marketing,Network Engineer,5.0,1.0,No,Office,Mumbai,Medium,Single,,92.0,3,No,84110,94935,
3797,Sydney Fernandez,55.0,Female,Master's,Research,Frontend Developer,15.0,5.0,No,Office,Gurgaon,Large,Single,9.0,66.0,14,Yes,118326,181095,
3893,Sarah Ford,40.0,Male,Diploma,,Project Manager,1.0,4.0,No,Office,Ahmedabad,Large,Married,7.0,,0,Yes,98443,127412,
4695,Jeffrey Solomon,31.0,Male,High School,Customer Support,Cyber Security Analyst,2.0,1.0,No,Office,Hyderabad,Medium,Married,1.0,70.0,1,No,177869,82094,
1710,Karen Dixon,30.0,Male,Diploma,Marketing,Database Administrator,4.0,5.0,Yes,,Ghaziabad,Large,Married,10.0,,4,No,187666,126943,
4935,Daniel Miranda,45.0,Female,Bachelor's,Sales,Sales Executive,20.0,4.0,No,Remote,Indore,Medium,Single,7.0,60.0,15,No,239680,382779,
4587,Christina Keller,53.0,Male,Bachelor's,HR,Cloud Engineer,12.0,4.0,No,,Mumbai,Large,Single,0.0,62.0,7,No,77709,143130,
1819,Jasmine Clark,55.0,Female,Bachelor's,Research,Backend Developer,30.0,4.0,No,Office,Ghaziabad,Large,Married,8.0,96.0,10,No,32854,199264,
2214,Patrick Ruiz,31.0,Male,Diploma,Customer Support,QA Engineer,7.0,5.0,No,Office,Pune,Enterprise,Married,3.0,79.0,4,No,101851,113835,
2345,Ashley Hill,49.0,Female,Bachelor's,HR,Sales Executive,7.0,1.0,No,Office,Jaipur,Large,Single,0.0,95.0,3,No,124391,100964,
3555,David Hernandez,35.0,Female,Master's,Legal,Data Scientist,0.0,1.0,Yes,Remote,Lucknow,Large,Married,2.0,47.0,0,No,143947,126678,
784,Mark Martin,21.0,Male,Diploma,HR,ML Engineer,1.0,1.0,No,Remote,Faridabad,Large,Married,8.0,40.0,1,No,64158,110299,
331,Timothy Sullivan,21.0,Male,Bachelor's,Legal,Data Engineer,0.0,,No,Hybrid,Faridabad,Startup,Married,10.0,65.0,0,Yes,196326,126003,
2687,Michael Dean,55.0,Female,High School,Customer Support,Database Administrator,11.0,5.0,Yes,Hybrid,Hyderabad,Medium,Married,5.0,64.0,8,No,198148,127818,
2968,Rhonda Page,,Male,Bachelor's,IT,Cyber Security Analyst,10.0,3.0,No,Remote,Delhi,Enterprise,Married,1.0,87.0,5,No,126325,150137,
2329,Heather Martin,41.0,Male,Diploma,IT,Full Stack Developer,2.0,2.0,Yes,Office,Noida,Startup,Married,6.0,78.0,0,Yes,59801,111666,
3813,Alexander Fox,25.0,Female,Bachelor's,Sales,Product Manager,0.0,1.0,No,Hybrid,Delhi,Large,Single,0.0,43.0,0,No,119221,105221,
3617,Lacey Mcgee,48.0,Male,PhD,HR,Marketing Manager,24.0,3.0,Yes,Office,Faridabad,Large,Married,3.0,85.0,0,Yes,134507,234996,
1866,Joshua Gaines,,Female,Bachelor's,IT,Marketing Executive,26.0,3.0,No,Hybrid,Faridabad,Medium,Married,7.0,99.0,8,No,120105,173574,
2090,Anthony Cunningham,53.0,Female,Master's,Marketing,Project Manager,25.0,1.0,Yes,Hybrid,Ghaziabad,Large,Married,3.0,54.0,5,No,45524,189206,
4261,Derek Barnes,49.0,Female,Bachelor's,Legal,HR Executive,7.0,2.0,Yes,Remote,Delhi,Large,Married,9.0,90.0,5,No,122637,114046,
1871,Tanya Brown,22.0,Female,PhD,Finance,Data Engineer,2.0,2.0,Yes,Remote,Ghaziabad,Medium,Married,,76.0,2,No,110230,145876,
1516,Charles Knox,28.0,Male,Master's,Finance,HR Manager,5.0,1.0,No,,Bangalore,Large,Married,0.0,60.0,3,Yes,20714,117441,
4605,Jennifer Sutton,40.0,Male,Diploma,Operations,Data Analyst,14.0,,No,Hybrid,Delhi,Large,Single,,78.0,8,No,38561,123508,
2488,Anna Booker,36.0,Male,Master's,Sales,Backend Developer,6.0,5.0,No,Hybrid,Indore,Large,Single,9.0,82.0,4,No,48360,143178,
4015,Karen Adams,27.0,Female,Diploma,Sales,Backend Developer,6.0,5.0,No,Hybrid,Chennai,Large,Single,4.0,88.0,6,Yes,97694,129464,
4586,Eric Hall,24.0,Male,,HR,DevOps Engineer,1.0,2.0,Yes,,Hyderabad,Medium,Married,0.0,67.0,1,No,91444,332142,
225,Allen Miller,,Female,Diploma,Legal,Business Analyst,,5.0,No,Remote,Chennai,Large,Married,3.0,71.0,6,No,132599,122897,
993,Jason Gill,46.0,Male,Master's,Customer Support,Backend Developer,14.0,4.0,Yes,Hybrid,Faridabad,Large,Married,,,14,No,50086,166339,
98,Gabriel Mendoza,28.0,Male,PhD,HR,Software Engineer,5.0,2.0,No,Office,Noida,Large,Married,7.0,88.0,3,Yes,188280,162742,
1065,Devin Petersen,51.0,Male,Bachelor's,Sales,Software Engineer,14.0,3.0,Yes,Office,Ahmedabad,Medium,Single,8.0,100.0,8,No,107340,143667,
3931,Logan Cameron,60.0,Male,Bachelor's,Marketing,Sales Manager,5.0,4.0,Yes,Remote,Chennai,Large,Married,6.0,96.0,3,Yes,142293,142743,
1506,Richard White,50.0,Female,,Legal,HR Executive,26.0,3.0,No,,Mumbai,Medium,Single,4.0,71.0,12,No,49590,125274,
139,Caitlin Sandoval,36.0,Male,Bachelor's,Operations,QA Engineer,15.0,4.0,No,Remote,Gurgaon,Large,Single,6.0,60.0,3,No,29283,144629,
1040,Melissa Wheeler,39.0,Female,Bachelor's,,Network Engineer,5.0,5.0,No,Office,Indore,Startup,Married,5.0,58.0,1,No,113730,304209,
201,Kevin Sweeney,43.0,Female,,Research,Data Analyst,1.0,3.0,No,Remote,Gurgaon,Startup,Married,0.0,88.0,1,No,79722,91091,
3962,Terry Burns,23.0,Male,Master's,Research,Accountant,2.0,,Yes,Office,Kolkata,Startup,Married,9.0,97.0,1,Yes,94624,128206,
2247,Joseph Raymond,41.0,Female,Bachelor's,,Cyber Security Analyst,14.0,4.0,No,Office,Lucknow,Medium,Single,6.0,97.0,2,No,91431,144842,
948,Ryan Bush,34.0,Male,Bachelor's,Finance,Backend Developer,10.0,2.0,No,Hybrid,Pune,Startup,Married,10.0,76.0,1,No,190632,117257,
987,Thomas Gutierrez,24.0,Male,High School,Marketing,Sales Manager,3.0,1.0,No,Office,Pune,Medium,Married,,44.0,0,No,183958,86662,
1827,Michaela Williams,33.0,Female,Bachelor's,,Full Stack Developer,1.0,2.0,No,Office,Hyderabad,Enterprise,Single,4.0,58.0,1,Yes,125909,121980,
4487,Jennifer Woods,57.0,Male,Master's,Marketing,Software Engineer,30.0,1.0,No,Remote,Ghaziabad,Large,Married,3.0,77.0,15,Yes,100913,191189,
1218,Lisa Bernard,26.0,Female,Master's,Finance,DevOps Engineer,4.0,,Yes,Office,Hyderabad,Enterprise,Single,5.0,92.0,2,Yes,177344,169259,
4270,Jesus Stafford,,Female,PhD,Legal,Accountant,0.0,5.0,No,Hybrid,Mumbai,Enterprise,Married,8.0,76.0,0,Yes,190005,157238,
3518,Francisco Chavez,47.0,Female,Bachelor's,Research,HR Executive,24.0,2.0,No,Hybrid,Bangalore,Medium,Single,9.0,80.0,11,Yes,34162,162891,
4887,Jonathan Hernandez,23.0,Male,Master's,HR,ML Engineer,2.0,3.0,No,Hybrid,Bangalore,Large,Married,2.0,67.0,0,No,126114,135466,
3741,Andrew Brown,55.0,Female,Master's,IT,Data Analyst,15.0,2.0,Yes,Hybrid,Mumbai,Enterprise,Single,3.0,99.0,0,No,130238,169978,
1241,Samuel Hicks,56.0,Male,Bachelor's,HR,Product Manager,26.0,4.0,No,Office,Hyderabad,Medium,Single,0.0,80.0,7,Yes,127918,190098,
1525,Ronald Beltran,45.0,Female,Bachelor's,,Network Engineer,14.0,2.0,Yes,Office,Chennai,Startup,Married,2.0,46.0,1,No,180302,118728,
2124,John Sims,57.0,Male,Diploma,Sales,Data Engineer,13.0,1.0,Yes,Remote,Kolkata,Large,Divorced,1.0,48.0,7,Yes,204909,432078,
3405,Anthony Chavez,22.0,Female,Master's,Sales,Business Analyst,2.0,,Yes,Hybrid,Noida,Medium,Single,4.0,75.0,2,No,98191,110700,
521,Brittany Browning,60.0,Female,Bachelor's,Operations,Database Administrator,6.0,5.0,No,,Ahmedabad,Medium,Single,2.0,,3,Yes,126565,131483,
4834,David Davis,40.0,Male,Master's,IT,Software Engineer,7.0,3.0,No,Hybrid,Gurgaon,Large,Divorced,5.0,88.0,0,Yes,49241,141427,
1733,Eric Browning,44.0,Male,High School,Administration,Data Engineer,13.0,,Yes,Hybrid,Faridabad,Enterprise,Married,8.0,85.0,0,No,49852,165509,
3485,Joanna Perry,38.0,Male,Bachelor's,Legal,Finance Analyst,15.0,3.0,No,Remote,Jaipur,Large,Divorced,2.0,93.0,4,No,43307,149970,
3041,Cindy Davis,42.0,Female,Bachelor's,Finance,Accountant,22.0,1.0,No,Office,Ghaziabad,Enterprise,Single,4.0,57.0,1,No,78793,159382,
718,Matthew Guzman,,Female,Bachelor's,Sales,Project Manager,9.0,1.0,No,Office,Ahmedabad,Large,Single,0.0,85.0,7,No,138632,127502,
1147,Richard Ward,48.0,Male,Diploma,HR,Data Engineer,11.0,5.0,Yes,Hybrid,Kolkata,Large,Married,10.0,71.0,7,No,65162,147541,
2845,Robin Nguyen,43.0,Male,,Administration,Network Engineer,8.0,2.0,Yes,Office,Lucknow,Medium,Single,7.0,86.0,5,No,93061,117727,
502,Kristen Olsen,48.0,Female,Bachelor's,Sales,Backend Developer,28.0,5.0,Yes,Office,Noida,Medium,Married,6.0,,0,No,79155,187667,
1329,Katherine Taylor,,Male,,Finance,Project Manager,2.0,4.0,No,Hybrid,Faridabad,Medium,Married,6.0,58.0,2,No,32281,128381,
4366,Erin Keller,22.0,Female,,Administration,Software Engineer,1.0,1.0,Yes,Remote,Lucknow,Large,Married,5.0,88.0,1,No,105844,102573,
762,Taylor Ortiz,44.0,Male,Bachelor's,Legal,QA Engineer,6.0,5.0,Yes,Hybrid,Delhi,Enterprise,Married,1.0,68.0,6,No,109788,129782,
3152,Rebecca Powers,53.0,Male,High School,Administration,Product Manager,27.0,1.0,Yes,Office,Lucknow,Medium,Single,10.0,88.0,2,No,193029,200751,
1584,Cynthia Johnson,33.0,Female,High School,Research,Sales Executive,0.0,5.0,No,Hybrid,Bangalore,Large,Married,3.0,42.0,0,No,112683,73173,
4341,Dr. Joshua Lawson,25.0,Female,Master's,Sales,Backend Developer,1.0,1.0,No,Office,Delhi,Medium,Single,2.0,61.0,1,No,29428,95121,
419,Michael Manning,34.0,Female,Diploma,Operations,Frontend Developer,0.0,5.0,No,,Noida,Startup,Married,10.0,,0,No,118682,95306,
2063,Jennifer Figueroa,28.0,Male,,Administration,Frontend Developer,4.0,4.0,Yes,Hybrid,Jaipur,Startup,Married,5.0,76.0,2,No,51485,104187,
4108,Jason Robinson,26.0,Male,PhD,IT,Business Analyst,1.0,,No,Hybrid,Chennai,Startup,Divorced,8.0,82.0,1,No,42532,133872,
1470,Leah Mccann,53.0,Male,Master's,,Sales Executive,10.0,2.0,Yes,Remote,Bangalore,Enterprise,Married,,55.0,2,No,100211,140132,
2054,Jacob Wolf,34.0,Male,Master's,Marketing,Full Stack Developer,,5.0,No,Office,Lucknow,Medium,Married,9.0,100.0,3,Yes,75770,150893,
1713,Suzanne Ramirez,55.0,Female,Bachelor's,HR,Cloud Engineer,15.0,1.0,No,,Faridabad,Large,Married,0.0,64.0,2,No,24349,134153,
3762,Kim Rodriguez,22.0,Male,Bachelor's,Operations,Business Analyst,2.0,4.0,No,Hybrid,Indore,Large,Single,5.0,78.0,0,No,40478,105011,
1216,Diamond Murray,54.0,Male,Diploma,Operations,Backend Developer,28.0,1.0,No,Hybrid,Pune,Large,Single,10.0,48.0,3,No,174506,162549,
3778,John Jones,45.0,Male,Bachelor's,Marketing,Product Manager,1.0,2.0,Yes,Office,Chennai,Enterprise,Single,5.0,,0,No,85263,131265,
4973,Holly Martinez,55.0,Female,Bachelor's,Research,Backend Developer,28.0,4.0,No,Hybrid,Hyderabad,Startup,Single,3.0,63.0,5,No,23769,151445,
3839,Dana White,49.0,Male,High School,Operations,Frontend Developer,18.0,2.0,No,Hybrid,Gurgaon,Medium,Married,7.0,65.0,12,Yes,65551,135598,
2849,Jamie Price,56.0,Female,PhD,Marketing,Marketing Executive,32.0,5.0,Yes,Remote,Lucknow,Medium,Single,1.0,77.0,20,Yes,84767,234106,
3921,Russell Roberts,60.0,Male,Master's,Research,ML Engineer,0.0,3.0,No,Office,Faridabad,Large,Single,2.0,62.0,0,No,119169,131514,
1650,Breanna Rhodes,31.0,Male,Bachelor's,IT,DevOps Engineer,6.0,1.0,No,Office,Gurgaon,Medium,Single,7.0,96.0,0,Yes,151692,133546,
511,Marilyn Martinez,54.0,Male,Bachelor's,Customer Support,ML Engineer,2.0,2.0,No,Office,Bangalore,Enterprise,Divorced,8.0,73.0,2,No,84373,141537,
457,Linda Alexander,26.0,Female,High School,Legal,Project Manager,1.0,4.0,No,Office,Noida,Startup,Married,7.0,49.0,1,No,145074,97256,
4294,John Morgan,40.0,Male,High School,Research,HR Manager,14.0,1.0,No,Office,Faridabad,Medium,Married,1.0,40.0,14,No,35323,101572,
45,Steven Lam,56.0,Female,,Administration,HR Executive,21.0,4.0,Yes,Office,Bangalore,Enterprise,Married,10.0,95.0,12,No,179096,170478,
3686,Shawn Armstrong,30.0,Male,,Customer Support,Marketing Executive,1.0,2.0,Yes,Office,Jaipur,Startup,Single,0.0,64.0,1,No,110769,92731,
4509,David Mccoy,41.0,Female,Master's,IT,Business Analyst,5.0,4.0,No,Hybrid,Hyderabad,Large,Single,0.0,70.0,2,No,85790,117357,
1884,Debbie Scott,24.0,Female,Bachelor's,Research,Database Administrator,2.0,2.0,No,Office,Faridabad,Medium,Married,8.0,63.0,2,Yes,160204,113311,
4044,Alvin Ingram,44.0,Male,Bachelor's,Sales,HR Manager,13.0,,No,Hybrid,Delhi,Medium,Single,3.0,56.0,2,No,52716,126814,
3482,Kevin Ortega,27.0,Male,Bachelor's,Customer Support,Sales Manager,4.0,,Yes,Office,Mumbai,Medium,Single,1.0,52.0,4,No,198356,109189,
4027,Kayla Marsh,43.0,Female,Bachelor's,Research,Database Administrator,14.0,2.0,Yes,Remote,Gurgaon,Startup,Single,5.0,60.0,4,No,118753,133972,
3130,Lisa George,39.0,Male,Bachelor's,HR,Marketing Manager,2.0,1.0,No,Hybrid,Mumbai,Enterprise,Single,,45.0,0,No,196194,111576,
458,Melissa Abbott,40.0,Male,Bachelor's,HR,Cloud Engineer,19.0,2.0,Yes,Remote,Gurgaon,Large,Single,5.0,53.0,3,Yes,161167,171975,
4107,Sean Barnes,54.0,Male,Bachelor's,IT,DevOps Engineer,1.0,3.0,No,Office,Delhi,Medium,Single,0.0,40.0,0,No,57958,94201,
628,Elizabeth Sosa,47.0,Male,Master's,Customer Support,ML Engineer,8.0,4.0,No,Remote,Ahmedabad,Medium,Married,4.0,76.0,6,Yes,190231,159268,
2395,Tina Stevenson,53.0,Female,,Customer Support,Product Manager,31.0,3.0,Yes,Hybrid,Noida,Startup,Married,2.0,47.0,12,No,64689,197619,
3642,Stanley Lester,33.0,Female,Bachelor's,Finance,Network Engineer,2.0,1.0,No,Office,Jaipur,Startup,Married,6.0,64.0,2,No,134846,88623,
3640,Melissa Combs,46.0,Male,Master's,Finance,Accountant,8.0,,No,Office,Ghaziabad,Medium,Married,7.0,45.0,8,No,190724,120599,
1375,Kristi Miller,25.0,Male,Bachelor's,Marketing,Full Stack Developer,0.0,2.0,Yes,Office,Delhi,Startup,Married,3.0,40.0,0,No,131568,88525,
3668,Joseph Hunter,33.0,Female,Bachelor's,Sales,Database Administrator,2.0,4.0,No,Hybrid,Ahmedabad,Large,Single,8.0,91.0,2,No,164985,123836,
231,Gina Allison,43.0,Male,Bachelor's,Customer Support,DevOps Engineer,10.0,3.0,No,Hybrid,Chennai,Large,Married,6.0,43.0,0,Yes,161013,151880,
1200,Lawrence Bishop,53.0,Female,Bachelor's,Operations,DevOps Engineer,7.0,2.0,No,Hybrid,Kolkata,Enterprise,Married,4.0,87.0,3,No,139012,133931,
2248,Donald Mueller,53.0,Female,Bachelor's,HR,Business Analyst,3.0,4.0,Yes,Hybrid,Bangalore,Medium,Single,9.0,67.0,0,No,67665,118418,
79,Lori Wagner,,Male,PhD,,Finance Analyst,4.0,2.0,Yes,Office,Lucknow,Enterprise,Single,,53.0,4,No,184134,154204,
1573,James Rivera,22.0,Female,Diploma,,Finance Analyst,0.0,,No,Remote,Ghaziabad,Large,Single,8.0,72.0,0,Yes,185206,114209,
4589,Daniel Padilla,49.0,Male,PhD,IT,Backend Developer,22.0,1.0,Yes,Hybrid,Ahmedabad,Medium,Married,3.0,75.0,20,No,162718,178823,
861,Kaitlin Wright,23.0,Female,High School,Marketing,Product Manager,2.0,2.0,No,Remote,Ghaziabad,Enterprise,Married,9.0,47.0,1,No,62351,126146,
2931,Alec Solis,53.0,Female,Diploma,Legal,ML Engineer,9.0,3.0,No,Remote,Jaipur,Enterprise,Divorced,3.0,89.0,9,No,40379,154718,
4761,Taylor Ward,45.0,Male,Bachelor's,HR,DevOps Engineer,8.0,1.0,Yes,Remote,Delhi,Enterprise,Divorced,2.0,40.0,1,No,98239,129081,
472,Dana Jones,55.0,Male,Diploma,HR,Project Manager,18.0,1.0,No,Hybrid,Chennai,Enterprise,Married,9.0,86.0,11,No,54012,163102,
3901,David Bowen,22.0,Male,Master's,IT,Network Engineer,0.0,2.0,No,Hybrid,Gurgaon,Startup,Married,2.0,84.0,0,No,78474,99279,
37,Glenda Davidson,43.0,Male,Master's,Legal,Finance Analyst,4.0,1.0,Yes,Office,Delhi,Enterprise,Married,0.0,88.0,1,No,158311,126908,
2285,David Maldonado,48.0,Female,Bachelor's,Customer Support,HR Manager,17.0,3.0,No,Office,Ghaziabad,Medium,Married,7.0,82.0,8,Yes,24342,151837,
3334,Ashley Simmons,34.0,Male,Bachelor's,Operations,Project Manager,5.0,1.0,No,Office,Ghaziabad,Startup,Married,4.0,81.0,0,No,24572,112971,
2835,Linda Ramos,30.0,Male,Bachelor's,Research,Data Engineer,7.0,3.0,Yes,Remote,Lucknow,Large,Single,10.0,,7,No,112687,147554,
3049,Jill Young DDS,37.0,Male,High School,HR,Business Analyst,4.0,3.0,No,Office,Faridabad,Large,Married,2.0,64.0,0,No,82386,94958,
3073,Teresa Roberts,38.0,Male,Diploma,Research,QA Engineer,6.0,2.0,No,Hybrid,Kolkata,Large,Married,10.0,75.0,1,Yes,169709,118755,
4374,Juan Benson,49.0,Male,High School,Operations,Cyber Security Analyst,29.0,1.0,No,Remote,Bangalore,Medium,Divorced,4.0,74.0,5,No,66538,159961,
3672,Adrienne Mcneil,29.0,Male,Diploma,Finance,Frontend Developer,7.0,4.0,No,Office,Lucknow,Enterprise,Married,5.0,41.0,5,No,163334,115198,
4485,James Richard,50.0,Male,PhD,IT,ML Engineer,7.0,5.0,No,Office,Hyderabad,Medium,Married,7.0,42.0,4,No,122065,170115,
3955,Sherry Gonzalez,44.0,Male,Bachelor's,IT,Cloud Engineer,22.0,5.0,Yes,Hybrid,Lucknow,Enterprise,Single,4.0,98.0,5,No,29421,190731,
2204,Connie Caldwell,,Male,Master's,Administration,Marketing Executive,17.0,5.0,No,Remote,Faridabad,Startup,Divorced,,95.0,7,Yes,176473,172914,
3928,Richard Schmidt,38.0,Male,Diploma,Marketing,Marketing Manager,11.0,3.0,No,,Jaipur,Large,Single,10.0,47.0,10,No,273124,267782,
4743,Stacie Fox,57.0,Female,Master's,Finance,Data Scientist,15.0,5.0,No,Office,Noida,Startup,Married,1.0,95.0,12,Yes,97015,178347,
2896,Justin Stewart,52.0,Female,Bachelor's,Finance,Data Scientist,23.0,2.0,No,Remote,Pune,Medium,Married,9.0,70.0,11,No,41952,179415,
4281,Douglas Smith MD,42.0,Male,Bachelor's,IT,Sales Manager,2.0,2.0,No,Hybrid,Hyderabad,Large,Married,8.0,89.0,1,No,168835,114196,
503,Steven Green,46.0,Female,Master's,Sales,Cloud Engineer,22.0,4.0,No,Hybrid,Jaipur,Medium,Married,2.0,55.0,17,No,77730,168997,
1594,Courtney Logan,48.0,Male,PhD,Administration,Backend Developer,23.0,1.0,No,Office,Kolkata,Startup,Single,7.0,42.0,3,No,160938,184412,
1399,John Wilkins,26.0,Male,,Administration,Network Engineer,2.0,5.0,Yes,Hybrid,Delhi,Startup,Married,8.0,68.0,2,No,47462,112444,
1032,Lynn Rivera,29.0,Female,,Legal,Network Engineer,0.0,4.0,Yes,Remote,Mumbai,Enterprise,Single,1.0,85.0,0,No,51459,112286,
2120,Hayley Taylor,27.0,Female,Master's,Sales,Marketing Executive,7.0,1.0,No,,Hyderabad,Medium,Single,5.0,64.0,6,No,141770,116182,
2139,Mitchell Dunn,53.0,Female,Bachelor's,IT,HR Executive,16.0,1.0,Yes,Office,Hyderabad,Large,Single,3.0,95.0,16,Yes,81898,150699,
4048,Jessica Bell,47.0,Male,,Operations,Database Administrator,23.0,3.0,Yes,Hybrid,Mumbai,Medium,Single,8.0,80.0,0,No,163660,153940,
307,Russell Austin,23.0,Male,Bachelor's,Operations,Accountant,1.0,5.0,Yes,Office,Gurgaon,Medium,Married,7.0,80.0,1,No,21515,101203,
3682,William Carlson,60.0,Male,Master's,Operations,Marketing Executive,10.0,3.0,No,Office,Delhi,Startup,Divorced,6.0,52.0,9,No,86872,116687,
1044,Christopher Patton,23.0,Female,Diploma,Finance,Data Scientist,3.0,1.0,No,Office,Pune,Startup,Single,10.0,87.0,3,Yes,176535,124312,
2728,Anne Barnes,22.0,Male,Master's,Sales,Marketing Manager,1.0,2.0,Yes,Hybrid,Indore,Startup,Married,6.0,67.0,1,Yes,39435,124840,
4502,Leslie Gonzalez,46.0,Male,High School,Legal,Database Administrator,14.0,1.0,No,,Mumbai,Large,Married,10.0,,4,No,125504,127047,
3338,Gregory Young,32.0,Male,Bachelor's,Administration,QA Engineer,1.0,3.0,No,Office,Faridabad,Startup,Single,6.0,51.0,0,No,25258,79065,
2501,William Hamilton,46.0,Female,PhD,HR,QA Engineer,0.0,2.0,Yes,,Hyderabad,Large,Married,10.0,54.0,0,No,48880,135661,
2576,Morgan Jackson,25.0,Male,Master's,HR,DevOps Engineer,2.0,1.0,No,Hybrid,Jaipur,Startup,Single,0.0,42.0,2,No,136441,102272,
4465,Lisa Smith,56.0,Male,Diploma,IT,Cyber Security Analyst,27.0,1.0,Yes,Hybrid,Delhi,Large,Married,2.0,45.0,19,No,48902,171576,
2225,Veronica Smith,48.0,Male,Diploma,Marketing,HR Executive,26.0,1.0,No,Office,Bangalore,Medium,Married,2.0,94.0,1,Yes,106427,147097,
271,Tina Armstrong,59.0,Male,Diploma,Customer Support,Sales Executive,30.0,4.0,No,Hybrid,Jaipur,Startup,Married,0.0,86.0,20,No,172961,156551,
2498,Renee Joseph,21.0,Female,Bachelor's,IT,Data Scientist,1.0,4.0,No,Remote,Kolkata,Large,Single,6.0,77.0,1,Yes,128507,138197,
4800,Lisa Ramos,56.0,Female,,Operations,Cloud Engineer,9.0,4.0,No,Hybrid,Faridabad,Enterprise,Divorced,10.0,67.0,8,No,104993,154484,
561,Michael Thomas,28.0,Female,Bachelor's,Administration,Finance Analyst,2.0,4.0,No,Hybrid,Bangalore,Enterprise,Single,8.0,83.0,2,No,158117,122446,
63,Laura Moody,55.0,Female,Diploma,Legal,Marketing Manager,21.0,3.0,No,Hybrid,Delhi,Medium,Married,8.0,79.0,1,No,80774,152640,
1379,Laura Barr,24.0,Female,Diploma,Finance,Sales Manager,2.0,4.0,No,Hybrid,Ahmedabad,Enterprise,Married,6.0,49.0,2,No,176371,109298,
661,Jennifer Green,48.0,Male,Master's,HR,HR Executive,25.0,2.0,No,Remote,Pune,Large,Single,3.0,78.0,15,No,49756,155009,
3185,Walter Tucker,28.0,Male,Bachelor's,Marketing,Business Analyst,6.0,3.0,No,Hybrid,Faridabad,Large,Divorced,10.0,73.0,3,No,197539,122111,
3795,Joe Navarro,29.0,Female,Master's,Operations,Data Analyst,2.0,4.0,Yes,Hybrid,Hyderabad,Medium,Married,10.0,49.0,2,Yes,111360,124613,
367,Eric Arnold,23.0,Female,Bachelor's,Administration,Data Analyst,2.0,4.0,No,Office,Mumbai,Large,Married,7.0,49.0,0,No,154479,100341,
4824,Jillian Christian,,Female,Bachelor's,IT,Network Engineer,,,No,Office,Kolkata,Startup,Single,1.0,56.0,2,No,170734,108716,
2358,William Grant,35.0,Male,Bachelor's,IT,Software Engineer,4.0,3.0,No,Hybrid,Hyderabad,Medium,Married,0.0,48.0,4,No,114853,94982,
2362,Stephanie Fernandez,42.0,Female,Bachelor's,Legal,Cloud Engineer,8.0,5.0,Yes,Office,Kolkata,Large,Single,2.0,89.0,1,No,84556,144710,
2900,Gary Cook,55.0,Male,PhD,Operations,Accountant,10.0,4.0,No,Office,Noida,Medium,Single,4.0,47.0,5,No,56901,144091,
120,George Johns,49.0,Male,,Marketing,Cloud Engineer,19.0,5.0,Yes,Office,Pune,Medium,Married,0.0,49.0,17,Yes,142811,171756,
3256,Brenda Copeland,37.0,Female,Bachelor's,Operations,Full Stack Developer,8.0,3.0,No,,Gurgaon,Medium,Married,,90.0,0,Yes,143919,132109,
4059,David Kim,32.0,Female,Diploma,IT,Project Manager,9.0,2.0,No,Hybrid,Chennai,Startup,Married,6.0,60.0,4,No,122801,115668,
3401,Destiny Anderson,55.0,Male,Master's,Marketing,Data Analyst,19.0,4.0,No,Remote,Faridabad,Startup,Married,3.0,47.0,4,No,149895,139019,
4410,Shannon Rose,38.0,Male,PhD,Operations,HR Executive,13.0,4.0,No,Office,Pune,Startup,Divorced,6.0,61.0,8,Yes,145061,150077,
4946,Melissa Hansen,39.0,Female,Master's,IT,Sales Executive,11.0,3.0,No,Remote,Noida,Medium,Single,0.0,81.0,11,No,111707,125964,
3382,Jeremy Blackburn,22.0,Female,Diploma,HR,QA Engineer,0.0,3.0,No,Office,Jaipur,Startup,Married,,79.0,0,No,170906,77501,
1484,Richard Smith,59.0,Male,PhD,IT,Product Manager,25.0,5.0,No,Office,Ahmedabad,Medium,Divorced,3.0,97.0,20,No,127494,220178,
4527,Bridget Martinez,38.0,Male,PhD,Marketing,Project Manager,0.0,5.0,Yes,Remote,Faridabad,Large,Single,9.0,67.0,0,No,55569,163971,
3328,Brenda Estrada,55.0,Female,Bachelor's,Sales,Sales Manager,7.0,1.0,Yes,Office,Chennai,Enterprise,Married,6.0,42.0,2,Yes,39091,134793,
1794,Christopher Torres,55.0,Female,Bachelor's,HR,Sales Executive,29.0,4.0,Yes,Hybrid,Bangalore,Enterprise,Single,,53.0,20,No,111609,175562,
577,Matthew Thompson,46.0,Male,High School,Marketing,Software Engineer,26.0,4.0,Yes,Hybrid,Gurgaon,Large,Married,8.0,99.0,6,No,93973,163640,
2057,Susan Young,24.0,Female,Bachelor's,Finance,Backend Developer,0.0,,No,Office,Kolkata,Medium,Single,0.0,44.0,0,No,24711,74241,
2176,William Fisher,30.0,Female,PhD,,Sales Manager,4.0,5.0,No,Office,Noida,Large,Married,4.0,91.0,1,No,87096,158094,
67,Alexander Nichols,37.0,Male,Bachelor's,Legal,Backend Developer,12.0,5.0,Yes,Office,Delhi,Medium,Married,9.0,64.0,6,Yes,48145,144624,
2178,Jennifer Salazar,60.0,Male,,HR,Database Administrator,0.0,5.0,No,Hybrid,Noida,Medium,Single,9.0,100.0,0,Yes,82432,123392,
3579,Donald Donaldson,39.0,Male,Bachelor's,HR,HR Executive,9.0,4.0,No,Hybrid,Kolkata,Large,Single,4.0,,7,No,58354,108694,
155,James Campos,28.0,Female,,Customer Support,Sales Executive,3.0,5.0,No,Hybrid,Kolkata,Startup,Single,7.0,76.0,0,No,53623,88348,
3072,Ian Lutz,43.0,Female,Master's,Marketing,Data Scientist,3.0,4.0,No,Office,Ahmedabad,Medium,Married,3.0,52.0,2,No,98457,131715,
2364,Daniel Davidson,42.0,Female,Diploma,Operations,Accountant,7.0,5.0,No,Office,Kolkata,Medium,Married,9.0,93.0,7,Yes,167329,124461,
49,Daniel Kline,29.0,Female,Bachelor's,IT,Data Analyst,7.0,4.0,No,Office,Pune,Enterprise,Single,2.0,74.0,0,No,63925,123733,
860,Kristina Gregory,29.0,Male,High School,Legal,DevOps Engineer,1.0,2.0,No,Hybrid,Kolkata,Large,Single,5.0,87.0,1,No,124691,101693,
2773,Carlos Watts,23.0,Female,Diploma,Legal,Accountant,1.0,2.0,No,Office,Chennai,Startup,Single,8.0,68.0,1,No,66386,73458,
3311,Derek Taylor,59.0,Female,High School,Customer Support,ML Engineer,27.0,4.0,No,Hybrid,Ahmedabad,Medium,Married,4.0,94.0,2,Yes,43510,204682,
3656,Michael Kennedy,49.0,Female,Bachelor's,Customer Support,Network Engineer,21.0,4.0,Yes,Hybrid,Delhi,Enterprise,Married,10.0,53.0,5,Yes,114793,207028,
1301,Megan Garcia,24.0,Female,Master's,Operations,Product Manager,4.0,4.0,No,Office,Faridabad,Large,Married,10.0,88.0,4,No,131902,161777,
4584,Jonathan Vasquez,27.0,Female,Master's,Legal,DevOps Engineer,5.0,3.0,Yes,,Noida,Startup,Single,4.0,86.0,2,No,168102,132675,
1336,Laura Lewis,27.0,Female,Bachelor's,IT,Accountant,3.0,5.0,No,Remote,Ghaziabad,Enterprise,Married,4.0,55.0,2,Yes,152270,121234,
4153,Lacey Jones,43.0,Male,High School,Legal,Data Engineer,6.0,5.0,No,Hybrid,Jaipur,Enterprise,Single,2.0,75.0,2,No,44229,130680,
2528,Hannah Patel,55.0,Male,Bachelor's,IT,Finance Analyst,29.0,5.0,Yes,Office,Chennai,Medium,Divorced,9.0,70.0,1,No,122240,187894,
4664,Wendy Goodwin,51.0,Male,Bachelor's,HR,DevOps Engineer,6.0,5.0,No,,Hyderabad,Medium,Divorced,0.0,97.0,1,No,20839,120115,
220,Paul Dawson,22.0,Female,Bachelor's,Research,Data Engineer,1.0,4.0,No,Hybrid,Delhi,Startup,Single,5.0,54.0,1,No,184474,107612,
3810,Barbara Cobb,43.0,Male,,Research,Backend Developer,6.0,5.0,No,Remote,Indore,Medium,Single,7.0,42.0,5,No,178652,118881,
599,Scott Henson,53.0,Female,Master's,Administration,Backend Developer,15.0,5.0,No,Office,Bangalore,Enterprise,Married,6.0,93.0,11,Yes,175002,186761,
3822,Michael Miles,22.0,Female,Master's,HR,Marketing Manager,2.0,2.0,Yes,Hybrid,Delhi,Startup,Single,4.0,98.0,2,No,70344,122290,
4385,Sarah Davenport,38.0,Male,Bachelor's,Legal,Full Stack Developer,7.0,2.0,No,Office,Faridabad,Startup,Married,0.0,70.0,0,Yes,115984,112606,
4863,Roberto Rocha,45.0,Male,Bachelor's,IT,Product Manager,4.0,2.0,No,Remote,Kolkata,Medium,Single,6.0,75.0,2,Yes,110814,143379,
4373,Jonathan Cox,51.0,Female,Bachelor's,Customer Support,Marketing Executive,30.0,,No,Office,Delhi,Large,Married,5.0,54.0,19,No,69006,160825,
581,Cheryl Jarvis,48.0,Male,Master's,IT,Sales Manager,18.0,,No,Office,Bangalore,Medium,Married,0.0,83.0,9,No,72107,142519,
2181,Leslie Ramos,26.0,Male,Bachelor's,Research,Project Manager,5.0,3.0,No,Remote,Chennai,Medium,Married,3.0,98.0,3,Yes,58649,139530,
1165,Yvonne Sanders,35.0,Female,Diploma,IT,DevOps Engineer,3.0,3.0,No,Office,Delhi,Enterprise,Married,3.0,57.0,3,Yes,29275,130967,
4342,Thomas Miller,,Male,Diploma,IT,Project Manager,,3.0,No,Hybrid,Kolkata,Medium,Married,6.0,55.0,2,Yes,201644,376714,
2154,Wanda Anderson,48.0,Male,Bachelor's,Finance,Data Scientist,26.0,3.0,No,Office,Noida,Enterprise,Single,6.0,66.0,3,Yes,82718,218234,
885,Mr. Mark Barnes,54.0,Male,Diploma,Finance,Finance Analyst,3.0,3.0,No,Remote,Lucknow,Medium,Married,8.0,86.0,3,No,164770,106020,
2586,Kevin Foster,30.0,Male,High School,Operations,Sales Executive,2.0,,No,Hybrid,Lucknow,Startup,Married,0.0,84.0,0,Yes,191999,76650,
498,Kyle Wilson,21.0,Male,Diploma,Research,Software Engineer,0.0,4.0,Yes,Hybrid,Faridabad,Medium,Married,0.0,61.0,0,No,127990,93369,
3227,James Downs,52.0,Male,Bachelor's,Customer Support,Data Analyst,6.0,3.0,No,Office,Delhi,Large,Married,4.0,43.0,0,No,135302,101895,
2297,Monica Simpson,34.0,Female,Bachelor's,Marketing,Business Analyst,13.0,4.0,No,Hybrid,Pune,Large,Single,,52.0,7,No,51046,130555,
1231,Vincent Stark,,Male,Diploma,,Backend Developer,,1.0,No,Remote,Ahmedabad,Medium,Single,1.0,46.0,14,No,65258,123659,
3484,Jose Moran,46.0,Female,Bachelor's,Customer Support,Backend Developer,19.0,2.0,No,Office,Delhi,Enterprise,Married,0.0,58.0,7,Yes,59055,169726,
381,Hannah Matthews,36.0,Female,Master's,Finance,Sales Manager,7.0,1.0,No,Remote,Chennai,Medium,Single,2.0,52.0,1,Yes,94854,124855,
4460,Ariel Campbell,46.0,Male,High School,Operations,Marketing Manager,8.0,1.0,No,Hybrid,Ghaziabad,Enterprise,Single,7.0,87.0,2,Yes,158182,143572,
4067,Charles Evans,,Male,Master's,Customer Support,Database Administrator,13.0,4.0,No,Hybrid,Noida,Startup,Single,,68.0,0,Yes,39103,152575,
3817,Terri Webb,46.0,Female,PhD,Customer Support,HR Manager,13.0,3.0,No,Hybrid,Noida,Startup,Married,1.0,54.0,10,Yes,68581,159675,
3393,Jessica Mcclure,28.0,Male,Bachelor's,Sales,Full Stack Developer,0.0,1.0,No,Hybrid,Delhi,Medium,Married,3.0,41.0,0,No,183784,90462,
1149,Annette Sutton,54.0,Female,Bachelor's,Customer Support,Sales Manager,21.0,2.0,No,Office,Mumbai,Enterprise,Married,1.0,40.0,14,No,164475,161246,
4199,Beth Boone,37.0,Female,High School,Marketing,Accountant,3.0,3.0,Yes,Hybrid,Lucknow,Medium,Married,6.0,97.0,1,Yes,42245,102634,
1080,Thomas Robinson,37.0,Female,Diploma,Legal,Frontend Developer,13.0,2.0,No,Remote,Faridabad,Large,Single,5.0,48.0,3,Yes,25017,124848,
270,Jessica Smith,29.0,Male,PhD,Finance,Cloud Engineer,9.0,3.0,No,,Gurgaon,Enterprise,Married,10.0,91.0,9,No,120667,188384,
3850,Heather Perry,23.0,Female,Master's,Administration,Sales Executive,0.0,2.0,Yes,Office,Kolkata,Medium,Single,6.0,89.0,0,No,165781,107671,
1985,Brandi Montgomery,33.0,Female,Master's,Operations,DevOps Engineer,5.0,1.0,No,Office,Hyderabad,Startup,Single,10.0,44.0,0,No,179122,116577,
3873,Mrs. Melanie Hill,31.0,Female,,Operations,DevOps Engineer,0.0,5.0,No,Hybrid,Faridabad,Large,Single,0.0,99.0,0,No,139409,131171,
3291,Melissa Jones,35.0,Female,,Marketing,Product Manager,6.0,5.0,No,Office,Gurgaon,Enterprise,Single,7.0,71.0,4,No,120732,172525,
2617,William Kirby,56.0,Male,Master's,Sales,Backend Developer,35.0,2.0,No,Office,Delhi,Medium,Married,5.0,90.0,8,Yes,78510,209715,
4993,Katherine Campbell DDS,41.0,Male,High School,Marketing,Product Manager,11.0,3.0,No,Hybrid,Bangalore,Startup,Divorced,3.0,79.0,3,No,154346,128917,
299,Amy Fernandez,43.0,Female,Master's,,Database Administrator,18.0,3.0,Yes,Office,Ghaziabad,Medium,Married,1.0,63.0,18,No,122834,159901,
1196,Ashley Leonard,43.0,Male,,,HR Manager,16.0,4.0,No,Remote,Faridabad,Medium,Married,0.0,60.0,1,No,167865,142131,
2179,Elizabeth Johnson,30.0,Male,Diploma,Operations,DevOps Engineer,2.0,1.0,No,Hybrid,Ahmedabad,Startup,Married,1.0,98.0,1,No,145524,88387,
592,Nicole Mills,39.0,Female,PhD,Marketing,Cloud Engineer,9.0,5.0,No,Hybrid,Delhi,Large,Married,7.0,94.0,4,Yes,79099,196019,
1267,Miranda Stevens,47.0,Female,Master's,Legal,Full Stack Developer,4.0,5.0,No,Office,Kolkata,Medium,Single,1.0,98.0,4,No,29933,123114,
927,Mr. Justin Gordon PhD,49.0,Female,Bachelor's,HR,Network Engineer,27.0,3.0,No,Office,Lucknow,Large,Single,3.0,88.0,2,No,26544,175173,
4594,Charles Dalton,56.0,Female,Bachelor's,Administration,Database Administrator,4.0,4.0,Yes,,Kolkata,Enterprise,Single,3.0,91.0,1,Yes,62812,145818,
3964,Bethany Hanson,28.0,Male,Diploma,Finance,Marketing Executive,8.0,2.0,No,Office,Lucknow,Large,Married,5.0,43.0,1,No,91314,94450,
841,Leah Walker,24.0,Female,Master's,Administration,Finance Analyst,3.0,1.0,No,Remote,Bangalore,Enterprise,Single,7.0,69.0,3,No,48155,126297,
4187,Karen Underwood,31.0,Female,Bachelor's,Legal,Sales Manager,2.0,3.0,Yes,Hybrid,Chennai,Enterprise,Married,4.0,83.0,0,No,20209,128566,
2478,Corey Carr,,Female,High School,,Data Scientist,,2.0,No,Hybrid,Jaipur,Startup,Single,6.0,53.0,11,No,62023,113939,
3251,Eugene Ortega,22.0,Female,Master's,IT,Project Manager,1.0,1.0,No,Office,Mumbai,Large,Single,0.0,62.0,0,Yes,135791,128452,
4796,Tonya Carpenter,24.0,Female,,Administration,Data Engineer,1.0,5.0,No,Remote,Noida,Medium,Single,10.0,81.0,0,No,142655,157464,
2325,Sarah Rodriguez,46.0,Male,Bachelor's,Operations,QA Engineer,5.0,2.0,Yes,Hybrid,Indore,Medium,Single,7.0,92.0,1,No,69271,111582,
1341,Jessica Harrington,49.0,Male,Diploma,,Cloud Engineer,,1.0,No,Hybrid,Faridabad,Startup,Married,6.0,44.0,7,Yes,107157,143194,
3825,Laura Liu,23.0,Male,Master's,Marketing,Frontend Developer,2.0,3.0,No,Hybrid,Jaipur,Medium,Divorced,4.0,89.0,0,No,40474,109599,
2847,Brianna Short,,Female,Bachelor's,Legal,Network Engineer,0.0,5.0,Yes,Office,Faridabad,Medium,Single,5.0,98.0,0,No,127107,113720,
2928,Christina Jones,25.0,Female,Master's,Administration,Backend Developer,1.0,4.0,No,Hybrid,Faridabad,Medium,Single,,77.0,0,No,104868,115621,
4869,Elizabeth Hampton,,Female,High School,Operations,Data Analyst,32.0,5.0,No,Office,Faridabad,Medium,Single,10.0,59.0,19,No,98449,179166,
3960,Caleb Smith,38.0,Male,Master's,,QA Engineer,2.0,4.0,No,Office,Mumbai,Medium,Single,1.0,,2,Yes,35456,120478,
1273,Jason Aguilar,45.0,Male,Bachelor's,HR,Database Administrator,19.0,4.0,Yes,Remote,Hyderabad,Medium,Married,2.0,70.0,1,No,185977,158197,
1179,David Smith,45.0,Male,Master's,Operations,Accountant,9.0,2.0,No,Remote,Delhi,Large,Married,9.0,96.0,3,No,123558,136193,
260,Nicole Kidd,36.0,Female,Master's,HR,HR Manager,2.0,5.0,No,,Noida,Large,Single,4.0,69.0,1,No,118300,118642,
3091,Phillip Brown,,Male,,Customer Support,Frontend Developer,,3.0,Yes,Hybrid,Jaipur,Large,Married,6.0,91.0,0,No,76801,101266,
1694,William Obrien,22.0,Female,,Marketing,Full Stack Developer,0.0,5.0,Yes,Office,Indore,Startup,Married,1.0,64.0,0,No,132055,114039,
1721,Thomas Moreno,59.0,Female,Bachelor's,Research,Marketing Executive,35.0,4.0,No,Hybrid,Jaipur,Startup,Married,9.0,40.0,12,No,158468,181918,
2412,Danielle Powell,25.0,Male,Master's,Finance,Full Stack Developer,0.0,3.0,Yes,Remote,Faridabad,Enterprise,Married,5.0,88.0,0,No,97132,141402,
240,Melanie Watts,60.0,Male,PhD,Marketing,Data Scientist,12.0,3.0,No,Hybrid,Lucknow,Large,Single,6.0,47.0,8,No,23262,173653,
2201,Tracy Cohen,28.0,Male,Diploma,IT,Software Engineer,7.0,5.0,Yes,Remote,Ahmedabad,Large,Married,5.0,69.0,2,No,45476,121779,
916,Michael Mooney,54.0,Male,Bachelor's,IT,ML Engineer,22.0,2.0,No,Office,Ahmedabad,Large,Single,1.0,73.0,15,No,64261,169126,
2,Jaime Hernandez,41.0,Female,Bachelor's,Research,HR Executive,0.0,3.0,No,Office,Jaipur,Enterprise,Single,2.0,83.0,0,No,51551,92889,
2645,April Chang,50.0,Female,Bachelor's,HR,Cyber Security Analyst,19.0,1.0,No,Hybrid,Chennai,Large,Married,5.0,94.0,3,No,110222,163463,
3749,Francisco Ferguson,40.0,Male,Master's,Finance,Sales Manager,10.0,4.0,No,Office,Faridabad,Large,Married,2.0,85.0,3,No,82056,148091,
4334,Mary Edwards,36.0,Female,Bachelor's,Marketing,Frontend Developer,4.0,4.0,No,,Faridabad,Medium,Married,9.0,73.0,1,No,163895,116644,
931,Sandy Smith DDS,52.0,Female,PhD,Finance,Data Scientist,32.0,3.0,No,,Gurgaon,Medium,Married,3.0,57.0,8,No,149257,234619,
1921,Kyle Freeman,50.0,Female,High School,Sales,Project Manager,26.0,4.0,No,Hybrid,Noida,Medium,Single,8.0,84.0,16,Yes,46562,384606,
920,Jacqueline Boone,34.0,Female,Bachelor's,Marketing,Network Engineer,1.0,4.0,No,Office,Lucknow,Medium,Single,5.0,81.0,1,No,131682,103836,
804,Joseph Brock,22.0,Female,Bachelor's,Customer Support,Cyber Security Analyst,2.0,3.0,Yes,Hybrid,Kolkata,Medium,Divorced,8.0,49.0,0,Yes,174470,130713,
1976,Kyle Nelson,55.0,Female,,Operations,Accountant,15.0,4.0,Yes,Hybrid,Delhi,Large,Single,2.0,41.0,5,No,155109,136864,
3462,Jennifer Wilson,,Male,Master's,Sales,Data Engineer,3.0,1.0,Yes,Office,Kolkata,Startup,Single,3.0,67.0,1,Yes,38440,134316,
4462,Theresa Hardy,40.0,Female,Diploma,Legal,Backend Developer,8.0,5.0,Yes,,Pune,Startup,Married,1.0,40.0,8,No,133286,105527,
638,David Dominguez,54.0,Female,Master's,Finance,Cyber Security Analyst,22.0,1.0,No,Hybrid,Indore,Large,Single,2.0,75.0,6,No,42187,163610,
1487,Ronnie Palmer,36.0,Male,High School,IT,Network Engineer,8.0,5.0,No,Office,Lucknow,Medium,Married,1.0,53.0,0,No,118042,104863,
1114,Ms. Cindy Reyes MD,49.0,Male,Bachelor's,IT,Data Analyst,12.0,4.0,No,Hybrid,Indore,Large,Single,6.0,82.0,12,No,84046,128196,
4895,Peter Wilson,,Female,Bachelor's,Marketing,Backend Developer,11.0,1.0,Yes,Hybrid,Delhi,Medium,Married,6.0,40.0,0,No,107437,120175,
3386,Jennifer Hurst,21.0,Female,,IT,Data Scientist,0.0,3.0,No,Remote,Jaipur,Medium,Married,0.0,85.0,0,No,149628,123496,
2741,Teresa Murray,32.0,Female,Bachelor's,Sales,Data Scientist,3.0,1.0,No,Hybrid,Jaipur,Large,Single,7.0,69.0,1,No,52938,121602,
1545,James Davis,44.0,Female,Diploma,IT,Business Analyst,14.0,2.0,Yes,Hybrid,Delhi,Medium,Married,3.0,73.0,3,No,26878,131382,
813,Joseph Dunn,46.0,Male,Bachelor's,Legal,Marketing Executive,26.0,1.0,Yes,Office,Lucknow,Medium,Married,4.0,88.0,2,No,153148,155223,
3021,John Campos,51.0,Female,Bachelor's,Operations,Database Administrator,2.0,2.0,No,Office,Gurgaon,Medium,Married,6.0,51.0,0,No,155515,96085,
1157,Andrew Estrada,22.0,Male,High School,Marketing,Cloud Engineer,,,Yes,Office,Chennai,Startup,Married,1.0,73.0,0,No,60213,80149,
3674,Joshua Hubbard,49.0,Male,Diploma,Research,Data Scientist,28.0,1.0,Yes,Office,Noida,Enterprise,Married,9.0,59.0,11,No,46270,190660,
4916,Nancy Freeman,25.0,Female,PhD,Marketing,Business Analyst,1.0,3.0,Yes,Office,Gurgaon,Startup,Married,3.0,74.0,1,No,25744,126632,
821,Crystal Hernandez,52.0,Female,Master's,IT,HR Manager,2.0,3.0,Yes,Office,Pune,Medium,Single,10.0,77.0,2,No,52959,121344,
2621,Mr. Steven Glover,39.0,Male,Bachelor's,Research,Cyber Security Analyst,12.0,1.0,Yes,Office,Faridabad,Startup,Single,5.0,63.0,12,No,89087,134534,
3523,Carrie Sanchez,38.0,Male,Diploma,Research,Database Administrator,12.0,2.0,No,Office,Lucknow,Startup,Married,1.0,41.0,3,Yes,46771,110398,
4744,Allison Davis,24.0,Female,Bachelor's,Legal,Product Manager,3.0,2.0,No,Office,Pune,Medium,Single,6.0,73.0,1,No,53547,123111,
3514,Albert Rocha MD,29.0,Female,Bachelor's,Operations,Marketing Executive,1.0,1.0,No,Office,Lucknow,Startup,Married,1.0,76.0,0,No,88614,74512,
1085,Chase Palmer,29.0,Male,Bachelor's,HR,Accountant,1.0,1.0,No,Hybrid,Bangalore,Startup,Married,9.0,76.0,0,No,187579,81031,
2921,Brittany Burns,57.0,Male,Bachelor's,,Business Analyst,14.0,4.0,No,Remote,Faridabad,Large,Single,1.0,85.0,7,No,173116,141574,
478,Ernest Holmes,23.0,Male,Bachelor's,Sales,Backend Developer,2.0,1.0,No,Hybrid,Bangalore,Medium,Single,3.0,58.0,0,Yes,63988,99221,
2324,Natalie Ray,60.0,Male,Bachelor's,Operations,Project Manager,26.0,2.0,No,Remote,Ghaziabad,Medium,Married,7.0,82.0,2,No,68343,171565,
653,Jose White,55.0,Female,PhD,Finance,Cloud Engineer,2.0,1.0,Yes,Hybrid,Ghaziabad,Enterprise,Single,6.0,80.0,2,No,97066,162139,
1364,Tiffany Neal,54.0,Female,Master's,Marketing,Project Manager,31.0,4.0,No,Office,Lucknow,Large,Divorced,0.0,48.0,5,No,126313,219580,
4444,Gary Garcia,25.0,Female,Diploma,IT,Finance Analyst,1.0,2.0,No,Office,Ahmedabad,Medium,Single,,85.0,0,No,187787,87700,
1063,Samantha Bryant,57.0,Female,Bachelor's,Operations,Data Scientist,7.0,1.0,No,Remote,Delhi,Enterprise,Married,5.0,46.0,5,No,153007,138116,
370,Tonya Shah,38.0,Female,,Finance,Cloud Engineer,5.0,2.0,No,Remote,Hyderabad,Startup,Single,2.0,73.0,3,No,38316,98626,
2103,Michael Mathis,35.0,Female,Master's,Customer Support,Sales Manager,11.0,4.0,No,Office,Faridabad,Startup,Single,8.0,47.0,4,No,146292,140910,
656,Rachel Bailey,25.0,Female,Diploma,Research,Marketing Manager,2.0,4.0,No,Office,Mumbai,Large,Married,9.0,52.0,1,No,52675,107000,
359,Margaret Blankenship,44.0,Female,Bachelor's,Marketing,HR Manager,8.0,2.0,No,Hybrid,Delhi,Enterprise,Married,6.0,,0,No,113448,123965,
2978,Laura Fleming,34.0,Male,PhD,Legal,Finance Analyst,13.0,1.0,No,Hybrid,Pune,Enterprise,Single,8.0,57.0,3,No,72004,168938,
792,James Abbott,52.0,Male,High School,Customer Support,Backend Developer,,5.0,No,Remote,Gurgaon,Medium,Married,,62.0,11,Yes,155008,169373,
4837,Jackson Stone,25.0,Female,High School,,Marketing Manager,0.0,3.0,No,Office,Faridabad,Enterprise,Married,4.0,47.0,0,No,101619,95775,
3533,Darrell Evans,45.0,Female,Diploma,IT,Database Administrator,14.0,3.0,No,Office,Pune,Startup,Married,6.0,60.0,4,No,53385,120195,
3508,Sandra Anderson,57.0,Female,Bachelor's,Finance,ML Engineer,10.0,4.0,Yes,Hybrid,Indore,Startup,Married,10.0,52.0,5,No,49819,156082,
1648,Robert Stephenson,54.0,Male,Bachelor's,Legal,Marketing Manager,22.0,2.0,Yes,Remote,Bangalore,Large,Married,8.0,44.0,3,No,132958,173242,
2251,Justin Warren,28.0,Female,Bachelor's,Marketing,Frontend Developer,2.0,3.0,No,Office,Delhi,Enterprise,Single,8.0,80.0,0,No,80363,115364,
4475,Dawn Craig,33.0,Female,Master's,Customer Support,Sales Manager,13.0,1.0,Yes,Hybrid,Faridabad,Enterprise,Married,2.0,55.0,9,No,81295,162348,
3488,Christopher Garcia,28.0,Female,Bachelor's,Administration,Cloud Engineer,7.0,3.0,No,Remote,Hyderabad,Startup,Married,3.0,79.0,7,Yes,161454,133990,
1970,Gregory White,30.0,Male,Bachelor's,Marketing,Data Engineer,9.0,5.0,Yes,Hybrid,Noida,Medium,Married,6.0,99.0,3,Yes,62073,162212,
2720,Dawn Rowe,58.0,Female,Bachelor's,Customer Support,Marketing Executive,,3.0,No,Office,Noida,Large,Married,1.0,85.0,2,No,65241,129772,
4922,Austin Lambert,33.0,Male,Diploma,Operations,Business Analyst,13.0,5.0,Yes,Office,Jaipur,Enterprise,Single,,99.0,13,No,178397,155137,
1651,Jennifer Richardson,56.0,Male,Diploma,IT,Project Manager,7.0,2.0,No,Office,Lucknow,Startup,Divorced,4.0,66.0,4,No,147069,111751,
218,Christopher Lam,46.0,Male,Diploma,IT,ML Engineer,16.0,5.0,No,Hybrid,Kolkata,Startup,Married,4.0,82.0,15,Yes,62056,165681,
3834,Kathryn Nelson,45.0,Male,Master's,,Cyber Security Analyst,14.0,3.0,No,Office,Indore,Startup,Married,9.0,45.0,10,No,42370,149580,
1300,Melissa Reeves,21.0,Female,Bachelor's,Customer Support,Cloud Engineer,1.0,1.0,Yes,Office,Delhi,Enterprise,Married,6.0,64.0,1,No,54484,127931,
546,Matthew Ward,30.0,Female,Diploma,Marketing,Finance Analyst,1.0,2.0,No,Hybrid,Delhi,Medium,Single,6.0,70.0,0,Yes,30588,96392,
188,Anna Morris,38.0,Female,Master's,HR,HR Executive,5.0,,No,Remote,Noida,Large,Single,7.0,69.0,3,Yes,172614,124957,
1085,Chase Palmer,29.0,Male,Bachelor's,HR,Accountant,1.0,1.0,No,Hybrid,Bangalore,Startup,Married,9.0,76.0,0,No,187579,81031,
476,Regina Kelley,50.0,Male,Diploma,Marketing,Accountant,4.0,5.0,No,Remote,Mumbai,Startup,Married,6.0,84.0,4,No,187893,98880,
1120,Cathy White,54.0,Female,High School,Administration,Project Manager,7.0,2.0,Yes,Hybrid,Indore,Medium,Married,10.0,77.0,3,Yes,47446,137067,
4835,Timothy Jones,35.0,Male,Bachelor's,Finance,Marketing Manager,1.0,2.0,No,Hybrid,Ahmedabad,Large,Single,2.0,65.0,0,Yes,186070,113364,
1328,Kelly Smith,24.0,Female,Master's,Marketing,Product Manager,0.0,1.0,Yes,Office,Bangalore,Medium,Married,0.0,85.0,0,No,29775,128736,
2906,Dennis Johnson,30.0,Male,High School,IT,QA Engineer,7.0,4.0,Yes,Office,Lucknow,Medium,Single,10.0,72.0,7,No,181207,108099,
664,Melinda Franco,47.0,Female,Bachelor's,IT,DevOps Engineer,2.0,4.0,No,Office,Noida,Startup,Single,9.0,,0,No,44815,106344,
2660,Stacy Gibson,36.0,Female,Bachelor's,Customer Support,Backend Developer,16.0,3.0,No,Hybrid,Bangalore,Medium,Single,6.0,78.0,14,No,96610,138570,
4854,Dana Glenn,56.0,Female,Master's,Legal,Backend Developer,22.0,3.0,Yes,Office,Lucknow,Startup,Married,9.0,42.0,10,No,88099,180037,
364,Jonathon Yang,35.0,Female,Master's,HR,Frontend Developer,13.0,3.0,Yes,Remote,Gurgaon,Startup,Married,,,12,No,162339,129912,
2153,Audrey Newton,26.0,Female,Diploma,HR,Marketing Manager,1.0,5.0,No,Remote,Lucknow,Startup,Married,,51.0,0,No,166662,96362,
3039,Sarah Gardner,57.0,Male,Bachelor's,Administration,Sales Manager,5.0,5.0,No,Remote,Hyderabad,Medium,Single,3.0,52.0,5,No,135998,106374,
2038,Justin Gallagher,31.0,Male,Bachelor's,HR,Project Manager,1.0,4.0,Yes,Hybrid,Lucknow,Medium,Single,10.0,68.0,1,No,72445,129880,
4528,Randy Peterson,31.0,Female,Master's,Research,Accountant,1.0,1.0,No,Remote,Faridabad,Medium,Single,6.0,74.0,1,No,125115,95316,
2378,Lynn Hill,24.0,Male,Bachelor's,Marketing,ML Engineer,0.0,5.0,No,Hybrid,Noida,Enterprise,Single,8.0,,0,No,195383,145479,
36,Sophia Mills,38.0,Male,Bachelor's,Legal,Network Engineer,14.0,3.0,No,Remote,Noida,Startup,Single,4.0,87.0,6,No,169456,129831,
3659,Chad Mejia,28.0,Male,Bachelor's,,Data Engineer,2.0,2.0,Yes,Remote,Hyderabad,Medium,Married,9.0,57.0,2,No,55127,117002,
2842,Scott Farmer,,Male,Bachelor's,HR,Marketing Executive,,1.0,Yes,,Pune,Medium,Married,,56.0,1,Yes,25568,93959,
66,Connie Howell,46.0,Male,Diploma,Sales,HR Executive,20.0,3.0,Yes,Hybrid,Noida,Medium,Divorced,,44.0,0,No,134130,137321,
1072,Alexandra Villarreal,52.0,Male,Master's,Finance,Full Stack Developer,9.0,2.0,Yes,Office,Pune,Medium,Married,3.0,84.0,4,Yes,41912,152131,
4190,Alexandra Shields,28.0,Male,Diploma,Finance,HR Manager,2.0,3.0,No,Office,Pune,Startup,Single,2.0,82.0,1,Yes,153943,91676,
1243,Grace Jones,56.0,Female,Diploma,Finance,HR Manager,11.0,1.0,No,Office,Ahmedabad,Enterprise,Married,4.0,58.0,11,Yes,100846,139687,
3975,Craig Rodriguez,50.0,Male,Diploma,Operations,Network Engineer,,5.0,Yes,Office,Hyderabad,Large,Married,6.0,77.0,6,No,24000,132983,
729,Bryan Horne,38.0,Female,Bachelor's,Legal,ML Engineer,18.0,4.0,No,Office,Noida,Large,Single,3.0,88.0,17,No,29321,162544,
138,Charles Moore,53.0,Female,Diploma,HR,Cyber Security Analyst,16.0,1.0,No,Hybrid,Noida,Startup,Married,0.0,,4,No,131672,108131,
27,Morgan Zimmerman,56.0,Male,PhD,Sales,Cloud Engineer,,5.0,No,Remote,Delhi,Large,Single,0.0,78.0,4,Yes,171222,226090,
2713,Julie Thomas,24.0,Male,Diploma,IT,Project Manager,,5.0,No,Office,Delhi,Large,Married,5.0,66.0,0,Yes,30634,133038,
3168,Sarah Miller,51.0,Male,Diploma,Sales,Data Analyst,13.0,3.0,No,Hybrid,Noida,Medium,Single,3.0,77.0,3,No,128619,111277,
1688,Anthony James,34.0,Male,Bachelor's,Sales,HR Manager,4.0,5.0,No,Hybrid,Gurgaon,Enterprise,Single,10.0,57.0,1,No,30943,120148,
2398,Keith Lane,36.0,Male,Bachelor's,Sales,Marketing Manager,0.0,3.0,Yes,Office,Pune,Startup,Single,5.0,41.0,0,No,47683,96870,
695,Raymond Bell,,Female,Bachelor's,Administration,Software Engineer,7.0,4.0,No,Office,Delhi,Enterprise,Single,6.0,99.0,5,Yes,36040,146953,
137,David Rogers,41.0,Male,Bachelor's,,Data Analyst,17.0,1.0,No,Remote,Jaipur,Medium,Single,1.0,92.0,3,No,166424,121189,
857,Kayla Jones,39.0,Female,Diploma,Administration,HR Executive,,5.0,No,Remote,Noida,Medium,Married,10.0,86.0,6,No,87690,110028,
3719,Denise Hansen,27.0,Male,Diploma,Operations,HR Manager,5.0,5.0,No,Hybrid,Lucknow,Large,Single,6.0,97.0,3,No,126096,118094,
692,Elizabeth Klein,34.0,Male,Bachelor's,Finance,Data Analyst,7.0,2.0,No,Office,Hyderabad,Enterprise,Married,6.0,74.0,7,No,356004,230626,
4627,Breanna Olson,29.0,Male,Master's,Marketing,Network Engineer,2.0,3.0,No,Remote,Bangalore,Medium,Single,10.0,90.0,0,No,49297,119203,
2919,Andre Campbell,41.0,Female,,Sales,DevOps Engineer,2.0,5.0,No,Remote,Noida,Medium,Married,7.0,60.0,0,No,195096,119961,
3314,Cynthia Brown,22.0,Male,Diploma,Operations,HR Manager,2.0,5.0,No,Hybrid,Jaipur,Medium,Single,6.0,78.0,0,Yes,197580,111879,
3076,Cheyenne Baker,60.0,Male,Master's,Customer Support,ML Engineer,3.0,1.0,No,Remote,Chennai,Medium,Single,6.0,95.0,3,No,197318,140691,
3522,Nathaniel Alexander,22.0,Female,Master's,HR,Cloud Engineer,0.0,1.0,No,Remote,Jaipur,Large,Married,4.0,74.0,0,No,76233,231854,
3989,Joseph Brown,48.0,Female,Diploma,Administration,Network Engineer,27.0,1.0,No,Office,Lucknow,Enterprise,Married,2.0,97.0,9,Yes,55341,178821,
3474,Kenneth Reid,36.0,Female,Master's,Customer Support,Sales Manager,3.0,2.0,No,Office,Bangalore,Large,Married,0.0,53.0,3,No,60605,113305,
2469,Ashley Wiley,42.0,Male,Diploma,Marketing,Sales Executive,15.0,2.0,No,Hybrid,Delhi,Medium,Single,8.0,45.0,13,No,57256,105290,
3728,Dawn Thompson,32.0,Male,Bachelor's,Legal,Project Manager,6.0,1.0,Yes,Hybrid,Noida,Medium,Married,6.0,50.0,0,Yes,33802,130401,
4546,Hector Thornton,56.0,Female,Diploma,HR,Full Stack Developer,14.0,4.0,No,Office,Ghaziabad,Medium,Single,5.0,70.0,14,No,35357,135673,
1799,Alex Espinoza,,Female,High School,Customer Support,Database Administrator,5.0,4.0,No,Office,Pune,Startup,Single,0.0,71.0,0,Yes,179314,108074,
3645,Jessica Ross,36.0,Male,Bachelor's,,Network Engineer,9.0,4.0,Yes,Remote,Pune,Enterprise,Married,1.0,57.0,4,No,155120,136510,
1497,Mckenzie Hendrix,53.0,Female,Diploma,Research,DevOps Engineer,15.0,4.0,No,Hybrid,Chennai,Medium,Single,0.0,90.0,15,No,498332,393555,
494,Jason Henry,39.0,Male,Bachelor's,Operations,Data Engineer,6.0,2.0,No,Hybrid,Noida,Medium,Single,10.0,72.0,5,No,117151,125814,
1280,Thomas Johnston,55.0,Male,High School,Administration,Data Scientist,14.0,2.0,No,Office,Mumbai,Medium,Married,,57.0,12,Yes,75881,142120,
4353,Robert Lee,31.0,Male,Bachelor's,Legal,Cloud Engineer,4.0,5.0,Yes,Hybrid,Chennai,Large,Divorced,2.0,50.0,2,No,197680,127419,
1283,Kirsten Knight,58.0,Male,,IT,DevOps Engineer,14.0,3.0,Yes,Office,Mumbai,Large,Married,6.0,75.0,8,No,79317,153985,
540,Rebecca Cameron,37.0,Male,Bachelor's,Legal,Backend Developer,1.0,5.0,Yes,Office,Chennai,Large,Married,9.0,68.0,0,No,155099,121624,
4104,Nathan Martin,51.0,Female,High School,HR,Frontend Developer,2.0,2.0,No,Office,Gurgaon,Large,Married,10.0,,1,No,42857,94767,
2985,Aaron Meadows,60.0,Male,,HR,DevOps Engineer,1.0,5.0,No,Hybrid,Delhi,Startup,Single,7.0,80.0,1,No,21148,123479,
2584,Russell Walker,39.0,Female,Diploma,Marketing,Marketing Executive,2.0,5.0,Yes,Hybrid,Noida,Medium,Single,10.0,99.0,2,No,147684,111466,
3289,Ricardo Jones Jr.,50.0,Female,Master's,IT,Data Analyst,17.0,1.0,No,Hybrid,Hyderabad,Medium,Married,,,10,No,184246,127514,
1459,Joe Wolfe,43.0,Male,Bachelor's,HR,HR Executive,16.0,1.0,No,Office,Hyderabad,Large,Married,6.0,71.0,16,No,59442,115330,
2882,Christopher Cruz,,Male,High School,IT,QA Engineer,20.0,3.0,No,Hybrid,Pune,Startup,Married,6.0,85.0,0,No,123348,133867,
3486,James Klein,57.0,Male,Diploma,Finance,Marketing Manager,20.0,,Yes,Hybrid,Lucknow,Medium,Single,10.0,86.0,3,No,165206,149930,
2168,Theresa Carlson,21.0,Male,Bachelor's,Customer Support,Full Stack Developer,1.0,4.0,No,Office,Ghaziabad,Large,Married,6.0,84.0,1,Yes,137739,126376,
1463,Patrick Price,34.0,Male,Diploma,Administration,QA Engineer,8.0,3.0,Yes,Office,Hyderabad,Large,Single,,,0,No,187764,248874,
171,Veronica Pearson,57.0,Female,Master's,Research,Software Engineer,,4.0,No,Office,Hyderabad,Medium,Single,3.0,69.0,5,No,175394,142627,
2348,Dalton Wise,42.0,Female,Bachelor's,Sales,Data Scientist,,2.0,No,Office,Indore,Medium,Married,,41.0,14,No,100991,174945,
2318,Madison Harris,60.0,Male,Bachelor's,Legal,Marketing Manager,15.0,5.0,No,Hybrid,Ahmedabad,Medium,Single,10.0,40.0,3,No,118517,142672,
2707,Joel Farley,29.0,Female,Master's,Finance,Cloud Engineer,2.0,5.0,No,Office,Ghaziabad,Large,Married,3.0,54.0,1,No,164768,133784,
95,Jordan Wells,21.0,Female,Bachelor's,IT,Network Engineer,0.0,4.0,No,Hybrid,Indore,Large,Married,0.0,95.0,0,No,136891,99587,
1728,Richard Jackson,47.0,Female,Master's,Operations,Frontend Developer,4.0,4.0,No,Remote,Noida,Enterprise,Married,7.0,54.0,2,No,79040,129459,
4018,John Ross,22.0,Male,Bachelor's,Operations,Project Manager,1.0,4.0,Yes,Hybrid,Ghaziabad,Enterprise,Single,9.0,96.0,0,No,124511,151822,
1811,Michael Obrien,,Male,Bachelor's,IT,Frontend Developer,,2.0,No,Office,Hyderabad,Enterprise,Single,7.0,63.0,4,No,121787,120726,
1695,Ian Alexander,44.0,Female,Bachelor's,Research,Accountant,24.0,1.0,No,Office,Faridabad,Large,Married,5.0,84.0,15,No,53264,154754,
3526,Robert Mcgrath,34.0,Male,Master's,Legal,Product Manager,12.0,3.0,No,Remote,Chennai,Medium,Married,1.0,,3,Yes,144959,173765,
3036,Paul Carlson,21.0,Female,High School,Marketing,Project Manager,0.0,3.0,No,Office,Bangalore,Medium,Married,6.0,95.0,0,Yes,147265,118913,
4673,Veronica Huang,60.0,Female,Diploma,Finance,Marketing Manager,34.0,4.0,No,Hybrid,Pune,Medium,Married,3.0,97.0,7,No,123844,202970,
3951,Rebecca Manning,42.0,Female,Bachelor's,HR,Cloud Engineer,8.0,2.0,Yes,Hybrid,Faridabad,Medium,Married,9.0,68.0,4,No,145612,134246,
2167,Kenneth Salazar,45.0,Male,Master's,Operations,Project Manager,14.0,2.0,Yes,Office,Ghaziabad,Enterprise,Married,5.0,83.0,3,No,125700,190462,
312,Michael Roach,51.0,Male,Bachelor's,Sales,Marketing Executive,30.0,2.0,No,Remote,Indore,Startup,Single,1.0,75.0,7,No,198734,167585,
388,Julie Smith,25.0,Male,PhD,Research,Cloud Engineer,5.0,1.0,Yes,Office,Jaipur,Large,Single,8.0,65.0,1,No,172131,166972,
1900,Sandy Brown,55.0,Female,Bachelor's,Operations,Business Analyst,27.0,5.0,No,Hybrid,Faridabad,Large,Single,10.0,95.0,1,No,78384,180431,
2530,Morgan Parker,56.0,Male,Bachelor's,Customer Support,Marketing Executive,26.0,3.0,No,Remote,Pune,Enterprise,Single,6.0,99.0,6,Yes,34006,178909,
3278,Kevin Martin,24.0,Female,Bachelor's,Customer Support,Project Manager,2.0,3.0,No,Hybrid,Delhi,Medium,Single,10.0,78.0,2,No,22291,117117,
572,Matthew Lane,58.0,Female,Bachelor's,Customer Support,Full Stack Developer,29.0,4.0,No,Remote,Ahmedabad,Startup,Married,10.0,,20,Yes,161609,197949,
3126,Valerie White,39.0,Male,,Administration,Data Scientist,17.0,2.0,Yes,Remote,Faridabad,Startup,Married,7.0,72.0,0,No,81954,165348,
1197,Michael Stevens,56.0,Male,Bachelor's,Sales,Sales Manager,32.0,1.0,Yes,Remote,Jaipur,Startup,Single,2.0,54.0,16,No,138724,180406,
4576,Anthony Mcbride,56.0,Male,Master's,HR,Data Scientist,30.0,1.0,Yes,Office,Indore,Medium,Married,10.0,78.0,15,No,75394,221431,
2196,Joshua Collins,56.0,Male,Master's,Administration,HR Executive,9.0,1.0,No,Remote,Delhi,Medium,Divorced,3.0,87.0,6,No,24133,107951,
3035,Diane Jones,58.0,Female,Diploma,Sales,Software Engineer,14.0,3.0,No,Office,Mumbai,Large,Single,0.0,47.0,10,Yes,119709,127785,
1969,Ashley Baker,57.0,Male,Master's,Sales,Marketing Manager,,3.0,No,Hybrid,Hyderabad,Large,Married,4.0,98.0,6,No,26803,153692,
4519,Christopher Powell,39.0,Male,PhD,,Software Engineer,7.0,1.0,No,Office,Delhi,Enterprise,Married,5.0,49.0,1,No,32697,148647,
4823,Hannah Cross,24.0,Male,Bachelor's,HR,Product Manager,0.0,5.0,No,Office,Hyderabad,Enterprise,Married,4.0,44.0,0,No,169578,135987,
3569,Dawn Powell,39.0,Female,Bachelor's,,HR Executive,9.0,3.0,Yes,Office,Indore,Large,Married,2.0,70.0,4,No,28238,111474,
758,Michael Simmons,43.0,Male,Master's,Administration,Marketing Executive,14.0,2.0,No,Hybrid,Bangalore,Large,Married,5.0,72.0,13,No,110352,130438,
449,Mrs. Melissa Bell,39.0,Female,Master's,Sales,DevOps Engineer,3.0,1.0,No,Office,Chennai,Enterprise,Single,2.0,87.0,1,Yes,169967,147690,
337,Jordan Lambert,24.0,Male,Diploma,IT,Cloud Engineer,1.0,2.0,Yes,Office,Kolkata,Large,Married,8.0,41.0,1,No,96411,107439,
1612,Benjamin Lopez,29.0,Male,Master's,Sales,Project Manager,6.0,,No,Hybrid,Noida,Medium,Single,7.0,74.0,1,No,114447,142468,
3770,Shawn Bell,57.0,Male,Master's,,Business Analyst,0.0,4.0,No,Remote,Gurgaon,Enterprise,Single,0.0,57.0,0,No,26626,113809,
3730,Jason Pittman,40.0,Male,Diploma,Research,Sales Manager,4.0,5.0,No,Remote,Bangalore,Startup,Single,7.0,62.0,0,No,36024,100885,
2197,Charles Fleming,38.0,Male,Bachelor's,Customer Support,Cloud Engineer,17.0,5.0,No,Hybrid,Bangalore,Large,Single,5.0,96.0,10,No,145182,163026,
1643,Richard Hutchinson,59.0,Female,Master's,Operations,Data Engineer,2.0,1.0,No,,Pune,Large,Married,5.0,88.0,2,No,104944,130053,
3860,Robert Huffman,24.0,Male,Bachelor's,Operations,Business Analyst,2.0,3.0,No,Remote,Faridabad,Medium,Single,4.0,47.0,0,No,117967,96067,
923,Curtis Hall,35.0,Female,Diploma,,ML Engineer,0.0,5.0,No,Hybrid,Gurgaon,Startup,Single,6.0,50.0,0,No,73046,106583,
586,Sharon David,,Male,Bachelor's,Finance,Full Stack Developer,11.0,1.0,No,Hybrid,Lucknow,Large,Married,8.0,91.0,9,No,148256,137289,
1570,Christopher Cooper,50.0,Male,Diploma,Research,Marketing Executive,4.0,3.0,Yes,Office,Lucknow,Medium,Married,0.0,58.0,4,Yes,31869,98616,
2971,Lisa Sanchez,37.0,Female,Bachelor's,Finance,Cloud Engineer,1.0,5.0,No,Remote,Hyderabad,Medium,Married,10.0,86.0,1,No,124334,122160,
4280,Jerry Cooper,42.0,Female,Bachelor's,Research,Finance Analyst,2.0,1.0,No,Office,Noida,Startup,Single,6.0,68.0,2,Yes,132700,100915,
1705,Gina Ford,40.0,Female,Bachelor's,HR,Frontend Developer,5.0,2.0,No,Hybrid,Ahmedabad,Large,Married,5.0,72.0,5,No,184622,110705,
4358,Micheal Nichols,60.0,Female,Master's,Administration,Marketing Executive,9.0,2.0,No,Hybrid,Kolkata,Medium,Married,1.0,54.0,0,No,66901,109107,
4381,Shirley White,24.0,Female,Master's,Administration,DevOps Engineer,,5.0,Yes,Remote,Bangalore,Medium,Single,8.0,54.0,3,No,174440,136849,
4526,Katherine Costa,39.0,Male,Bachelor's,Operations,Full Stack Developer,12.0,1.0,No,Hybrid,Mumbai,Medium,Single,8.0,82.0,5,No,25932,129365,
3871,Patrick Ortiz,24.0,Male,High School,Marketing,DevOps Engineer,,2.0,No,Office,Jaipur,Medium,Married,,42.0,0,No,162557,82532,
2667,Rebecca Ross,21.0,Male,Diploma,Sales,Backend Developer,1.0,4.0,No,Office,Mumbai,Enterprise,Married,4.0,97.0,0,No,187917,114033,
2432,Gregory Erickson,58.0,Male,Master's,Finance,Data Engineer,5.0,,Yes,Office,Kolkata,Medium,Married,5.0,95.0,4,No,35077,151521,
2172,Jacqueline Travis,46.0,Male,Bachelor's,HR,Data Analyst,12.0,5.0,No,Hybrid,Gurgaon,Large,Single,4.0,84.0,3,No,100094,133089,
2925,Scott Mora,23.0,Male,Bachelor's,Operations,Software Engineer,,3.0,No,Office,Lucknow,Startup,Single,7.0,53.0,0,No,77125,90277,
830,Albert Hickman,35.0,Female,PhD,Operations,Data Analyst,11.0,2.0,Yes,Hybrid,Ahmedabad,Medium,Single,9.0,67.0,0,No,101526,154900,
403,Kelly Smith,36.0,Male,Master's,Customer Support,Network Engineer,11.0,4.0,Yes,,Noida,Large,Single,,54.0,3,Yes,130805,152086,
4782,Toni Wright DVM,52.0,Male,Diploma,Research,Frontend Developer,28.0,5.0,No,Hybrid,Lucknow,Large,Married,9.0,65.0,4,No,98944,165607,
4819,Robert Smith,21.0,Female,,Marketing,Network Engineer,0.0,4.0,Yes,Remote,Delhi,Medium,Married,7.0,45.0,0,No,141299,97343,
3350,Brian Walker,30.0,Female,High School,Sales,HR Executive,0.0,3.0,No,Office,Lucknow,Medium,Married,9.0,71.0,0,Yes,136143,81000,
3789,Stephanie Osborn,51.0,Male,Master's,Administration,Sales Manager,11.0,3.0,No,Remote,Bangalore,Medium,Married,3.0,93.0,1,No,116181,137180,
4681,Cindy Gallegos,58.0,Male,Bachelor's,Research,Cloud Engineer,11.0,2.0,No,Office,Hyderabad,Large,Single,6.0,54.0,3,No,35923,134082,
2711,Alexander Wood,43.0,Male,High School,Finance,HR Manager,23.0,,No,Office,Jaipur,Medium,Single,5.0,100.0,18,Yes,187922,153974,
109,Dr. Ashley Bell,22.0,Female,Diploma,Marketing,Data Engineer,0.0,,No,Office,Chennai,Medium,Married,6.0,83.0,0,No,29686,101394,
911,Timothy Hawkins II,43.0,Male,Diploma,,Business Analyst,10.0,2.0,No,,Noida,Medium,Single,4.0,47.0,4,Yes,110502,116359,
1058,Shaun Nichols,38.0,Female,Diploma,Legal,HR Executive,3.0,2.0,Yes,Office,Noida,Enterprise,Married,3.0,75.0,0,No,85179,103519,
1678,Megan Vance,55.0,Female,Bachelor's,Operations,Marketing Executive,0.0,2.0,No,Office,Lucknow,Large,Divorced,9.0,100.0,0,No,24405,95694,
1665,Jenna Wallace,51.0,Male,Bachelor's,Customer Support,Marketing Executive,13.0,1.0,No,Hybrid,Bangalore,Large,Single,3.0,87.0,6,No,129575,121132,
2863,Allison Dudley,43.0,Male,Master's,Research,Data Analyst,22.0,5.0,No,Hybrid,Bangalore,Startup,Single,9.0,68.0,2,No,143449,164801,
3783,Theresa Mitchell,37.0,Male,,HR,Business Analyst,13.0,4.0,No,Remote,Bangalore,Large,Single,2.0,73.0,9,No,38273,135816,
908,Jose Rose,41.0,Female,Bachelor's,IT,Accountant,11.0,1.0,No,Office,Hyderabad,Medium,Single,3.0,61.0,9,No,180711,103341,
445,Aaron Williams,35.0,Female,Bachelor's,Administration,Backend Developer,1.0,4.0,No,Office,Bangalore,Startup,Married,0.0,73.0,1,No,187809,96732,
406,Brett Phillips,40.0,Female,Diploma,Marketing,Cyber Security Analyst,3.0,3.0,No,Office,Lucknow,Medium,Single,2.0,97.0,3,No,153922,105115,
2954,David Valdez,41.0,Male,Bachelor's,IT,Backend Developer,7.0,5.0,Yes,Office,Indore,Enterprise,Single,7.0,67.0,0,No,73405,144693,
3374,Mr. Larry Freeman,44.0,Female,Master's,Finance,QA Engineer,,4.0,Yes,,Jaipur,Large,Married,0.0,67.0,14,No,61905,163088,
4608,Michael Montgomery,23.0,Female,Diploma,IT,Business Analyst,0.0,1.0,No,Office,Kolkata,Large,Single,8.0,86.0,0,No,777440,184052,
3774,Candice Hoffman,47.0,Male,Diploma,Administration,Database Administrator,12.0,3.0,Yes,Remote,Ghaziabad,Startup,Divorced,0.0,69.0,5,Yes,33414,126397,
2233,Daniel Phillips,31.0,Female,Master's,Legal,Data Scientist,7.0,2.0,No,Hybrid,Faridabad,Large,Married,9.0,45.0,6,No,155688,147437,
3757,Anthony Cox,60.0,Female,High School,Finance,Cloud Engineer,15.0,4.0,Yes,Remote,Gurgaon,Medium,Single,1.0,64.0,1,No,153711,135975,
1395,Deborah Landry DDS,,Male,Diploma,IT,Sales Manager,1.0,4.0,Yes,Office,Faridabad,Enterprise,Married,5.0,53.0,1,No,35494,113833,
1647,Alexis Lopez,52.0,Male,Bachelor's,Research,Project Manager,22.0,5.0,No,,Delhi,Enterprise,Single,6.0,92.0,20,No,148855,208343,
1361,Christopher Moody,22.0,Female,Bachelor's,Finance,Data Engineer,2.0,2.0,No,Office,Delhi,Medium,Single,3.0,50.0,1,No,60727,105216,
11,Brittany Garcia,39.0,Male,Bachelor's,Operations,Marketing Executive,1.0,4.0,Yes,Office,Delhi,Large,Single,3.0,73.0,1,No,130078,97472,
4851,Audrey Jones,24.0,Male,Bachelor's,Administration,Data Engineer,2.0,3.0,No,Hybrid,Mumbai,Large,Single,3.0,40.0,0,No,190646,115561,
1030,Lori Bennett,32.0,Female,Diploma,Research,Marketing Executive,,1.0,Yes,Office,Indore,Enterprise,Single,7.0,90.0,0,No,29096,102509,
1116,Nicholas Henry,52.0,Male,Bachelor's,,Project Manager,4.0,2.0,No,Office,Delhi,Large,Single,10.0,,2,No,115515,121624,
657,Diana Jordan,28.0,Male,Master's,Research,Frontend Developer,4.0,2.0,No,Office,Ahmedabad,Large,Married,2.0,68.0,3,No,193497,113079,
3236,Austin Richardson,29.0,Female,Bachelor's,Operations,Finance Analyst,2.0,2.0,No,Hybrid,Ahmedabad,Large,Divorced,4.0,59.0,1,Yes,191874,107560,
4172,Derrick Medina,47.0,Male,Bachelor's,IT,HR Manager,24.0,,Yes,Office,Gurgaon,Medium,Single,8.0,54.0,8,No,67481,175246,
1313,Taylor Strong,51.0,Female,Diploma,Administration,Marketing Executive,13.0,2.0,No,Hybrid,Chennai,Large,Married,3.0,,8,No,163894,109042,
158,Stefanie Cantu,53.0,Female,Bachelor's,Research,ML Engineer,11.0,2.0,No,Hybrid,Noida,Enterprise,Married,1.0,90.0,5,Yes,126022,169744,
2899,Gina White,44.0,Male,Diploma,Customer Support,HR Executive,21.0,3.0,Yes,Hybrid,Chennai,Startup,Married,3.0,43.0,3,Yes,106474,132623,
4482,Melissa Myers,56.0,Male,PhD,Marketing,Cloud Engineer,34.0,3.0,No,Office,Kolkata,Large,Single,10.0,85.0,15,No,110818,232071,
2171,Kim Berry,50.0,Female,Bachelor's,,Sales Executive,11.0,1.0,No,Office,Noida,Large,Divorced,,97.0,9,No,92957,118153,
477,Kristen Mendez,46.0,Female,High School,Research,HR Manager,0.0,3.0,No,Remote,Pune,Large,Single,5.0,81.0,0,No,20364,88635,
4520,Edgar Hayes,38.0,Female,Bachelor's,Sales,Sales Executive,,5.0,Yes,Hybrid,Lucknow,Startup,Married,0.0,54.0,2,No,25434,133008,
396,Julia Hensley,26.0,Female,Bachelor's,Finance,Frontend Developer,6.0,2.0,No,Office,Ghaziabad,Enterprise,Single,3.0,,0,No,103996,112157,
811,Emily Walker,21.0,Male,Diploma,,Data Engineer,,1.0,No,Hybrid,Pune,Medium,Single,6.0,93.0,0,No,151016,102763,
544,Dillon Scott,46.0,Male,High School,HR,DevOps Engineer,24.0,4.0,No,Remote,Ghaziabad,Large,Single,10.0,43.0,8,No,168890,162226,
2841,Matthew Rogers,51.0,Male,Bachelor's,Research,Cloud Engineer,21.0,3.0,Yes,Hybrid,Delhi,Startup,Divorced,6.0,70.0,3,Yes,52344,169611,
334,Matthew Reese,42.0,Female,Master's,Operations,Sales Executive,17.0,3.0,Yes,Hybrid,Gurgaon,Medium,Married,10.0,76.0,15,No,129636,154759,
4317,Anthony Miller,,Female,Diploma,Administration,Database Administrator,2.0,4.0,No,Office,Delhi,Enterprise,Married,2.0,99.0,1,No,46110,112809,
3237,Antonio Jenkins,34.0,Male,Bachelor's,Customer Support,QA Engineer,0.0,4.0,Yes,Remote,Noida,Large,Married,9.0,71.0,0,No,163202,112685,
2960,Dawn Braun,31.0,Male,Bachelor's,Operations,Marketing Manager,11.0,,No,Remote,Kolkata,Large,Single,,77.0,3,No,78450,132231,
1788,James Osborne,36.0,Male,Master's,IT,Accountant,1.0,2.0,No,Office,Mumbai,Enterprise,Single,7.0,57.0,1,No,59708,108436,
3071,Derek Luna,29.0,Female,Master's,Finance,HR Manager,2.0,,Yes,Hybrid,Chennai,Large,Married,5.0,90.0,1,Yes,181233,148674,
4585,Timothy Hale,58.0,Female,Diploma,Legal,QA Engineer,5.0,4.0,Yes,Remote,Kolkata,Large,Married,4.0,76.0,2,Yes,25158,123235,
4807,Ryan Ramos,,Female,Diploma,Marketing,QA Engineer,,2.0,No,Office,Indore,Medium,Married,6.0,66.0,10,No,90833,143153,
4034,Jeffrey Newman,45.0,Female,Master's,HR,Cyber Security Analyst,4.0,1.0,Yes,Office,Lucknow,Startup,Divorced,7.0,76.0,4,No,198215,130773,
2367,Brian Ashley,30.0,Male,Bachelor's,Sales,DevOps Engineer,0.0,5.0,No,,Indore,Medium,Married,10.0,46.0,0,No,154711,114634,
3587,William Farley,26.0,Male,Bachelor's,Marketing,Cloud Engineer,2.0,3.0,No,Remote,Gurgaon,Medium,Married,6.0,60.0,2,No,89205,108852,
583,Bailey Sellers,42.0,Female,Bachelor's,HR,Project Manager,10.0,5.0,No,Remote,Hyderabad,Medium,Married,4.0,87.0,8,No,37300,148637,
1340,Amanda Cordova,35.0,Male,Master's,Administration,Cyber Security Analyst,,2.0,No,Remote,Faridabad,Startup,Married,3.0,76.0,6,No,196602,133591,
4314,Casey Morton,31.0,Male,Master's,Legal,Marketing Manager,0.0,4.0,No,Office,Noida,Startup,Married,3.0,70.0,0,No,24005,108606,
3060,Ms. Jessica Clark,57.0,Male,Bachelor's,Legal,Data Analyst,32.0,,Yes,Office,Indore,Startup,Single,0.0,74.0,17,No,72904,146255,
2484,William Kramer,59.0,Female,High School,Administration,Cloud Engineer,6.0,4.0,Yes,Remote,Ghaziabad,Enterprise,Married,0.0,57.0,1,No,46207,132201,
410,Victor Benson,59.0,Female,Bachelor's,Marketing,Data Analyst,35.0,5.0,No,Office,Noida,Large,Married,5.0,89.0,5,No,50297,208576,
2823,Dawn Foley,57.0,Female,Master's,Operations,Backend Developer,21.0,,Yes,Hybrid,Jaipur,Startup,Single,9.0,62.0,3,No,88670,164413,
2107,Luis Barnes,59.0,Male,Master's,Operations,Software Engineer,,2.0,No,Hybrid,Gurgaon,Startup,Married,6.0,61.0,10,No,80341,139845,
4604,Margaret James,41.0,Female,Master's,Operations,HR Manager,11.0,2.0,No,,Mumbai,Medium,Single,5.0,84.0,10,No,118706,135183,
1172,Hunter Hardy,25.0,Female,Bachelor's,Customer Support,Network Engineer,4.0,5.0,Yes,Remote,Chennai,Startup,Married,3.0,67.0,1,No,103940,110540,
3946,Paul Miranda,40.0,Female,PhD,Marketing,Business Analyst,4.0,5.0,Yes,Hybrid,Delhi,Large,Single,,50.0,0,No,183156,161280,
287,Jorge Lee,55.0,Male,Diploma,Sales,HR Manager,7.0,4.0,Yes,Hybrid,Lucknow,Startup,Single,2.0,86.0,2,No,182051,106110,
4981,Vanessa Gregory,36.0,Male,,Sales,Project Manager,10.0,2.0,Yes,Hybrid,Chennai,Startup,Married,9.0,72.0,4,No,134056,148805,
1279,Matthew Johnson,51.0,Male,Bachelor's,Customer Support,Cloud Engineer,12.0,3.0,Yes,Hybrid,Faridabad,Large,Married,4.0,43.0,5,No,63162,147574,
1007,Elizabeth Pacheco,,Male,Bachelor's,IT,Accountant,5.0,2.0,No,Office,Delhi,Medium,Single,7.0,85.0,5,No,32018,92319,
181,Leslie Mason,58.0,Female,Bachelor's,Administration,Cyber Security Analyst,16.0,,No,,Bangalore,Large,Married,0.0,,11,Yes,195796,162806,
1222,Harry Young,,Male,Master's,IT,HR Executive,2.0,3.0,No,Office,Gurgaon,Startup,Married,7.0,63.0,2,No,112424,91737,
1873,Michael Cantu,24.0,Female,PhD,Marketing,ML Engineer,4.0,2.0,Yes,Remote,Noida,Startup,Single,4.0,46.0,2,No,91164,154073,
1327,Mrs. Taylor Jones,23.0,Male,High School,Research,Finance Analyst,,1.0,Yes,Hybrid,Kolkata,Startup,Single,0.0,64.0,1,Yes,134177,87390,
888,Thomas Wallace,56.0,Male,Bachelor's,Marketing,Project Manager,20.0,5.0,No,,Pune,Medium,Single,8.0,84.0,17,No,90648,178198,
466,Zachary Ramirez,50.0,Female,Bachelor's,Customer Support,Business Analyst,26.0,1.0,No,Office,Indore,Startup,Married,5.0,85.0,11,No,84222,157481,
1396,Tamara Ho,32.0,Male,Bachelor's,Sales,Database Administrator,7.0,2.0,No,Office,Lucknow,Startup,Married,9.0,93.0,4,No,178632,118832,
3298,Briana Garcia,55.0,Female,High School,Sales,Project Manager,20.0,3.0,No,Office,Chennai,Startup,Single,8.0,74.0,0,Yes,65009,155732,
1870,Sharon Mcdonald,36.0,Male,Bachelor's,Finance,Project Manager,10.0,5.0,No,Remote,Ghaziabad,Enterprise,Divorced,9.0,91.0,3,Yes,72832,176381,
2672,Samantha Holmes,37.0,Male,High School,Finance,ML Engineer,17.0,3.0,No,Hybrid,Pune,Enterprise,Married,6.0,55.0,9,No,150226,173546,
768,Angela Huynh,35.0,Male,Bachelor's,Legal,Business Analyst,3.0,1.0,No,Hybrid,Hyderabad,Startup,Married,5.0,94.0,2,No,178829,92565,
688,William Burgess,43.0,Male,High School,Operations,Backend Developer,10.0,5.0,No,,Jaipur,Startup,Single,10.0,63.0,2,No,188769,120856,
4129,Tabitha Patrick,25.0,Male,Bachelor's,HR,Finance Analyst,4.0,3.0,No,Office,Lucknow,Medium,Married,9.0,67.0,0,No,111598,105420,
1025,Garrett Hunter,53.0,Male,Diploma,Operations,Sales Manager,6.0,1.0,Yes,Hybrid,Lucknow,Large,Married,6.0,54.0,3,No,172625,111208,
3724,Frederick Gilbert,51.0,Female,Bachelor's,Sales,HR Executive,28.0,4.0,Yes,Office,Gurgaon,Large,Divorced,8.0,65.0,12,No,73305,160779,
275,Michael Carpenter,48.0,Male,High School,Marketing,Cloud Engineer,19.0,5.0,No,Office,Chennai,Medium,Single,3.0,84.0,3,No,194718,163437,
3618,Robin Garza,37.0,Female,High School,Sales,ML Engineer,10.0,4.0,Yes,Remote,Noida,Medium,Single,7.0,98.0,2,No,117685,155323,
273,Michael Thomas,60.0,Male,Bachelor's,Operations,Cloud Engineer,,5.0,No,Office,Mumbai,Large,Single,8.0,55.0,1,Yes,130168,210873,
389,Meagan Goodwin,55.0,Male,High School,Operations,DevOps Engineer,,4.0,Yes,Hybrid,Noida,Medium,Single,4.0,,9,No,20767,168363,
970,Aaron Miller,30.0,Female,Bachelor's,Customer Support,Data Scientist,1.0,1.0,No,Remote,Indore,Medium,Married,7.0,73.0,1,No,33894,110874,
3558,Allison Washington,31.0,Female,Bachelor's,Operations,Data Analyst,0.0,1.0,No,Office,Indore,Startup,Single,10.0,47.0,0,No,45382,76859,
4633,Scott Andrews,48.0,Male,Master's,Administration,Sales Manager,10.0,4.0,Yes,Office,Faridabad,Enterprise,Single,6.0,,4,No,198771,161836,
3540,Corey Perez,41.0,Female,High School,Customer Support,DevOps Engineer,11.0,4.0,No,Hybrid,Chennai,Enterprise,Single,9.0,65.0,7,No,148416,144532,
3088,Monica Crawford,44.0,Male,Bachelor's,IT,Sales Manager,3.0,3.0,No,Office,Indore,Enterprise,Single,7.0,56.0,3,No,179838,120980,
1629,Jorge King,46.0,Female,Master's,IT,DevOps Engineer,24.0,3.0,No,,Ahmedabad,Medium,Married,6.0,94.0,17,No,114873,187439,
452,Carol Delacruz,43.0,Male,Diploma,Operations,Marketing Executive,11.0,2.0,No,Office,Delhi,Large,Married,4.0,,1,No,169667,112080,
984,Steven Riggs,45.0,Male,Diploma,IT,Accountant,,4.0,No,Remote,Ghaziabad,Enterprise,Married,2.0,41.0,0,No,134124,115587,
263,Patrick Berger,29.0,Female,Bachelor's,Marketing,Product Manager,6.0,4.0,No,Office,Jaipur,Startup,Married,8.0,49.0,5,No,179213,131972,
1795,Michael Rodriguez,26.0,Female,Bachelor's,Finance,Cyber Security Analyst,3.0,,No,Office,Kolkata,Medium,Married,8.0,74.0,3,Yes,73046,133451,
750,Kenneth Griffin,38.0,Female,Diploma,Marketing,DevOps Engineer,2.0,4.0,Yes,Hybrid,Ahmedabad,Large,Married,4.0,66.0,1,No,185541,115666,
976,Aaron Curtis,51.0,Female,PhD,Research,Sales Manager,4.0,4.0,No,Remote,Kolkata,Large,Single,7.0,83.0,1,No,43266,152830,
4852,John Vasquez,48.0,Female,Master's,Marketing,Marketing Manager,19.0,3.0,No,Hybrid,Delhi,Large,Married,10.0,80.0,3,Yes,116237,185198,
3220,Brandi Parker,45.0,Female,Master's,Finance,Finance Analyst,0.0,3.0,Yes,Hybrid,Lucknow,Startup,Single,5.0,97.0,0,Yes,245536,375099,
3501,Jeffrey Knight,,Male,Bachelor's,Research,Marketing Executive,22.0,3.0,No,Remote,Mumbai,Large,Married,,56.0,20,No,20836,148700,
4016,Dean Green,57.0,Female,Diploma,Customer Support,HR Manager,,4.0,No,Remote,Hyderabad,Medium,Single,6.0,78.0,0,No,93065,107227,
4259,Benjamin Montes,48.0,Male,Diploma,Customer Support,ML Engineer,17.0,5.0,No,Office,Noida,Enterprise,Married,2.0,69.0,2,No,100714,182994,
1644,Jessica Murphy,52.0,Female,Bachelor's,IT,Backend Developer,0.0,5.0,Yes,Hybrid,Lucknow,Enterprise,Divorced,5.0,92.0,0,No,148237,127868,
3512,Samantha Dyer,41.0,Male,Bachelor's,Marketing,Business Analyst,12.0,4.0,Yes,Hybrid,Ghaziabad,Startup,Married,3.0,,11,Yes,75978,136078,
1220,Mrs. Karen Rivers DVM,54.0,Female,Diploma,Operations,Cloud Engineer,21.0,5.0,Yes,Hybrid,Chennai,Large,Married,6.0,73.0,6,No,98346,190430,
2485,Nicole Blackwell,27.0,Male,Master's,,Marketing Manager,0.0,4.0,No,Office,Gurgaon,Medium,Single,3.0,87.0,0,No,127142,117580,
3377,Dr. Dawn Bowman MD,28.0,Female,Master's,IT,Sales Manager,2.0,,No,Hybrid,Ghaziabad,Medium,Single,10.0,84.0,1,No,147264,132001,
3346,Jerry Wells,49.0,Male,Bachelor's,Research,Network Engineer,3.0,1.0,No,Office,Pune,Large,Single,9.0,56.0,0,Yes,42064,113712,
4319,Kelly Rogers,33.0,Female,Bachelor's,,Business Analyst,6.0,,No,Office,Pune,Large,Single,0.0,95.0,4,No,199632,110147,
3210,Denise Fitzgerald,31.0,Male,,Operations,Full Stack Developer,2.0,5.0,Yes,Hybrid,Bangalore,Large,Single,0.0,83.0,0,No,199518,116861,
4522,Jamie Blair,50.0,Female,Bachelor's,,Cloud Engineer,7.0,5.0,No,,Mumbai,Startup,Single,6.0,48.0,4,No,124182,129640,
4630,Jacqueline Sims,30.0,Female,Master's,Legal,QA Engineer,0.0,5.0,Yes,Remote,Pune,Large,Married,1.0,55.0,0,No,129967,113823,
3506,Tracy Peters,34.0,Female,Master's,Marketing,Project Manager,10.0,3.0,No,Office,Bangalore,Startup,Single,2.0,66.0,6,Yes,127950,147863,
2644,Donna Cunningham,22.0,Female,Bachelor's,Research,DevOps Engineer,2.0,2.0,Yes,Remote,Noida,Medium,Married,7.0,74.0,2,No,91132,116876,
34,James Wagner,,Female,Bachelor's,Marketing,Data Engineer,7.0,2.0,Yes,Hybrid,Chennai,Medium,Single,4.0,80.0,3,No,198677,137935,
3363,Joseph Palmer,48.0,Male,Master's,Research,Frontend Developer,13.0,2.0,No,Office,Gurgaon,Enterprise,Single,10.0,83.0,13,Yes,78968,167080,
335,Joshua Kelley,23.0,Male,Master's,Marketing,DevOps Engineer,1.0,3.0,Yes,Office,Ghaziabad,Large,Married,5.0,47.0,1,No,639240,386766,
2508,Brian Reeves,27.0,Female,Master's,Administration,HR Executive,6.0,5.0,Yes,Office,Bangalore,Medium,Single,8.0,54.0,3,No,117520,115941,
978,Erik Barker,46.0,Female,Bachelor's,Administration,Cloud Engineer,10.0,3.0,Yes,Hybrid,Pune,Medium,Married,2.0,,2,No,191140,133871,
1610,Brandy Hull,36.0,Female,Master's,Marketing,Project Manager,2.0,2.0,No,Hybrid,Indore,Enterprise,Married,1.0,61.0,0,Yes,66845,149742,
1703,Lisa Adams,34.0,Female,Bachelor's,Operations,Product Manager,4.0,5.0,No,Hybrid,Noida,Large,Single,6.0,55.0,0,No,56299,139656,
2942,Jessica Mason,53.0,Male,Master's,Operations,Database Administrator,3.0,4.0,No,Hybrid,Bangalore,Large,Married,9.0,80.0,1,No,189360,132517,
4168,Mark Clayton,34.0,Female,PhD,Legal,Sales Executive,6.0,4.0,No,Hybrid,Noida,Medium,Married,7.0,,6,No,100061,142922,
3040,Rachael Brown,33.0,Male,Master's,Operations,Cloud Engineer,,5.0,No,Remote,Indore,Large,Married,4.0,92.0,2,No,67003,153868,
552,Amy Watson,22.0,Female,Bachelor's,Marketing,Frontend Developer,0.0,,No,Office,Gurgaon,Large,Married,1.0,97.0,0,No,69063,98287,
1433,Teresa Stanley,41.0,Male,,Marketing,Marketing Executive,,3.0,No,Remote,Jaipur,Medium,Married,8.0,,3,No,130888,95859,
652,Alan Mayer,36.0,Male,Bachelor's,Finance,Data Engineer,10.0,4.0,No,Hybrid,Ghaziabad,Medium,Married,5.0,53.0,8,No,131780,129822,
314,Jennifer Poole,58.0,Female,Bachelor's,HR,HR Executive,13.0,5.0,No,Hybrid,Ahmedabad,Medium,Single,,74.0,4,No,39065,109910,
2170,Kristin Davis,27.0,Male,Diploma,Finance,HR Manager,6.0,5.0,No,Remote,Pune,Large,Single,4.0,87.0,3,Yes,100061,121072,
282,Julie Tapia,47.0,Female,Bachelor's,Finance,Data Scientist,10.0,4.0,Yes,Hybrid,Delhi,Enterprise,Married,3.0,93.0,7,Yes,108422,179000,
3449,Jessica Stephens,21.0,Male,High School,Research,Sales Executive,0.0,4.0,Yes,Office,Kolkata,Medium,Single,2.0,41.0,0,Yes,145518,82481,
525,Brandon Smith,33.0,Female,Bachelor's,Customer Support,Database Administrator,2.0,4.0,Yes,Hybrid,Hyderabad,Large,Single,10.0,76.0,1,No,129388,123779,
1732,Brittany Wilson,45.0,Female,Master's,Marketing,Project Manager,14.0,5.0,Yes,Office,Chennai,Large,Single,4.0,40.0,14,No,133262,174646,
2346,Ronald Shepard,29.0,Female,High School,Operations,Cloud Engineer,4.0,3.0,No,Remote,Kolkata,Large,Single,8.0,75.0,2,No,172009,117899,
454,Kayla Fisher,24.0,Male,Bachelor's,Customer Support,DevOps Engineer,3.0,2.0,No,Remote,Noida,Medium,Single,3.0,40.0,0,No,196719,100540,
995,Douglas Randolph,21.0,Male,Master's,Sales,Software Engineer,1.0,1.0,No,Hybrid,Hyderabad,Medium,Married,8.0,43.0,0,No,166004,103538,
2574,Crystal Henry,24.0,Male,Bachelor's,Operations,Project Manager,1.0,2.0,No,Hybrid,Mumbai,Large,Married,4.0,90.0,0,No,165655,118308,
583,Bailey Sellers,42.0,Female,Bachelor's,HR,Project Manager,10.0,5.0,No,Remote,Hyderabad,Medium,Married,4.0,87.0,8,No,37300,148637,
4719,Dr. Angela Moore,57.0,Female,Diploma,HR,ML Engineer,25.0,1.0,Yes,Office,Jaipur,Enterprise,Single,8.0,94.0,11,No,83969,191885,
4160,Laura Park,41.0,Female,Diploma,IT,Data Scientist,,2.0,No,Remote,Bangalore,Startup,Single,2.0,89.0,4,No,154609,158348,
2138,William Jones,56.0,Male,PhD,IT,Sales Manager,24.0,2.0,No,Hybrid,Ahmedabad,Medium,Married,,69.0,11,Yes,36158,198092,
2752,Catherine Rice,31.0,Female,Diploma,HR,Sales Manager,7.0,2.0,No,Hybrid,Ghaziabad,Startup,Single,2.0,46.0,1,No,148939,93414,
3271,Michael Williams,50.0,Male,Master's,Administration,Business Analyst,4.0,1.0,No,Remote,Delhi,Large,Married,9.0,86.0,0,No,104570,129357,
999,Lisa Martinez,36.0,Female,High School,Customer Support,Business Analyst,12.0,3.0,Yes,Hybrid,Delhi,Medium,Single,2.0,75.0,2,No,125614,123057,
1783,Danielle Hall,30.0,Female,Diploma,Sales,Data Analyst,10.0,3.0,No,Office,Lucknow,Large,Single,9.0,88.0,6,No,132102,123683,
2425,Brendan Mcknight,41.0,Female,,Marketing,Software Engineer,7.0,4.0,No,Remote,Chennai,Startup,Divorced,0.0,61.0,3,No,76917,109266,
4940,Victoria Valentine,38.0,Male,Diploma,Marketing,QA Engineer,12.0,1.0,Yes,Office,Chennai,Startup,Single,1.0,64.0,8,Yes,124413,110953,
3353,Tom Robinson,44.0,Female,Bachelor's,Operations,Network Engineer,19.0,,No,Office,Mumbai,Medium,Single,10.0,79.0,18,Yes,62435,166524,
2918,Timothy Cook,21.0,Female,Bachelor's,Legal,Finance Analyst,1.0,1.0,Yes,Hybrid,Kolkata,Enterprise,Divorced,5.0,89.0,0,No,52419,113959,
4371,Ashley Evans,56.0,Female,Bachelor's,,Data Engineer,9.0,5.0,No,Office,Ahmedabad,Medium,Single,3.0,54.0,5,No,143974,129673,
3051,Christopher Church,31.0,Female,Master's,Operations,Database Administrator,7.0,3.0,No,Hybrid,Pune,Large,Single,0.0,60.0,6,Yes,44137,136214,
3019,David Spencer,,Male,,Operations,Cyber Security Analyst,13.0,1.0,No,Hybrid,Lucknow,Startup,Married,1.0,84.0,5,No,160458,131010,
3107,Sharon Cordova,60.0,Male,High School,Research,Marketing Executive,8.0,,Yes,Remote,Noida,Startup,Single,5.0,67.0,7,No,180141,96501,
1761,Jenna Rodriguez,30.0,Female,,IT,Finance Analyst,4.0,5.0,No,,Mumbai,Enterprise,Married,0.0,73.0,2,No,159423,111078,
732,Joseph Arroyo,54.0,Female,Bachelor's,Marketing,Accountant,1.0,2.0,No,,Chennai,Enterprise,Single,9.0,61.0,0,No,172018,102913,
2676,Lisa Torres,45.0,Male,High School,Administration,HR Manager,18.0,1.0,Yes,Office,Delhi,Large,Married,6.0,48.0,18,No,112526,129216,
3596,Richard Evans,40.0,Male,Bachelor's,,Backend Developer,0.0,2.0,Yes,Remote,Noida,Large,Married,10.0,45.0,0,Yes,102052,114383,
4764,Dennis Jones,38.0,Female,Bachelor's,Research,Data Engineer,16.0,3.0,Yes,Office,Mumbai,Medium,Married,7.0,70.0,4,No,164233,159165,
3703,Derrick Lester,,Female,Master's,Operations,HR Manager,27.0,3.0,Yes,Office,Mumbai,Medium,Married,10.0,77.0,1,No,36753,170842,
1769,Jackie Hill,,Female,Bachelor's,Operations,Data Engineer,21.0,5.0,Yes,Hybrid,Faridabad,Startup,Married,5.0,54.0,5,No,47338,172896,
1557,Grace Quinn,49.0,Female,High School,Sales,Finance Analyst,0.0,,No,Hybrid,Noida,Startup,Single,7.0,97.0,0,Yes,191674,84710,
451,Thomas Bryant,53.0,Male,Bachelor's,Research,ML Engineer,18.0,5.0,No,Remote,Mumbai,Startup,Divorced,8.0,44.0,8,Yes,55135,180038,
1386,Tiffany King,42.0,Female,Bachelor's,HR,Project Manager,14.0,5.0,Yes,Remote,Delhi,Startup,Married,2.0,76.0,1,Yes,95578,172964,
2798,Karen Harris,39.0,Male,Diploma,Sales,Marketing Manager,15.0,3.0,No,Hybrid,Ahmedabad,Enterprise,Single,2.0,84.0,13,No,97528,150902,
2242,Deborah Mejia,25.0,Female,Bachelor's,Finance,Full Stack Developer,3.0,5.0,No,Hybrid,Mumbai,Medium,Married,9.0,58.0,1,Yes,186763,130121,
862,Barbara Hernandez,30.0,Female,Diploma,Finance,Cyber Security Analyst,8.0,5.0,No,Office,Lucknow,Enterprise,Single,3.0,85.0,2,Yes,163194,160826,
3852,Steven Kelley,30.0,Female,Diploma,HR,Frontend Developer,5.0,5.0,No,Hybrid,Faridabad,Large,Single,6.0,,1,No,296374,230148,
4179,Ryan Pugh,22.0,Male,Bachelor's,IT,Marketing Executive,2.0,3.0,No,Office,Noida,Enterprise,Single,1.0,95.0,2,No,174592,114374,
3023,Mary Moore,22.0,Female,Bachelor's,Operations,Network Engineer,1.0,2.0,No,Hybrid,Delhi,Medium,Married,10.0,58.0,0,Yes,85129,108134,
3597,David Gallegos,,Female,Bachelor's,Customer Support,Marketing Executive,4.0,5.0,No,Hybrid,Lucknow,Medium,Divorced,6.0,89.0,3,No,60046,106292,
167,Timothy Brown,48.0,Male,Bachelor's,Research,Business Analyst,4.0,2.0,No,Office,Gurgaon,Medium,Single,3.0,71.0,1,No,179136,101522,
4344,Molly Sims,,Female,Bachelor's,Sales,Cloud Engineer,7.0,5.0,No,Office,Lucknow,Large,Single,9.0,96.0,7,No,68736,146360,
1790,David Hernandez,27.0,Male,Bachelor's,Legal,Finance Analyst,4.0,1.0,Yes,Remote,Ghaziabad,Large,Married,2.0,72.0,3,No,184078,103127,
1725,Sharon Miller,55.0,Female,Master's,Sales,Data Analyst,24.0,3.0,No,Office,Delhi,Medium,Single,0.0,66.0,10,Yes,29486,164279,
1430,John Marshall,47.0,Female,Bachelor's,Operations,Frontend Developer,15.0,2.0,No,Hybrid,Faridabad,Medium,Married,9.0,60.0,4,No,193854,129614,
3699,Edwin Baker,52.0,Female,Bachelor's,IT,Software Engineer,20.0,1.0,Yes,Remote,Jaipur,Medium,Single,3.0,72.0,17,No,166794,139470,
4514,Robyn Barrett,26.0,Male,Bachelor's,Finance,Data Engineer,6.0,,No,Remote,Ahmedabad,Large,Divorced,7.0,64.0,2,No,199843,135718,
3599,Wesley Black,31.0,Male,PhD,Marketing,Product Manager,7.0,4.0,Yes,Office,Noida,Enterprise,Divorced,1.0,73.0,1,No,147339,196881,
1977,Barbara Lopez,28.0,Male,Bachelor's,Administration,Data Analyst,7.0,3.0,No,Office,Hyderabad,Medium,Married,4.0,76.0,6,No,173127,102671,
3661,Patrick Mitchell,52.0,Female,Bachelor's,Legal,Product Manager,18.0,1.0,Yes,Office,Pune,Large,Married,9.0,68.0,4,No,114549,183552,
3566,David Rollins,39.0,Female,,Administration,Cloud Engineer,9.0,5.0,Yes,Remote,Ghaziabad,Medium,Married,,56.0,5,Yes,172812,153231,
3442,Michael Ramos,46.0,Female,Bachelor's,Research,Project Manager,0.0,2.0,Yes,Hybrid,Chennai,Medium,Single,1.0,90.0,0,No,161826,112824,
4201,Colleen Browning,33.0,Female,Master's,Legal,Product Manager,5.0,3.0,No,Office,Jaipur,Large,Married,9.0,97.0,3,Yes,549438,351916,
1292,Sandra Beasley,37.0,Female,Master's,Administration,Network Engineer,3.0,2.0,No,Hybrid,Lucknow,Large,Married,1.0,51.0,2,No,33369,111358,
1857,Andrea Castaneda,59.0,Female,Diploma,Administration,DevOps Engineer,26.0,5.0,No,Hybrid,Kolkata,Medium,Single,3.0,100.0,7,No,24516,170896,
3753,Joseph Schultz,51.0,Male,Diploma,Operations,HR Manager,4.0,3.0,No,Office,Hyderabad,Medium,Married,9.0,42.0,4,No,107262,98467,
3538,Melvin Barker,,Female,High School,IT,Business Analyst,1.0,1.0,Yes,Remote,Mumbai,Startup,Single,0.0,81.0,0,No,125581,78515,
2820,Mr. Luke Kennedy,42.0,Male,,Marketing,Finance Analyst,12.0,3.0,No,Office,Gurgaon,Medium,Single,0.0,87.0,1,Yes,156268,125463,
87,Catherine Burns,37.0,Male,Bachelor's,Operations,Sales Manager,11.0,4.0,No,,Noida,Medium,Married,0.0,80.0,0,No,76985,129971,
372,Desiree Nichols,51.0,Male,Master's,Operations,Finance Analyst,18.0,4.0,No,Hybrid,Ahmedabad,Enterprise,Single,9.0,50.0,0,No,76030,168175,
4735,Allison Obrien,35.0,Female,Diploma,HR,DevOps Engineer,2.0,1.0,No,Office,Jaipur,Enterprise,Married,9.0,43.0,2,No,124822,107883,
1190,David Rodriguez,34.0,Male,Bachelor's,Sales,HR Manager,,2.0,Yes,Office,Gurgaon,Large,Married,4.0,74.0,9,No,90908,131785,
1628,Shawn Williams,35.0,Female,Diploma,Finance,HR Executive,,4.0,No,Office,Indore,Medium,Married,8.0,51.0,1,No,47428,81096,
432,Edward Black,58.0,Female,PhD,IT,Cloud Engineer,19.0,3.0,No,Office,Jaipur,Medium,Single,0.0,,9,No,37221,180987,
356,Sandra Salas,45.0,Female,Bachelor's,Operations,Network Engineer,4.0,5.0,No,Hybrid,Ahmedabad,Startup,Married,8.0,79.0,2,No,139020,112257,
1764,Donald Dorsey,57.0,Male,High School,HR,Cloud Engineer,34.0,2.0,No,Hybrid,Indore,Startup,Single,9.0,71.0,0,No,104636,172515,
398,David Bryant,22.0,Female,,Finance,Data Engineer,2.0,2.0,No,Hybrid,Mumbai,Startup,Single,5.0,65.0,1,No,93302,103710,
823,Christy Walls,24.0,Female,Master's,Marketing,Marketing Executive,,1.0,No,Remote,Jaipur,Startup,Married,0.0,,2,No,37426,86332,
2855,Jaime Ray,54.0,Female,Bachelor's,Legal,Cloud Engineer,11.0,5.0,No,Office,Delhi,Startup,Single,2.0,69.0,5,No,127088,133318,
4437,Tiffany Copeland,52.0,Male,Master's,Research,Cyber Security Analyst,7.0,1.0,Yes,Hybrid,Delhi,Medium,Single,8.0,66.0,5,No,57584,139984,
4769,Deanna Jones,35.0,Male,Bachelor's,Marketing,Business Analyst,,5.0,Yes,Remote,Lucknow,Startup,Married,9.0,75.0,2,Yes,137280,127972,
3933,Rebecca Swanson,25.0,Female,Diploma,Operations,Software Engineer,3.0,4.0,Yes,Office,Mumbai,Startup,Single,4.0,79.0,0,No,76291,97850,
2058,Thomas Buckley,,Female,Diploma,Finance,HR Manager,11.0,5.0,No,Office,Ghaziabad,Large,Single,3.0,53.0,3,No,56973,117568,
645,Nathan Rodriguez,31.0,Female,Diploma,Finance,Data Scientist,6.0,5.0,No,Remote,Gurgaon,Medium,Married,9.0,41.0,3,No,37601,124397,
4536,Kathleen Green,42.0,Male,PhD,HR,Business Analyst,6.0,5.0,Yes,Hybrid,Indore,Enterprise,Married,1.0,70.0,6,Yes,38962,180776,
3,David Matthews,27.0,Male,,Sales,Network Engineer,4.0,4.0,No,Office,Chennai,Startup,Married,6.0,83.0,4,No,126530,92661,
2185,Gregory Barker,58.0,Female,,Marketing,Cyber Security Analyst,10.0,3.0,No,Hybrid,Ahmedabad,Large,Single,7.0,71.0,9,Yes,164758,142324,
1823,Bryan Garcia,33.0,Female,Master's,Administration,Project Manager,0.0,4.0,No,,Pune,Medium,Married,0.0,54.0,0,No,134050,114739,
1511,Mariah Mccullough,44.0,Male,Master's,IT,Product Manager,,2.0,Yes,Office,Faridabad,Startup,Married,10.0,75.0,11,No,169417,187870,
2016,Anne Barnes,41.0,Male,Master's,Finance,Data Scientist,11.0,2.0,No,Hybrid,Ahmedabad,Medium,Married,7.0,87.0,0,No,94220,163065,
2722,Brent Mendez,46.0,Male,Diploma,Finance,Backend Developer,16.0,5.0,Yes,Remote,Ahmedabad,Enterprise,Single,6.0,88.0,7,No,177101,172473,
4421,Brian Lara,25.0,Female,Diploma,Customer Support,Backend Developer,3.0,4.0,Yes,Remote,Bangalore,Startup,Single,8.0,79.0,2,No,96308,103589,
1645,Cheryl Brown,59.0,Male,Bachelor's,,QA Engineer,14.0,2.0,No,Hybrid,Noida,Startup,Married,2.0,44.0,3,No,87081,102937,
332,Susan Fisher,40.0,Female,Bachelor's,Legal,Cyber Security Analyst,2.0,2.0,No,,Jaipur,Enterprise,Married,7.0,73.0,1,No,139779,124575,
1577,Melinda Robinson,35.0,Female,Master's,Customer Support,Frontend Developer,4.0,4.0,Yes,Office,Ghaziabad,Medium,Single,2.0,90.0,4,No,168120,121482,
1821,Luke Weiss,30.0,Female,Diploma,Administration,DevOps Engineer,8.0,3.0,No,Office,Jaipur,Startup,Divorced,0.0,71.0,3,No,153264,114491,
1972,Melissa Hunt,57.0,Male,Bachelor's,Research,Marketing Manager,18.0,1.0,Yes,Office,Pune,Medium,Married,5.0,65.0,10,No,109771,148928,
4813,Andrea Richardson,44.0,Female,Bachelor's,Operations,Network Engineer,11.0,5.0,Yes,Office,Delhi,Large,Married,10.0,78.0,9,Yes,176305,158292,
1499,William Caldwell,46.0,Female,PhD,Customer Support,QA Engineer,,4.0,No,Remote,Kolkata,Large,Married,6.0,78.0,8,No,138156,198603,
926,Brandon Wilson,37.0,Male,Diploma,,HR Executive,5.0,3.0,No,Remote,Delhi,Startup,Single,,57.0,0,No,145626,81430,
4271,Jose Mills,21.0,Male,Bachelor's,Finance,Software Engineer,,4.0,No,Hybrid,Jaipur,Startup,Single,8.0,61.0,0,No,125077,93770,
3344,Rachel Brooks,30.0,Male,Bachelor's,Marketing,Cyber Security Analyst,5.0,2.0,No,Office,Chennai,Medium,Single,8.0,45.0,5,No,120304,112493,
334,Matthew Reese,42.0,Female,,Operations,Sales Executive,17.0,3.0,Yes,Hybrid,Gurgaon,Medium,Married,10.0,76.0,15,No,129636,154759,
1528,Brooke Bell,26.0,Male,Master's,HR,Sales Executive,4.0,4.0,Yes,Hybrid,Hyderabad,Large,Married,3.0,92.0,0,No,58343,127245,
1436,Daniel Cordova,36.0,Male,Bachelor's,Research,Backend Developer,,,No,Hybrid,Gurgaon,Large,Married,7.0,45.0,0,Yes,175915,109273,
4857,Brianna Brown,58.0,Male,Diploma,Research,Project Manager,2.0,4.0,No,Hybrid,Lucknow,Medium,Single,7.0,,0,No,35918,106073,
4828,Keith Perez,36.0,Male,Bachelor's,,ML Engineer,8.0,1.0,No,Office,Ghaziabad,Medium,Single,8.0,57.0,3,Yes,46649,140207,
1971,Robert Brown,48.0,Male,Diploma,Finance,Project Manager,14.0,2.0,Yes,Office,Bangalore,Startup,Married,7.0,82.0,11,No,95058,147068,
131,Marcus White,24.0,Female,Master's,Finance,HR Executive,1.0,3.0,Yes,Office,Lucknow,Enterprise,Single,3.0,,1,No,25469,105973,
3588,Jennifer Kelley,48.0,Female,Bachelor's,IT,Finance Analyst,5.0,3.0,No,Office,Pune,Medium,Single,,50.0,0,No,182677,99533,
3800,April Davis,44.0,Male,High School,Finance,Data Scientist,11.0,3.0,Yes,Office,Ahmedabad,Enterprise,Single,7.0,40.0,4,Yes,190231,162247,
4892,Karen Bailey,52.0,Male,Bachelor's,Finance,Finance Analyst,27.0,4.0,No,Hybrid,Lucknow,Large,Married,5.0,86.0,8,Yes,191751,185065,
839,Austin Welch,28.0,Male,Bachelor's,Research,Cyber Security Analyst,7.0,5.0,Yes,Hybrid,Chennai,Startup,Married,8.0,67.0,7,No,119423,131672,
1657,Jessica Banks,39.0,Female,Bachelor's,Administration,Data Scientist,4.0,4.0,Yes,Office,Chennai,Enterprise,Single,5.0,98.0,4,Yes,172656,175605,
4233,Jessica Johnson,24.0,Male,Master's,Administration,HR Manager,3.0,4.0,No,Hybrid,Faridabad,Medium,Married,0.0,60.0,0,No,196949,105313,
1711,Alexa Jones,55.0,Male,Bachelor's,Legal,Sales Executive,17.0,3.0,Yes,Office,Jaipur,Medium,Single,4.0,42.0,11,No,84043,130825,
145,Randy Delgado,29.0,Female,Bachelor's,Finance,QA Engineer,4.0,4.0,No,Office,Jaipur,Large,Single,4.0,74.0,3,No,164302,108000,
4655,Ralph Sanders,37.0,Female,Bachelor's,Operations,Cloud Engineer,7.0,3.0,No,Remote,Pune,Large,Married,2.0,61.0,7,No,129479,122874,
590,Donna Sanchez,40.0,Male,Bachelor's,Finance,ML Engineer,20.0,5.0,No,Office,Pune,Startup,Married,9.0,55.0,10,No,47452,169884,
3118,Donald Smith,56.0,Male,Bachelor's,Marketing,Marketing Executive,,5.0,No,Remote,Mumbai,Enterprise,Married,4.0,55.0,5,No,59669,178625,
3589,Michelle Cain,40.0,Male,Diploma,IT,Frontend Developer,20.0,2.0,Yes,Office,Ghaziabad,Startup,Married,10.0,46.0,17,No,65677,146576,
254,Joseph Brown,48.0,Female,Master's,,Sales Manager,11.0,4.0,No,Office,Indore,Large,Single,1.0,94.0,3,Yes,135584,160604,
3295,Jennifer Hensley,29.0,Male,High School,Administration,Network Engineer,,5.0,Yes,Office,Delhi,Medium,Married,7.0,72.0,4,No,197253,105407,
1206,Michael Bruce,,Male,Bachelor's,Administration,QA Engineer,15.0,5.0,No,Remote,Delhi,Startup,Divorced,8.0,90.0,8,No,97735,142583,
4757,Maria Morales,35.0,Female,Master's,Operations,Backend Developer,4.0,5.0,Yes,Hybrid,Mumbai,Medium,Single,6.0,98.0,2,No,63555,131574,
1402,Rachel Anthony,37.0,Female,Bachelor's,,Sales Manager,12.0,4.0,No,Office,Kolkata,Large,Single,7.0,79.0,4,Yes,175075,164764,
3288,Gregory Cooper,29.0,Female,Master's,Legal,Sales Manager,5.0,3.0,No,Office,Delhi,Medium,Married,9.0,82.0,5,Yes,49362,146712,
1490,Ryan Brown,46.0,Male,,Operations,Frontend Developer,9.0,1.0,No,Office,Ghaziabad,Startup,Single,4.0,92.0,3,Yes,540360,353694,
4883,Jessica Garrison,25.0,Male,Master's,IT,Accountant,4.0,1.0,No,Office,Lucknow,Medium,Single,9.0,41.0,0,Yes,106849,110749,
4645,Charles Larson,51.0,Male,Diploma,Sales,Marketing Executive,29.0,5.0,No,,Ghaziabad,Medium,Single,3.0,,16,Yes,82651,171367,
2085,Valerie Ayers,34.0,Male,Diploma,Administration,Network Engineer,,4.0,Yes,Remote,Faridabad,Large,Married,5.0,59.0,5,Yes,102688,134839,
1784,Christopher Taylor,60.0,Female,Diploma,Customer Support,Data Scientist,,5.0,No,Office,Bangalore,Enterprise,Single,9.0,70.0,0,No,62690,219381,
4989,Gabriela Rodriguez,59.0,Male,Diploma,Operations,Software Engineer,8.0,2.0,No,Office,Faridabad,Medium,Married,0.0,42.0,0,Yes,155916,100298,
2856,Jodi Cross,22.0,Female,Bachelor's,Finance,Finance Analyst,0.0,3.0,No,Office,Lucknow,Medium,Single,0.0,71.0,0,Yes,51178,94326,
4370,Tracy Gibson,31.0,Male,Diploma,Legal,Cyber Security Analyst,9.0,4.0,No,Office,Pune,Startup,Single,6.0,95.0,7,No,170567,123898,
2026,Melinda Kelly,37.0,Female,Bachelor's,Sales,HR Executive,15.0,5.0,No,Office,Hyderabad,Startup,Single,6.0,57.0,3,No,37211,115550,
1576,Tracy Johnson,39.0,Female,High School,Research,Software Engineer,18.0,1.0,No,Office,Bangalore,Startup,Married,4.0,88.0,2,No,23830,117454,
3460,Michelle Rubio,35.0,Female,Diploma,Administration,Network Engineer,,4.0,No,Office,Ahmedabad,Medium,Divorced,4.0,91.0,8,No,94185,130898,
4065,Jennifer Donovan,41.0,Male,Diploma,,Accountant,9.0,1.0,No,Office,Hyderabad,Startup,Married,8.0,42.0,0,No,191063,87288,
2588,Jennifer Harris,26.0,Male,High School,Administration,Marketing Manager,1.0,4.0,No,Office,Gurgaon,Large,Single,2.0,68.0,1,No,36620,94414,
707,Tricia Mitchell,57.0,Male,Master's,Customer Support,Data Scientist,16.0,4.0,No,Office,Mumbai,Medium,Single,5.0,67.0,3,Yes,112999,189523,
2994,Megan Taylor,,Female,Diploma,IT,Finance Analyst,23.0,1.0,Yes,Office,Delhi,Enterprise,Married,,52.0,17,Yes,37943,174465,
4008,Michael Lee,41.0,Female,High School,Research,Full Stack Developer,21.0,2.0,No,Hybrid,Bangalore,Startup,Married,5.0,95.0,1,No,39192,133591,
1183,Johnny Perez,,Female,Bachelor's,Customer Support,Sales Executive,4.0,1.0,No,Office,Ahmedabad,Startup,Single,1.0,84.0,4,No,105923,77488,
3259,David Garcia,46.0,Male,Bachelor's,Marketing,Full Stack Developer,7.0,3.0,Yes,Office,Gurgaon,Large,Married,5.0,86.0,4,Yes,161425,151246,
3706,Cynthia Hendricks,22.0,Male,,,Sales Executive,0.0,4.0,No,Office,Ahmedabad,Enterprise,Married,6.0,60.0,0,No,27181,93974,
3345,Tina Simmons,43.0,Female,Bachelor's,Marketing,Frontend Developer,16.0,1.0,No,Hybrid,Mumbai,Startup,Single,0.0,79.0,16,No,83910,115418,
1828,Adam Marshall,39.0,Male,Bachelor's,Operations,Data Analyst,12.0,1.0,Yes,Office,Pune,Large,Married,4.0,61.0,6,No,49666,119681,
875,Brooke Campbell,21.0,Female,Bachelor's,Research,Business Analyst,1.0,4.0,No,Hybrid,Hyderabad,Large,Single,1.0,54.0,0,No,54022,100454,
3445,Mr. John Bartlett,59.0,Male,High School,Research,ML Engineer,,4.0,No,Hybrid,Jaipur,Large,Married,0.0,64.0,6,No,104430,162858,
1469,Jerry Welch,50.0,Female,,HR,QA Engineer,6.0,3.0,Yes,Remote,Chennai,Medium,Married,3.0,90.0,1,Yes,122891,113483,
427,Kevin Brown,25.0,Female,Bachelor's,Finance,Frontend Developer,4.0,3.0,No,Office,Hyderabad,Large,Single,0.0,91.0,2,No,38768,105681,
896,Brent Neal,42.0,Male,Master's,Administration,Sales Executive,7.0,5.0,No,Remote,Kolkata,Medium,Single,8.0,84.0,2,No,195748,132714,
4036,Candice Sheppard,,Female,Master's,Finance,HR Executive,3.0,1.0,No,Hybrid,Mumbai,Startup,Married,5.0,82.0,2,No,80793,88702,
2763,Michael Jones,,Female,Master's,HR,Network Engineer,11.0,1.0,No,Remote,Delhi,Large,Married,1.0,48.0,0,No,130252,134951,
3300,Scott Owens,26.0,Female,Diploma,Customer Support,Project Manager,3.0,1.0,No,,Indore,Enterprise,Married,0.0,73.0,2,No,156931,115780,
4832,Joshua Rios,47.0,Female,High School,HR,HR Executive,25.0,5.0,No,Office,Indore,Startup,Married,8.0,90.0,14,No,166993,133980,
493,Carrie Johnson,37.0,Female,Diploma,Research,Database Administrator,7.0,3.0,Yes,Remote,Noida,Medium,Single,9.0,52.0,0,No,166903,116537,
1274,Donald Shaw,58.0,Female,Diploma,HR,HR Executive,21.0,,No,Hybrid,Delhi,Startup,Single,9.0,58.0,7,No,124199,127839,
2905,Aaron Kaiser,28.0,Male,,Legal,HR Manager,5.0,1.0,Yes,Remote,Bangalore,Large,Married,2.0,77.0,5,Yes,64976,109331,
4849,Christopher Rhodes,30.0,Male,Bachelor's,Legal,Project Manager,6.0,1.0,No,Office,Lucknow,Large,Married,1.0,68.0,5,Yes,84124,271862,
3939,Cameron Douglas,30.0,Female,Bachelor's,HR,Accountant,9.0,3.0,No,Hybrid,Gurgaon,Large,Single,7.0,86.0,5,Yes,73861,129328,
3795,Joe Navarro,29.0,Female,Master's,Operations,Data Analyst,2.0,4.0,Yes,Hybrid,Hyderabad,Medium,Married,,49.0,2,Yes,111360,124613,
2215,Melanie Aguilar,43.0,Male,PhD,Legal,Database Administrator,18.0,2.0,Yes,Office,Lucknow,Startup,Married,10.0,62.0,15,No,88832,178065,
1595,John Pham,34.0,Female,High School,Sales,Software Engineer,0.0,3.0,Yes,Office,Ghaziabad,Medium,Single,2.0,44.0,0,No,47057,75682,
3005,Victoria Gallagher,21.0,Female,,Research,Marketing Executive,0.0,4.0,Yes,Office,Noida,Enterprise,Married,8.0,44.0,0,No,154873,107804,
4134,Peggy Murphy,31.0,Female,,IT,Finance Analyst,4.0,5.0,No,Hybrid,Kolkata,Medium,Single,0.0,55.0,2,No,159646,130110,
4510,Heather Guerrero,40.0,Male,Bachelor's,IT,Finance Analyst,4.0,1.0,No,Hybrid,Jaipur,Enterprise,Single,,86.0,4,No,140227,128336,
1771,Jeremy Williams,38.0,Female,Master's,IT,ML Engineer,14.0,2.0,No,Hybrid,Hyderabad,Medium,Married,4.0,94.0,5,No,183923,168801,
2260,Jasmine Richardson,58.0,Male,Bachelor's,Marketing,Software Engineer,22.0,4.0,No,Office,Gurgaon,Enterprise,Married,9.0,79.0,1,No,75270,187209,
2259,Paul Medina,39.0,Male,,Marketing,Frontend Developer,9.0,3.0,No,Office,Mumbai,Enterprise,Single,0.0,55.0,0,No,45474,118443,
1738,Breanna Carey,21.0,Male,Bachelor's,Operations,Accountant,0.0,5.0,Yes,Hybrid,Kolkata,Medium,Married,1.0,58.0,0,No,33916,87628,
2810,Chad Klein,26.0,Male,Bachelor's,Finance,Marketing Executive,5.0,1.0,No,Office,Pune,Medium,Married,7.0,85.0,3,Yes,100665,106755,
4009,Christine Roberts,28.0,Female,Bachelor's,Marketing,Full Stack Developer,3.0,3.0,Yes,Office,Mumbai,Enterprise,Married,0.0,70.0,0,No,175844,124305,
1935,Denise Powers,52.0,Female,Bachelor's,Research,ML Engineer,24.0,4.0,No,Office,Gurgaon,Large,Single,5.0,,0,No,49924,191347,
723,Kevin Cook,24.0,Male,PhD,Legal,DevOps Engineer,1.0,2.0,No,Office,Kolkata,Startup,Single,2.0,53.0,0,Yes,26641,136208,
499,Darren Bailey,24.0,Male,Diploma,Marketing,DevOps Engineer,4.0,2.0,Yes,Hybrid,Mumbai,Startup,Single,2.0,40.0,3,Yes,88754,106874,
2312,Ariana Burns,51.0,Female,Master's,Legal,QA Engineer,11.0,3.0,No,Remote,Ahmedabad,Medium,Single,9.0,90.0,4,No,30468,140081,
3299,Gail Bernard,56.0,Female,Bachelor's,Finance,Sales Manager,,1.0,No,Hybrid,Ghaziabad,Medium,Single,8.0,67.0,2,No,159734,165590,
4977,Ethan Vasquez,50.0,Female,Diploma,Customer Support,Database Administrator,27.0,1.0,Yes,Office,Pune,Enterprise,Married,,98.0,13,Yes,73572,200795,
2272,Tiffany Jenkins,39.0,Male,High School,Legal,Backend Developer,,1.0,No,,Lucknow,Large,Married,2.0,42.0,3,No,75414,77708,
1198,Luis Hampton,29.0,Male,Bachelor's,HR,Marketing Manager,0.0,2.0,Yes,Hybrid,Mumbai,Medium,Single,8.0,66.0,0,Yes,120804,121042,
2604,Douglas Gray,49.0,Male,Bachelor's,Legal,Data Scientist,10.0,4.0,Yes,Hybrid,Chennai,Enterprise,Married,2.0,82.0,2,Yes,182178,187417,
2723,Shari Freeman,43.0,Male,Diploma,Research,Database Administrator,1.0,5.0,No,Hybrid,Bangalore,Enterprise,Single,,45.0,0,No,154284,103450,
2078,Jill Fleming,30.0,Male,High School,HR,Data Scientist,,3.0,Yes,Office,Mumbai,Medium,Married,6.0,52.0,1,No,86790,126231,
1137,Joseph Herman,54.0,Male,Bachelor's,Research,Frontend Developer,19.0,5.0,No,Office,Jaipur,Medium,Married,0.0,55.0,8,No,178153,145751,
3266,Barbara James,33.0,Male,Diploma,Marketing,QA Engineer,3.0,3.0,No,Office,Ghaziabad,Enterprise,Single,5.0,98.0,0,Yes,135084,125290,
2602,Ryan Castillo,37.0,Female,Master's,Finance,Data Engineer,6.0,5.0,Yes,Office,Kolkata,Large,Divorced,5.0,70.0,3,No,158535,151461,
3426,David Spencer,52.0,Female,High School,Sales,Database Administrator,4.0,4.0,No,Hybrid,Faridabad,Medium,Married,10.0,71.0,3,No,127343,105463,
651,Lindsey Bryant,34.0,Male,Bachelor's,Marketing,Data Engineer,12.0,5.0,No,Remote,Mumbai,Large,Single,3.0,51.0,10,No,181215,149711,
2807,Terry Schmidt,22.0,Male,Diploma,Research,Software Engineer,0.0,4.0,No,Hybrid,Gurgaon,Enterprise,Single,8.0,86.0,0,Yes,44693,125279,
2029,Chad Fritz,52.0,Male,High School,Legal,Data Engineer,4.0,4.0,Yes,Remote,Bangalore,Medium,Married,10.0,94.0,1,Yes,130138,139509,
3042,Andrew Russell,25.0,Male,Bachelor's,IT,Data Scientist,5.0,5.0,No,Office,Jaipur,Large,Single,1.0,50.0,3,Yes,58252,143130,
556,Eric Goodwin,36.0,Male,Bachelor's,HR,Database Administrator,2.0,2.0,No,Office,Hyderabad,Medium,Single,9.0,83.0,2,No,66566,104576,
2511,Timothy Miller,52.0,Female,Diploma,Marketing,Data Analyst,7.0,4.0,No,Remote,Indore,Startup,Single,5.0,68.0,0,Yes,121545,115242,
773,Renee Hodges,34.0,Female,Bachelor's,Legal,ML Engineer,2.0,5.0,No,Hybrid,Faridabad,Medium,Married,,63.0,0,No,104117,134398,
216,Nicholas Jordan,34.0,Female,Bachelor's,Finance,Full Stack Developer,9.0,2.0,No,Hybrid,Lucknow,Startup,Single,2.0,93.0,7,No,28328,111701,
2767,Kathleen Hernandez,41.0,Female,Bachelor's,Legal,Project Manager,4.0,3.0,Yes,Office,Ahmedabad,Startup,Married,0.0,93.0,4,No,38782,117136,
488,Travis Conner,32.0,Female,High School,Research,Software Engineer,4.0,1.0,No,Hybrid,Gurgaon,Startup,Married,1.0,41.0,0,Yes,99803,82447,
1100,Regina Cooper,32.0,Male,Bachelor's,Operations,Business Analyst,10.0,3.0,No,Remote,Faridabad,Large,Single,5.0,49.0,0,No,189629,121681,
514,Becky Harris,25.0,Male,High School,Finance,Frontend Developer,4.0,4.0,No,Hybrid,Ahmedabad,Medium,Single,10.0,88.0,3,No,70624,99867,
24,Brian Davis,,Female,Diploma,Marketing,Marketing Executive,6.0,2.0,No,Hybrid,Noida,Medium,Single,2.0,97.0,0,No,36364,89794,
4698,Deborah Allen,31.0,Female,Bachelor's,Sales,Backend Developer,0.0,,Yes,Office,Ahmedabad,Large,Single,7.0,42.0,0,No,46338,97102,
1965,Isaac Lee,53.0,Male,Master's,Finance,Business Analyst,9.0,1.0,Yes,Hybrid,Jaipur,Startup,Single,1.0,64.0,8,No,65540,118102,
1957,Kristen Peterson,52.0,Male,Bachelor's,Administration,Data Engineer,1.0,5.0,Yes,Remote,Noida,Medium,Single,1.0,81.0,0,No,70169,113661,
1579,Eddie Schmidt,38.0,Male,Bachelor's,Operations,Marketing Manager,12.0,,No,Office,Lucknow,Enterprise,Married,3.0,81.0,10,No,195638,143132,
1925,Christopher Yang,25.0,Female,Master's,IT,QA Engineer,0.0,3.0,No,Hybrid,Hyderabad,Large,Married,3.0,45.0,0,No,145627,102363,
2683,Gina Jacobs,57.0,Male,Diploma,Research,Marketing Executive,22.0,2.0,Yes,Hybrid,Indore,Enterprise,Married,10.0,75.0,15,No,45304,154187,
3057,Kevin Walker,45.0,Male,Bachelor's,Customer Support,Sales Manager,3.0,3.0,Yes,Hybrid,Indore,Large,Married,7.0,48.0,1,No,41144,118077,
4513,William Nguyen,24.0,Female,Bachelor's,,Network Engineer,2.0,4.0,Yes,Office,Kolkata,Large,Single,6.0,72.0,0,No,77207,117118,
1373,Wayne Russell,39.0,Male,Bachelor's,Research,QA Engineer,10.0,1.0,No,Remote,Faridabad,Large,Single,5.0,48.0,7,Yes,145022,119556,
1907,Gary White,60.0,Female,Diploma,Research,DevOps Engineer,19.0,4.0,No,Hybrid,Jaipur,Medium,Married,,,18,Yes,191774,168026,
4427,Jasmin Erickson,22.0,Female,Diploma,Research,Data Engineer,2.0,1.0,No,Office,Hyderabad,Medium,Married,8.0,47.0,0,Yes,88255,113029,
1546,Mr. Christian Schmidt,32.0,Male,PhD,Marketing,Accountant,9.0,3.0,No,Office,Ghaziabad,Enterprise,Married,,57.0,5,Yes,115526,167040,
4473,Ronald Smith,23.0,Female,Bachelor's,Administration,HR Manager,2.0,4.0,No,Hybrid,Mumbai,Medium,Married,4.0,46.0,2,No,167408,91032,
4112,Jessica Hull,50.0,Female,Bachelor's,Operations,Cloud Engineer,19.0,3.0,No,Office,Gurgaon,Large,Single,4.0,57.0,17,No,169457,164938,
3848,Michelle Brooks DVM,,Male,Bachelor's,Finance,DevOps Engineer,13.0,1.0,Yes,Hybrid,Indore,Medium,Married,8.0,81.0,4,No,160700,137786,
2787,Lori Levine,57.0,Male,Diploma,Administration,Cyber Security Analyst,23.0,4.0,Yes,Office,Chennai,Medium,Married,7.0,76.0,15,No,51720,166385,
1886,Erika Skinner,50.0,Female,,Operations,Data Analyst,22.0,4.0,Yes,Office,Kolkata,Medium,Married,8.0,81.0,10,No,183402,149123,
4980,William Perkins,60.0,Female,Master's,Legal,Data Engineer,27.0,4.0,Yes,Office,Chennai,Medium,Divorced,9.0,,18,No,52914,208694,
3525,Emily Norton,42.0,Female,Bachelor's,IT,Data Scientist,4.0,2.0,No,Hybrid,Gurgaon,Medium,Single,6.0,67.0,1,No,71955,121563,
4154,Angela Sullivan,51.0,Male,Diploma,Marketing,Sales Executive,12.0,2.0,No,Office,Lucknow,Enterprise,Married,10.0,71.0,1,No,169225,130595,
4738,Richard Brown,35.0,Female,Bachelor's,HR,Backend Developer,15.0,4.0,No,Hybrid,Jaipur,Enterprise,Single,8.0,46.0,15,No,50434,151836,
2753,Kristi Crosby,21.0,Male,Master's,Legal,Marketing Manager,1.0,1.0,No,Office,Chennai,Medium,Single,10.0,52.0,1,No,30126,111793,
933,Tami Tran,24.0,Female,Bachelor's,Legal,Data Engineer,4.0,4.0,No,Hybrid,Gurgaon,Large,Married,9.0,72.0,4,No,113329,138123,
2289,Traci Cox,50.0,Female,Bachelor's,Marketing,HR Manager,23.0,2.0,Yes,Hybrid,Kolkata,Medium,Married,10.0,78.0,20,Yes,165759,160126,
842,Karen Rivera,21.0,Male,Diploma,Research,QA Engineer,1.0,2.0,No,Hybrid,Faridabad,Medium,Single,8.0,61.0,0,No,160517,84999,
2571,Jason Nguyen,54.0,Male,Master's,Marketing,Database Administrator,34.0,2.0,No,Office,Delhi,Medium,Single,2.0,76.0,11,Yes,152609,190020,
3581,Kristina Ferguson,46.0,Male,Bachelor's,Marketing,Backend Developer,,3.0,No,Remote,Hyderabad,Large,Single,9.0,,1,No,196021,121263,
2666,Nicholas White,59.0,Female,PhD,Research,Sales Executive,6.0,2.0,Yes,Hybrid,Gurgaon,Large,Divorced,,70.0,5,No,189227,145026,
3521,William Jenkins,41.0,Male,High School,Administration,Business Analyst,12.0,5.0,No,Hybrid,Noida,Medium,Single,5.0,45.0,8,No,100890,116396,
3287,Beth Bradford,60.0,Female,Diploma,Finance,Marketing Executive,32.0,3.0,No,Hybrid,Mumbai,Medium,Single,3.0,46.0,13,No,171386,145858,
3048,Eric Clark,47.0,Female,Bachelor's,Administration,HR Manager,9.0,1.0,No,Hybrid,Noida,Startup,Single,9.0,65.0,9,No,156378,108088,
1229,Sara Carrillo,49.0,Female,Master's,Operations,Data Engineer,0.0,1.0,No,Office,Mumbai,Medium,Married,6.0,92.0,0,No,122491,119515,
2783,Brandy Rogers,33.0,Female,Bachelor's,Operations,Database Administrator,9.0,5.0,No,Office,Gurgaon,Startup,Single,7.0,82.0,7,No,188592,134835,
129,Chris Anderson,32.0,Female,Diploma,HR,Sales Executive,0.0,1.0,No,Hybrid,Indore,Medium,Married,4.0,97.0,0,No,29596,69323,
3050,Mrs. Cynthia Johnson,50.0,Male,Diploma,Operations,Business Analyst,20.0,1.0,No,Remote,Jaipur,Medium,Married,7.0,47.0,5,No,190047,140980,
1444,Melissa Woods,23.0,Male,High School,Operations,HR Manager,1.0,3.0,No,Office,Faridabad,Large,Married,7.0,67.0,0,No,67650,90869,
1622,Jonathan Long,,Male,High School,Research,Software Engineer,30.0,3.0,No,,Indore,Medium,Married,10.0,80.0,6,No,74703,182905,
3519,Johnny Beard,,Male,Diploma,IT,Data Scientist,4.0,3.0,Yes,Hybrid,Delhi,Enterprise,Married,6.0,64.0,1,No,143913,139554,
4498,Kayla Garza,27.0,Male,Master's,Finance,Product Manager,6.0,1.0,No,Remote,Pune,Startup,Married,9.0,53.0,5,No,105847,136175,
205,Erica Booth,58.0,Male,Bachelor's,Sales,QA Engineer,,3.0,No,Hybrid,Lucknow,Large,Married,5.0,54.0,9,No,114767,141284,
4092,Katherine Ibarra,34.0,Female,Bachelor's,Research,Sales Manager,9.0,5.0,No,Office,Gurgaon,Large,Single,10.0,91.0,6,No,43813,143392,
1162,Paul Green,39.0,Female,Bachelor's,IT,Marketing Manager,18.0,2.0,No,Hybrid,Noida,Large,Married,6.0,61.0,6,No,49756,153009,
2696,Anthony Daniels,35.0,Female,PhD,Operations,Frontend Developer,6.0,2.0,Yes,Office,Faridabad,Startup,Single,7.0,80.0,3,No,68588,419775,
1796,Brian Anderson,47.0,Male,Bachelor's,Research,HR Manager,5.0,5.0,Yes,Office,Chennai,Large,Single,3.0,96.0,5,No,49196,121701,
2980,Becky Weaver,26.0,Male,Bachelor's,Operations,Data Analyst,3.0,3.0,No,Office,Hyderabad,Startup,Divorced,10.0,,0,Yes,123292,105625,
2437,James Tucker,50.0,Female,Bachelor's,IT,Finance Analyst,6.0,4.0,Yes,Remote,Kolkata,Large,Single,5.0,82.0,5,No,41266,127686,
4730,Douglas Browning,59.0,Male,Bachelor's,,Network Engineer,17.0,1.0,No,Office,Bangalore,Enterprise,Married,3.0,64.0,7,No,198616,139685,
2462,Brandon Nelson,58.0,Male,Master's,Sales,Sales Executive,30.0,1.0,Yes,Remote,Jaipur,Large,Married,5.0,60.0,4,Yes,126325,196631,
921,Debra Coleman,50.0,Female,Bachelor's,Legal,Full Stack Developer,8.0,2.0,Yes,Remote,Lucknow,Medium,Married,4.0,86.0,7,No,100570,129596,
2469,Ashley Wiley,42.0,Male,Diploma,Marketing,Sales Executive,15.0,2.0,No,Hybrid,Delhi,Medium,Single,8.0,45.0,13,No,57256,105290,
558,Dalton Mcmahon,28.0,Male,Bachelor's,Marketing,Network Engineer,7.0,2.0,No,Hybrid,Kolkata,Startup,Single,0.0,70.0,7,No,178279,103004,
1356,Christine Ortega,57.0,Female,Bachelor's,Sales,Sales Manager,26.0,3.0,No,Hybrid,Faridabad,Startup,Married,9.0,77.0,3,Yes,452226,348444,
2629,Terry Rodriguez,46.0,Female,Bachelor's,Legal,ML Engineer,0.0,2.0,Yes,Hybrid,Mumbai,Medium,Married,10.0,60.0,0,No,38703,121384,
3641,Gary Porter,45.0,Female,PhD,Administration,Business Analyst,21.0,5.0,No,Hybrid,Gurgaon,Large,Single,7.0,63.0,0,No,67866,188729,
3936,Louis Carter,37.0,Male,Diploma,Research,HR Executive,3.0,3.0,Yes,Office,Kolkata,Medium,Married,4.0,97.0,1,Yes,104100,100497,
3580,Victor Blackburn,52.0,Male,,Customer Support,HR Manager,24.0,3.0,No,Hybrid,Chennai,Large,Divorced,8.0,84.0,10,No,141081,189271,
3410,James Fitzgerald,27.0,Male,Bachelor's,IT,Sales Executive,2.0,1.0,No,Remote,Lucknow,Enterprise,Divorced,5.0,55.0,2,No,47161,90503,
1843,Lisa Zimmerman,42.0,Male,Diploma,,Product Manager,13.0,,No,Office,Gurgaon,Startup,Divorced,10.0,91.0,13,No,155612,149054,
4865,Jack Marquez,35.0,Male,,Customer Support,HR Executive,5.0,,Yes,Remote,Gurgaon,Large,Divorced,4.0,46.0,3,No,41552,107271,
455,Teresa Bullock,43.0,Male,High School,IT,Backend Developer,15.0,5.0,No,Hybrid,Gurgaon,Medium,Married,0.0,86.0,8,No,127412,126594,
2927,Timothy Wilson,39.0,Male,Bachelor's,Operations,Finance Analyst,10.0,5.0,No,Office,Gurgaon,Medium,Married,1.0,73.0,1,No,144159,120984,
4330,Debra Preston,47.0,Male,Diploma,Legal,HR Executive,5.0,3.0,Yes,Remote,Jaipur,Large,Married,5.0,94.0,4,No,145362,103813,
3947,Amy Estrada,51.0,Female,Bachelor's,Research,Sales Manager,30.0,5.0,No,Office,Hyderabad,Startup,Married,7.0,,6,No,32852,181367,
1933,Katherine Davies,22.0,Male,Master's,IT,Cyber Security Analyst,1.0,5.0,No,Office,Ghaziabad,Medium,Single,4.0,62.0,1,No,99558,122201,
3411,Lauren Sims,58.0,Male,Master's,HR,Finance Analyst,27.0,,No,Office,Faridabad,Enterprise,Single,1.0,54.0,17,No,32679,185811,
2113,Paige Garcia,35.0,Male,Bachelor's,Research,Marketing Executive,4.0,1.0,No,Hybrid,Jaipur,Large,Married,,67.0,0,No,199631,98890,
2032,Heather Walton,40.0,Male,Bachelor's,HR,Full Stack Developer,0.0,,No,Office,Pune,Medium,Single,3.0,86.0,0,Yes,192454,115146,
1393,Evelyn Simpson,35.0,Female,,Administration,Network Engineer,3.0,5.0,No,Hybrid,Mumbai,Startup,Single,10.0,99.0,0,Yes,563970,385920,
3113,Jacob Jennings,57.0,Male,Bachelor's,Finance,Sales Manager,16.0,5.0,Yes,Remote,Gurgaon,Medium,Single,6.0,52.0,1,Yes,153138,163254,
134,Michael Bullock,30.0,Female,Diploma,Sales,ML Engineer,,2.0,No,Hybrid,Faridabad,Large,Single,8.0,70.0,3,No,65603,124489,
3971,Amy Miller,25.0,Male,Master's,HR,QA Engineer,2.0,,Yes,Office,Indore,Enterprise,Married,4.0,47.0,1,Yes,143877,146782,
433,Curtis Chambers,54.0,Female,Bachelor's,,Data Engineer,16.0,3.0,No,Office,Gurgaon,Enterprise,Single,,91.0,15,No,193567,168116,
2997,Jennifer Lewis,29.0,Male,Master's,Administration,Cloud Engineer,8.0,4.0,Yes,Office,Pune,Enterprise,Single,3.0,61.0,4,No,84143,160751,
2370,Anthony Kelley,51.0,Female,Diploma,Marketing,Sales Executive,6.0,3.0,Yes,Hybrid,Bangalore,Enterprise,Single,,83.0,6,No,28040,109050,
557,Belinda Jones,28.0,Female,Master's,Marketing,Finance Analyst,8.0,5.0,Yes,,Faridabad,Enterprise,Single,5.0,44.0,4,No,199889,151450,
2595,Claudia Knight,49.0,Male,Diploma,IT,Cyber Security Analyst,14.0,2.0,No,Hybrid,Bangalore,Medium,Single,5.0,44.0,3,No,151090,123172,
1257,Mark Valdez,32.0,Female,Master's,Administration,Marketing Manager,1.0,2.0,Yes,Hybrid,Delhi,Startup,Married,6.0,73.0,0,No,86107,112337,
2619,Carl Nunez,26.0,Male,Bachelor's,Sales,Backend Developer,3.0,4.0,No,Remote,Chennai,Startup,Married,10.0,46.0,3,No,130530,100757,
1109,Brianna Oconnor,47.0,Female,Bachelor's,Customer Support,Cloud Engineer,20.0,1.0,Yes,Office,Gurgaon,Startup,Married,1.0,97.0,18,No,23991,159318,
1069,Andrea Harvey,46.0,Female,High School,Research,Backend Developer,9.0,3.0,No,Office,Jaipur,Startup,Single,2.0,51.0,1,No,43178,92960,
4805,Christopher Robbins,35.0,Female,PhD,Customer Support,Backend Developer,14.0,4.0,No,Remote,Indore,Medium,Married,6.0,74.0,12,No,33094,162443,
1708,Cameron Hill,30.0,Male,PhD,Customer Support,Data Scientist,,3.0,Yes,Hybrid,Hyderabad,Medium,Divorced,10.0,93.0,7,No,136490,184470,
3235,Christina Lloyd,26.0,Male,Master's,IT,HR Executive,3.0,3.0,No,,Faridabad,Medium,Married,1.0,73.0,0,No,98222,97356,
1076,Mr. Robert Chapman,46.0,Female,High School,Marketing,Data Engineer,7.0,1.0,Yes,Remote,Jaipur,Medium,Married,3.0,99.0,1,Yes,60533,128412,
3089,Kimberly Cooley,57.0,Male,Bachelor's,Research,Cloud Engineer,28.0,1.0,No,Office,Hyderabad,Large,Single,3.0,43.0,14,Yes,149740,203900,
2809,Allison Ramirez,59.0,Male,PhD,Sales,Sales Executive,30.0,5.0,No,Remote,Mumbai,Large,Single,9.0,50.0,3,No,186164,218340,
1963,Allen Gibson,33.0,Male,Diploma,Administration,Marketing Executive,9.0,1.0,No,Office,Ahmedabad,Large,Single,1.0,99.0,2,No,31693,94700,
537,James Fischer,30.0,Female,Master's,HR,Data Analyst,,4.0,Yes,,Bangalore,Startup,Married,2.0,81.0,8,Yes,70110,137252,
4523,Patrick Hughes,53.0,Female,Diploma,IT,DevOps Engineer,6.0,3.0,No,Office,Ghaziabad,Large,Divorced,3.0,52.0,0,No,77154,106319,
665,Stephanie Hensley,32.0,Female,High School,Sales,Database Administrator,12.0,4.0,Yes,Office,Bangalore,Enterprise,Married,8.0,86.0,9,No,82233,157599,
3595,Melissa Hamilton,21.0,Male,High School,Operations,Cyber Security Analyst,0.0,5.0,Yes,Remote,Chennai,Large,Married,0.0,67.0,0,No,60627,102957,
893,Dillon Hall,37.0,Female,Master's,Legal,Sales Executive,12.0,2.0,Yes,Office,Bangalore,Large,Married,2.0,48.0,9,No,194823,130713,
1940,Paul Smith,47.0,Female,Bachelor's,HR,Data Engineer,2.0,4.0,Yes,Hybrid,Bangalore,Large,Married,0.0,79.0,0,No,114934,121893,
2750,Debbie Moore,55.0,Male,Master's,Customer Support,HR Executive,,3.0,No,Office,Gurgaon,Medium,Married,4.0,74.0,2,No,238698,475902,
4206,Brandon Hart,57.0,Female,Bachelor's,HR,Product Manager,,1.0,No,Hybrid,Faridabad,Medium,Single,2.0,79.0,9,Yes,71592,217049,
1354,Kristin Madden,39.0,Male,Bachelor's,Sales,DevOps Engineer,12.0,1.0,No,Office,Hyderabad,Large,Married,10.0,73.0,0,No,108706,141073,
4601,Harold Richardson,32.0,Male,Master's,Sales,Cloud Engineer,8.0,3.0,No,Office,Faridabad,Large,Married,10.0,41.0,8,No,55447,148273,
4412,Joshua Atkins,26.0,Male,Diploma,Customer Support,HR Executive,,5.0,No,Office,Indore,Enterprise,Divorced,8.0,62.0,0,No,23675,103714,
3923,Kelly Shepherd,27.0,Male,Master's,Sales,Database Administrator,6.0,2.0,No,Remote,Hyderabad,Medium,Married,0.0,92.0,5,No,61042,118628,
1775,Brittany Coleman,52.0,Male,Bachelor's,Customer Support,Marketing Executive,16.0,,No,Office,Delhi,Large,Single,6.0,93.0,5,Yes,67277,135476,
4529,Wendy Foster,55.0,Male,Master's,Sales,Sales Executive,18.0,1.0,No,Office,Gurgaon,Startup,Married,0.0,76.0,3,No,61602,125566,
1228,Vanessa Schmidt,37.0,Female,Master's,Finance,Sales Executive,12.0,2.0,Yes,Hybrid,Ghaziabad,Enterprise,Married,6.0,59.0,0,No,164878,146385,
3517,Thomas Elliott,29.0,Female,Bachelor's,Administration,Frontend Developer,7.0,1.0,No,Hybrid,Hyderabad,Large,Married,6.0,75.0,5,Yes,120921,117795,
902,Tiffany Avila,29.0,Female,Diploma,Sales,Finance Analyst,6.0,4.0,Yes,Remote,Mumbai,Medium,Single,9.0,92.0,6,Yes,171953,135615,
4326,Harry Vargas Jr.,50.0,Male,PhD,Marketing,Software Engineer,9.0,1.0,No,Office,Ahmedabad,Medium,Divorced,6.0,63.0,9,No,62689,134464,
2315,Bryan Barron,21.0,Female,Bachelor's,,Frontend Developer,1.0,5.0,No,,Noida,Startup,Single,1.0,83.0,1,No,119731,91765,
2293,Cheyenne Johnson,37.0,Male,,Customer Support,Full Stack Developer,11.0,4.0,No,Office,Pune,Medium,Single,10.0,76.0,3,No,186373,160385,
2860,Joshua Sweeney,44.0,Female,,Operations,Software Engineer,6.0,4.0,No,Hybrid,Faridabad,Large,Single,0.0,65.0,3,No,135606,103137,
2996,Emily Greene,50.0,Male,Bachelor's,Customer Support,Data Engineer,29.0,2.0,No,Hybrid,Chennai,Medium,Married,5.0,77.0,18,Yes,184653,199432,
4393,Pamela Benson,28.0,Female,Bachelor's,Sales,Data Analyst,8.0,5.0,No,Office,Faridabad,Medium,Married,4.0,53.0,6,No,179255,114814,
959,Frank Pena,50.0,Male,Bachelor's,Finance,Accountant,8.0,4.0,No,Hybrid,Gurgaon,Startup,Married,3.0,87.0,6,Yes,48491,111466,
1698,John Beasley,25.0,Female,Bachelor's,Sales,HR Manager,2.0,3.0,Yes,Office,Mumbai,Enterprise,Single,,45.0,0,No,155713,108621,
3304,Ronald French,27.0,Male,Bachelor's,IT,Backend Developer,7.0,5.0,No,Hybrid,Ahmedabad,Medium,Single,5.0,,3,No,51836,127767,
2684,Kimberly Smith,50.0,Female,Diploma,Finance,Data Scientist,18.0,5.0,No,Hybrid,Delhi,Large,Married,1.0,75.0,5,No,118711,158957,
2880,Jacob Johnson,37.0,Female,Master's,Finance,Sales Manager,14.0,3.0,No,Office,Lucknow,Enterprise,Single,2.0,49.0,2,Yes,37985,164428,
3096,Jessica Haas,40.0,Male,Bachelor's,Research,Sales Manager,14.0,4.0,Yes,Hybrid,Ghaziabad,Medium,Married,2.0,56.0,6,Yes,32900,146215,
1915,Michael Russo,42.0,Male,High School,Operations,Product Manager,,4.0,Yes,Remote,Kolkata,Enterprise,Single,0.0,73.0,5,No,130329,147624,
3469,Joseph Caldwell,37.0,Male,Bachelor's,Administration,Frontend Developer,14.0,,No,Office,Pune,Large,Married,8.0,93.0,12,No,160088,129554,
4573,Michelle Frank,39.0,Male,Bachelor's,Research,Frontend Developer,19.0,1.0,No,Office,Kolkata,Medium,Single,6.0,99.0,16,Yes,109067,159729,
3007,Jennifer Osborn,22.0,Female,Master's,Sales,Cloud Engineer,1.0,2.0,No,,Chennai,Enterprise,Married,10.0,45.0,0,No,162083,137969,
585,William Lucero,28.0,Male,Bachelor's,Customer Support,Business Analyst,4.0,2.0,No,Office,Mumbai,Startup,Single,2.0,96.0,2,No,65028,99714,
2009,John Nielsen,37.0,Male,Master's,Administration,Marketing Manager,2.0,2.0,No,Office,Pune,Startup,Married,,99.0,1,No,147782,115855,
3629,Lisa Harding,48.0,Female,High School,Research,Software Engineer,3.0,2.0,No,Hybrid,Delhi,Large,Single,3.0,64.0,1,No,30604,86213,
2648,Kari Shaffer,32.0,Female,Master's,Sales,Sales Executive,12.0,4.0,No,Remote,Bangalore,Medium,Single,4.0,72.0,2,No,106919,130080,
2795,Sean Arnold,28.0,Female,Master's,Marketing,Data Scientist,5.0,1.0,Yes,Office,Kolkata,Medium,Married,10.0,53.0,2,No,43052,139949,
1593,Michelle Hernandez,60.0,Female,Bachelor's,Sales,Sales Executive,17.0,2.0,Yes,Hybrid,Mumbai,Large,Single,9.0,76.0,10,Yes,45044,155484,
795,Emily Jones,57.0,Female,Master's,Marketing,Cyber Security Analyst,29.0,4.0,No,Hybrid,Noida,Enterprise,Married,6.0,73.0,5,Yes,37373,227773,
281,Michael Lewis,42.0,Male,Diploma,Administration,Cloud Engineer,10.0,2.0,Yes,,Kolkata,Medium,Married,7.0,58.0,6,No,163326,130977,
1288,Shaun Simmons,29.0,Female,,Administration,Project Manager,0.0,4.0,No,,Hyderabad,Large,Single,9.0,40.0,0,No,71998,112110,
1611,Kristin Adkins,47.0,Male,,Operations,Full Stack Developer,5.0,2.0,Yes,Office,Lucknow,Medium,Married,4.0,84.0,5,No,41259,115448,
1543,Tracy Davis,30.0,Female,Master's,Research,Full Stack Developer,7.0,2.0,Yes,Office,Ghaziabad,Enterprise,Single,2.0,90.0,6,Yes,165264,326716,
4416,Kenneth Silva,45.0,Female,Master's,HR,Sales Executive,3.0,2.0,Yes,Remote,Ghaziabad,Medium,Married,2.0,86.0,1,No,37705,108342,
1928,Thomas Coleman,37.0,Male,Bachelor's,Sales,HR Executive,2.0,1.0,No,Office,Gurgaon,Large,Married,9.0,95.0,2,No,59959,91255,
3688,Jennifer Thomas,31.0,Male,Bachelor's,,ML Engineer,8.0,4.0,No,Hybrid,Hyderabad,Large,Single,1.0,68.0,4,No,196394,149210,
3176,Lauren Rodriguez,32.0,Male,Master's,Administration,Cloud Engineer,8.0,2.0,Yes,Hybrid,Faridabad,Startup,Divorced,5.0,62.0,7,No,86495,134681,
2514,Brent Sullivan,43.0,Male,Master's,Administration,Cyber Security Analyst,8.0,2.0,No,Office,Mumbai,Large,Married,3.0,40.0,6,Yes,77063,144633,
1260,Amanda Tanner,58.0,Female,Master's,Operations,Data Analyst,0.0,3.0,No,Office,Ahmedabad,Medium,Single,2.0,62.0,0,No,60694,90822,
512,Christopher Thompson,22.0,Male,Master's,Administration,Software Engineer,1.0,1.0,Yes,Office,Indore,Medium,Married,6.0,62.0,1,No,26212,109957,
3529,Linda Hartman,50.0,Female,Master's,Legal,Full Stack Developer,20.0,3.0,No,Remote,Jaipur,Medium,Married,8.0,73.0,4,No,164702,168264,
1293,Edward Garcia,21.0,Male,Diploma,IT,Data Engineer,0.0,3.0,No,Remote,Faridabad,Large,Single,10.0,85.0,0,No,143297,122316,
3101,Matthew Bentley,27.0,Female,Master's,Sales,Software Engineer,0.0,3.0,No,Remote,Gurgaon,Enterprise,Married,2.0,96.0,0,No,53026,123174,
4186,Frank Sims,,Female,Bachelor's,Administration,Finance Analyst,6.0,5.0,No,Office,Noida,Large,Single,6.0,73.0,1,No,129412,125930,
953,Theresa Saunders,30.0,Male,Bachelor's,HR,Sales Executive,0.0,3.0,No,Office,Noida,Startup,Married,7.0,82.0,0,Yes,190185,99059,
3774,Candice Hoffman,47.0,Male,Diploma,Administration,Database Administrator,,3.0,Yes,Remote,Ghaziabad,Startup,Divorced,0.0,69.0,5,Yes,33414,126397,
4225,Dr. Kathy Taylor,34.0,Male,Master's,Legal,Sales Manager,14.0,5.0,No,Remote,Delhi,Medium,Divorced,5.0,77.0,2,No,104505,151390,
1781,Adam Buckley,43.0,Male,Master's,HR,Frontend Developer,2.0,4.0,No,Office,Mumbai,Large,Single,3.0,89.0,1,No,194923,122037,
203,Mrs. Hailey Powell,43.0,Male,Bachelor's,Operations,Marketing Manager,13.0,4.0,Yes,Office,Chennai,Enterprise,Single,9.0,56.0,1,No,115556,166274,
504,Kathryn Flores DDS,44.0,Male,Bachelor's,Marketing,Finance Analyst,8.0,1.0,Yes,,Ghaziabad,Large,Single,9.0,76.0,8,No,102912,121741,
2011,Justin Medina,53.0,Female,PhD,Research,Marketing Manager,25.0,4.0,Yes,Remote,Gurgaon,Medium,Single,2.0,71.0,12,No,39733,197651,
294,Donna Willis,57.0,Female,,Administration,Marketing Manager,0.0,1.0,Yes,Office,Delhi,Large,Married,8.0,75.0,0,No,34506,120704,
1168,Jessica Barker,51.0,Male,Bachelor's,IT,HR Executive,,1.0,No,Office,Pune,Startup,Married,8.0,54.0,8,Yes,21083,123843,
3055,Douglas Hayes,54.0,Female,Bachelor's,IT,HR Manager,29.0,4.0,Yes,Hybrid,Mumbai,Medium,Married,6.0,87.0,7,Yes,170291,190300,
3207,John Barnes,36.0,Male,PhD,Customer Support,Software Engineer,0.0,1.0,Yes,Office,Chennai,Large,Married,7.0,64.0,0,Yes,196734,149199,
2961,Mackenzie Hopkins,47.0,Female,Bachelor's,Legal,DevOps Engineer,,2.0,No,Office,Jaipur,Startup,Married,5.0,74.0,14,No,183803,138104,
1079,Stephanie Pruitt,41.0,Female,Master's,Administration,QA Engineer,5.0,2.0,No,Office,Faridabad,Medium,Divorced,4.0,60.0,5,No,169720,114283,
2091,Timothy Andrews,,Female,Bachelor's,Operations,ML Engineer,14.0,5.0,No,Remote,Gurgaon,Startup,Married,8.0,,13,No,127447,153153,
1477,Katherine Sanders,23.0,Female,Bachelor's,Research,Product Manager,,1.0,No,Office,Pune,Large,Married,2.0,67.0,2,No,178847,122981,
3219,Michael Thornton,24.0,Male,Bachelor's,Legal,QA Engineer,4.0,1.0,Yes,Remote,Noida,Medium,Married,0.0,94.0,1,No,36683,93569,
3143,Christina Robinson,42.0,Male,Bachelor's,Sales,Backend Developer,8.0,4.0,Yes,Remote,Hyderabad,Medium,Married,1.0,43.0,8,Yes,81640,128382,
2840,Courtney Booth,53.0,Female,Diploma,Operations,Frontend Developer,24.0,4.0,No,Office,Ahmedabad,Medium,Married,,92.0,1,No,198584,157965,
1182,Carrie Reynolds,28.0,Female,Master's,Sales,Data Scientist,5.0,1.0,Yes,Hybrid,Lucknow,Startup,Married,5.0,46.0,5,No,166919,132567,
990,Amanda Irwin,27.0,Male,Master's,Customer Support,Data Engineer,5.0,1.0,No,Office,Kolkata,Enterprise,Single,3.0,59.0,1,No,87703,134633,
3593,Catherine Williams,58.0,Male,Diploma,IT,Marketing Manager,,,No,Hybrid,Gurgaon,Large,Married,1.0,91.0,1,Yes,58787,131882,
474,Andrew Browning,52.0,Male,Bachelor's,Finance,Marketing Manager,14.0,5.0,No,Hybrid,Indore,Startup,Divorced,8.0,91.0,11,No,99198,145290,
3307,Clinton Lawrence,59.0,Male,Diploma,Research,Marketing Manager,9.0,3.0,No,Office,Indore,Enterprise,Married,4.0,74.0,5,Yes,538794,433848,
123,Amy Freeman,30.0,Male,High School,IT,Data Engineer,5.0,1.0,No,Hybrid,Gurgaon,Startup,Married,8.0,80.0,0,No,106205,105720,
2998,Kara Cline,45.0,Male,Bachelor's,IT,Software Engineer,25.0,2.0,No,Office,Chennai,Startup,Divorced,6.0,88.0,7,Yes,142072,176429,
3175,Mr. Justin Hopkins Jr.,34.0,Male,Bachelor's,Operations,Full Stack Developer,0.0,2.0,Yes,Office,Hyderabad,Medium,Single,6.0,84.0,0,Yes,175308,120268,
81,Gilbert Logan,52.0,Male,Diploma,Operations,HR Executive,3.0,2.0,No,Office,Pune,Startup,Married,3.0,98.0,2,No,47083,65761,
3888,Donna Oconnell,35.0,Female,Bachelor's,Administration,Finance Analyst,13.0,5.0,No,Hybrid,Indore,Startup,Divorced,1.0,69.0,2,No,175304,125834,
3705,Jenna Thompson,59.0,Female,,Research,Full Stack Developer,15.0,3.0,No,Hybrid,Lucknow,Large,Single,3.0,91.0,8,Yes,195486,155227,
484,Chelsea Simon,38.0,Female,High School,Customer Support,Cloud Engineer,10.0,1.0,No,Office,Mumbai,Large,Married,9.0,64.0,1,No,35167,122627,
1377,Charlotte Leon,56.0,Female,Bachelor's,Research,Business Analyst,35.0,4.0,No,Remote,Mumbai,Large,Married,0.0,50.0,1,Yes,152157,191734,
3662,Rebecca Myers,22.0,Male,Master's,Operations,Full Stack Developer,1.0,2.0,Yes,Office,Faridabad,Enterprise,Married,6.0,83.0,0,No,192306,139605,
1993,Carmen Castro,60.0,Female,Bachelor's,Legal,Software Engineer,26.0,5.0,No,Office,Ghaziabad,Medium,Single,6.0,54.0,18,Yes,36588,179085,
2404,Roberto Wright,35.0,Female,Diploma,Legal,Data Scientist,5.0,3.0,No,Hybrid,Ahmedabad,Medium,Single,3.0,53.0,5,No,179790,119243,
3583,Alejandro Wood,25.0,Male,Diploma,Legal,Database Administrator,3.0,1.0,No,Remote,Delhi,Startup,Single,10.0,45.0,0,Yes,152419,101507,
4517,Paul Davis MD,28.0,Female,High School,Legal,HR Executive,1.0,3.0,Yes,Office,Pune,Large,Married,6.0,98.0,1,No,101701,86323,
3855,Julia Daniel,25.0,Male,Bachelor's,Customer Support,Product Manager,0.0,,Yes,Hybrid,Mumbai,Large,Single,1.0,47.0,0,No,26710,128781,
2947,Wendy Barker,59.0,Male,Diploma,Administration,Backend Developer,34.0,3.0,Yes,Hybrid,Pune,Large,Divorced,9.0,72.0,0,No,152423,190665,
2903,Tony Taylor,31.0,Female,Bachelor's,Research,Full Stack Developer,11.0,2.0,No,Remote,Pune,Large,Single,0.0,44.0,6,No,74947,124970,
1146,Alex Davis,21.0,Male,Bachelor's,Sales,Software Engineer,1.0,5.0,No,Office,Indore,Startup,Married,2.0,89.0,1,No,29533,92548,
2865,Katelyn Hudson,32.0,Male,,,Project Manager,9.0,1.0,Yes,Office,Bangalore,Enterprise,Single,9.0,40.0,6,No,109130,157430,
1173,Kylie Chavez,55.0,Female,Diploma,HR,HR Manager,24.0,2.0,Yes,Hybrid,Delhi,Medium,Single,2.0,66.0,7,No,74104,132148,
2114,Danny Williams,54.0,Male,Bachelor's,IT,Network Engineer,31.0,1.0,No,Office,Ahmedabad,Enterprise,Divorced,7.0,64.0,6,No,195519,200128,
1616,Joshua Clarke,50.0,Female,Master's,Legal,Backend Developer,22.0,5.0,No,Office,Bangalore,Medium,Married,9.0,66.0,19,No,132289,172752,
4000,Eric Jones,50.0,Male,Bachelor's,HR,Finance Analyst,19.0,2.0,No,Office,Faridabad,Medium,Single,4.0,88.0,19,No,177508,150232,
1056,Denise James,26.0,Female,Bachelor's,Operations,QA Engineer,5.0,2.0,Yes,Office,Mumbai,Large,Married,2.0,56.0,3,No,118972,101552,
3341,Judy Kim,45.0,Female,Diploma,HR,Full Stack Developer,8.0,4.0,Yes,Office,Kolkata,Medium,Married,9.0,96.0,8,Yes,41466,147658,
3681,Heather Miller,50.0,Female,Bachelor's,Legal,HR Manager,,4.0,No,Office,Jaipur,Enterprise,Single,0.0,42.0,12,No,171215,161122,
4621,Charlotte Jenkins,28.0,Male,,Sales,Cloud Engineer,1.0,4.0,No,Remote,Indore,Large,Single,7.0,81.0,0,No,80943,124175,
4933,Curtis Holt,60.0,Female,Master's,IT,HR Executive,34.0,3.0,No,Office,Noida,Medium,Married,,96.0,4,No,41105,191200,
1663,Taylor Perry DVM,,Female,,Legal,Backend Developer,11.0,,Yes,Office,Ghaziabad,Large,Single,1.0,69.0,5,No,20425,146491,
1493,Brian Ward,21.0,Female,Diploma,Operations,ML Engineer,0.0,1.0,No,Remote,Gurgaon,Large,Single,9.0,93.0,0,No,56397,119091,
1845,Dennis Duncan,54.0,Male,Master's,Finance,Frontend Developer,9.0,3.0,No,Office,Chennai,Startup,Married,3.0,82.0,6,No,129422,114679,
3110,Robert Yu,,Male,Diploma,Administration,Cloud Engineer,30.0,4.0,No,Office,Mumbai,Medium,Married,5.0,66.0,10,Yes,97252,183754,
1167,Gregory Salinas,50.0,Female,Bachelor's,Finance,HR Executive,20.0,1.0,No,Hybrid,Chennai,Startup,Single,6.0,86.0,9,Yes,199594,148197,
3261,Bonnie Ford,50.0,Female,Master's,Sales,QA Engineer,10.0,5.0,Yes,Office,Chennai,Enterprise,Married,7.0,73.0,8,No,64813,163172,
2328,Katherine Nichols,48.0,Female,Master's,HR,Finance Analyst,28.0,1.0,No,Office,Chennai,Medium,Divorced,3.0,98.0,5,No,94091,167650,
1963,Allen Gibson,33.0,Male,Diploma,Administration,Marketing Executive,9.0,1.0,No,Office,Ahmedabad,Large,Single,1.0,,2,No,31693,94700,
2018,Amanda Lambert,29.0,Male,Master's,Sales,Network Engineer,9.0,1.0,No,Office,Delhi,Startup,Married,2.0,,3,No,110061,117566,
1176,Tiffany Holmes,,Male,Master's,Customer Support,Sales Executive,0.0,1.0,No,Remote,Delhi,Large,Divorced,5.0,77.0,0,No,53033,99301,
3819,Dwayne Nguyen,21.0,Female,Diploma,Marketing,Marketing Executive,0.0,5.0,No,Office,Pune,Enterprise,Divorced,3.0,44.0,0,No,158071,97305,
1791,Anthony Burns,29.0,Female,Master's,HR,Finance Analyst,6.0,,Yes,,Gurgaon,Startup,Married,0.0,75.0,6,No,150752,123020,
3145,Abigail Shelton,39.0,Male,Master's,Operations,Product Manager,16.0,3.0,No,Office,Ahmedabad,Enterprise,Married,6.0,68.0,14,Yes,83537,205191,
4676,Steven Garcia,28.0,Female,Diploma,Administration,Business Analyst,0.0,2.0,No,Office,Mumbai,Enterprise,Married,2.0,42.0,0,No,118760,92595,
2698,Lisa Duncan,35.0,Male,,Customer Support,Backend Developer,15.0,3.0,No,Remote,Chennai,Startup,Single,10.0,59.0,14,Yes,197997,135837,
1566,Morgan Valdez,55.0,Male,Bachelor's,HR,Full Stack Developer,2.0,3.0,No,,Chennai,Medium,Single,2.0,,1,No,91096,106754,
4431,Samantha Bennett,52.0,Female,Bachelor's,Research,Frontend Developer,32.0,2.0,Yes,Hybrid,Mumbai,Startup,Married,7.0,,2,No,115678,178914,
308,Samantha Brooks DDS,39.0,Female,Bachelor's,Finance,HR Executive,5.0,1.0,No,Office,Gurgaon,Medium,Single,3.0,58.0,1,No,184870,82243,
782,Natalie Fuller,54.0,Male,,Research,Marketing Executive,10.0,2.0,No,Office,Faridabad,Startup,Married,2.0,59.0,9,Yes,156126,108000,
142,Jesse Webb,60.0,Female,Bachelor's,,QA Engineer,17.0,,Yes,Remote,Gurgaon,Enterprise,Single,5.0,72.0,0,Yes,53380,172250,
3160,Christopher Hampton,21.0,Male,Bachelor's,Marketing,ML Engineer,1.0,5.0,No,Office,Pune,Medium,Married,,62.0,1,Yes,44972,135698,
4376,Thomas Collier,58.0,Male,Diploma,Finance,Sales Executive,13.0,5.0,No,Office,Jaipur,Medium,Married,4.0,79.0,13,No,141563,116918,
1334,Sophia Wright,49.0,Female,Bachelor's,HR,Finance Analyst,22.0,4.0,Yes,Office,Kolkata,Startup,Married,7.0,77.0,1,No,103944,155285,
3670,Alicia Beard,55.0,Male,High School,,Frontend Developer,5.0,4.0,No,Hybrid,Gurgaon,Medium,Single,5.0,87.0,1,No,70591,95956,
4380,Amanda Thomas,59.0,Female,,Legal,Marketing Manager,27.0,4.0,Yes,Office,Delhi,Large,Married,4.0,81.0,19,Yes,92123,214917,
3333,Roger Rodriguez,55.0,Male,Diploma,Finance,DevOps Engineer,26.0,3.0,No,Hybrid,Gurgaon,Enterprise,Single,5.0,40.0,18,No,33115,178534,
2463,Lori Armstrong,35.0,Male,,Administration,Product Manager,13.0,3.0,No,Office,Chennai,Medium,Single,7.0,47.0,8,No,175283,169481,
796,Todd Simmons,34.0,Male,Bachelor's,Administration,HR Manager,7.0,3.0,No,Remote,Pune,Startup,Single,4.0,75.0,1,No,97001,100973,
4275,Robert Harris,49.0,Female,High School,,Cloud Engineer,28.0,2.0,No,Hybrid,Ghaziabad,Large,Married,6.0,89.0,18,No,37669,169234,
4429,David Hawkins,54.0,Male,High School,HR,Data Scientist,2.0,,No,Remote,Lucknow,Large,Divorced,7.0,87.0,2,No,130863,124556,
4377,Timothy Brewer,47.0,Female,Diploma,Customer Support,Full Stack Developer,15.0,3.0,No,Office,Jaipur,Medium,Single,10.0,82.0,4,Yes,155206,158472,
2949,Charles Ho,39.0,Male,Bachelor's,Marketing,Cyber Security Analyst,19.0,5.0,Yes,Hybrid,Kolkata,Large,Single,0.0,75.0,16,No,25334,167122,
1015,Amber Thomas,55.0,Male,Master's,Marketing,Business Analyst,22.0,,No,Office,Noida,Large,Married,4.0,,19,No,81775,153105,
849,Richard Rodriguez,23.0,Male,Diploma,IT,Cloud Engineer,0.0,2.0,Yes,Office,Hyderabad,Large,Single,2.0,41.0,0,No,96737,102972,
892,April Roberts,60.0,Female,Diploma,Research,HR Manager,,1.0,No,Hybrid,Delhi,Startup,Married,,76.0,16,Yes,63025,154122,
2224,Kathy Harris,53.0,Female,Bachelor's,Operations,Backend Developer,15.0,5.0,No,Office,Lucknow,Large,Divorced,1.0,75.0,1,No,94447,134131,
4874,Emily Beck,53.0,Female,,Legal,Data Analyst,7.0,2.0,No,Remote,Pune,Medium,Married,8.0,72.0,6,No,116892,107757,
3866,Sandra Harris,54.0,Male,Diploma,Legal,ML Engineer,26.0,1.0,No,Office,Chennai,Medium,Married,3.0,54.0,1,Yes,30170,176694,
2990,John Brown,24.0,Male,Master's,Customer Support,Frontend Developer,4.0,2.0,No,Office,Noida,Large,Married,4.0,45.0,4,No,85763,111639,
733,Lisa Wilson,56.0,Female,Bachelor's,Operations,DevOps Engineer,27.0,5.0,No,Office,Lucknow,Large,Married,10.0,,4,No,100730,185785,
3791,Sheila Rush,28.0,Female,Diploma,Operations,ML Engineer,0.0,2.0,No,Hybrid,Hyderabad,Large,Single,9.0,95.0,0,No,36015,117701,
2851,Christine Sanchez,24.0,Female,Diploma,Customer Support,Database Administrator,3.0,2.0,No,Remote,Jaipur,Medium,Divorced,9.0,69.0,2,No,42736,93631,
1131,Jose Cooper,34.0,Female,,Operations,ML Engineer,4.0,5.0,No,Remote,Hyderabad,Enterprise,Single,6.0,60.0,0,No,40523,147286,
3293,Christopher Carrillo,49.0,Female,Diploma,,Data Scientist,15.0,,No,Remote,Kolkata,Large,Single,1.0,71.0,4,No,69930,154677,
232,Ryan Baldwin,49.0,Female,High School,HR,Project Manager,13.0,1.0,No,Hybrid,Jaipur,Medium,Married,5.0,42.0,11,No,312570,227540,
206,Bruce Berry,56.0,Male,Diploma,Finance,Network Engineer,1.0,2.0,No,Office,Gurgaon,Enterprise,Single,5.0,75.0,1,No,75276,103360,
2429,Jacob Velazquez,49.0,Female,Bachelor's,Administration,HR Manager,24.0,3.0,No,Hybrid,Pune,Large,Married,10.0,41.0,11,No,190725,170600,
4600,Hannah Bennett,53.0,Male,PhD,Administration,Accountant,22.0,3.0,No,Hybrid,Ahmedabad,Startup,Single,1.0,47.0,20,Yes,42062,164143,
4614,Daniel Moran,57.0,Female,PhD,Marketing,Data Analyst,20.0,4.0,No,Office,Bangalore,Startup,Married,0.0,71.0,9,No,27098,169355,
3447,Douglas Griffin,56.0,Female,Master's,Sales,HR Executive,14.0,5.0,Yes,Remote,Ghaziabad,Startup,Married,8.0,44.0,9,No,80623,135200,
907,Mario Allen,49.0,Female,Master's,Operations,Software Engineer,26.0,1.0,No,Office,Delhi,Startup,Single,2.0,41.0,2,No,161967,150419,
893,Dillon Hall,37.0,Female,Master's,Legal,Sales Executive,12.0,2.0,Yes,Office,Bangalore,Large,Married,2.0,48.0,9,No,194823,130713,
770,Donna Serrano,30.0,Female,Master's,HR,Finance Analyst,3.0,2.0,No,Hybrid,Faridabad,Large,Single,8.0,75.0,2,No,79886,118499,
4740,Lauren Gonzalez,27.0,Male,Diploma,,Data Scientist,4.0,4.0,Yes,,Hyderabad,Large,Married,10.0,90.0,0,Yes,194552,158329,
529,Christian Boyer,49.0,Female,Master's,Customer Support,Product Manager,23.0,3.0,No,Hybrid,Indore,Startup,Single,8.0,68.0,12,Yes,66835,206822,
2941,Jamie Raymond,59.0,Male,Diploma,Operations,Cloud Engineer,21.0,1.0,Yes,,Delhi,Medium,Single,9.0,46.0,7,No,71968,156523,
829,Jeffrey Collins,49.0,Male,Diploma,Operations,Software Engineer,12.0,2.0,No,Hybrid,Chennai,Enterprise,Married,6.0,,4,No,134441,138971,
788,Janet Martinez,44.0,Female,Diploma,Finance,Marketing Manager,3.0,4.0,No,Remote,Hyderabad,Enterprise,Single,3.0,47.0,2,No,30663,111143,
2379,Jay Moore,29.0,Female,,Administration,ML Engineer,7.0,1.0,Yes,Office,Delhi,Medium,Single,10.0,56.0,3,No,65423,137858,
4417,Anthony Collins PhD,60.0,Male,Bachelor's,Finance,Network Engineer,31.0,,No,,Chennai,Medium,Married,8.0,66.0,10,No,79421,185345,
1807,Samantha Morris,52.0,Female,Bachelor's,Customer Support,Data Engineer,31.0,4.0,No,Hybrid,Ahmedabad,Medium,Single,,46.0,12,No,35568,175916,
4447,Pamela Shaffer,50.0,Male,Master's,Customer Support,Project Manager,23.0,2.0,Yes,Remote,Faridabad,Medium,Married,8.0,43.0,7,No,133776,180187,
3763,Deborah Arnold,34.0,Female,Bachelor's,Research,DevOps Engineer,2.0,4.0,Yes,Office,Ahmedabad,Large,Married,2.0,41.0,1,No,23378,112248,
2735,Richard Holmes,22.0,Female,Diploma,Finance,QA Engineer,0.0,1.0,No,Hybrid,Hyderabad,Medium,Single,10.0,45.0,0,No,162810,80195,
244,Mark Cross,22.0,Female,Bachelor's,Customer Support,Database Administrator,1.0,2.0,No,Remote,Ahmedabad,Large,Married,6.0,56.0,1,Yes,115432,111828,
3691,Lisa Roberts,41.0,Female,Bachelor's,Finance,Sales Manager,11.0,5.0,No,,Kolkata,Large,Divorced,7.0,47.0,8,No,96932,144927,
250,Ralph Daniels,29.0,Female,,Legal,Finance Analyst,9.0,3.0,Yes,Office,Kolkata,Startup,Single,8.0,92.0,9,No,38782,136920,
431,Carl Johnson,34.0,Male,Bachelor's,Operations,Data Engineer,,1.0,Yes,Hybrid,Noida,Startup,Single,5.0,62.0,5,No,195221,120034,
3609,Jonathan Madden,53.0,Male,Bachelor's,Operations,HR Manager,5.0,2.0,Yes,Hybrid,Pune,Enterprise,Single,6.0,54.0,0,No,185596,125097,
4512,Michael Ingram,52.0,Female,Master's,Sales,Backend Developer,7.0,4.0,Yes,Remote,Ahmedabad,Enterprise,Single,0.0,84.0,5,No,143100,149269,
1221,Christopher Brown,48.0,Female,Master's,Sales,Network Engineer,27.0,5.0,No,Office,Bangalore,Medium,Single,0.0,63.0,14,No,29515,178568,
192,John Holmes,21.0,Female,Master's,Research,Full Stack Developer,0.0,5.0,No,Hybrid,Ghaziabad,Medium,Married,2.0,84.0,0,No,62998,114691,
2411,Paula Scott,57.0,Female,Bachelor's,Administration,QA Engineer,,1.0,No,Hybrid,Faridabad,Large,Married,7.0,70.0,6,No,109504,141233,
4885,Kelsey Jordan,56.0,Female,PhD,Legal,Marketing Executive,8.0,5.0,No,Remote,Gurgaon,Medium,Married,10.0,46.0,6,No,63911,145632,
3122,Christopher Graham,29.0,Female,Diploma,Marketing,Network Engineer,6.0,4.0,No,Hybrid,Faridabad,Medium,Married,7.0,67.0,0,No,92213,106936,
3216,Thomas Garcia,33.0,Male,Master's,Research,Cloud Engineer,6.0,3.0,Yes,Office,Lucknow,Medium,Single,1.0,96.0,5,No,108147,140135,
1371,Katherine Paul,37.0,Female,Bachelor's,Finance,Marketing Manager,15.0,5.0,Yes,Remote,Lucknow,Large,Single,5.0,57.0,2,No,92848,161420,
4663,Jessica Sims,22.0,Male,Bachelor's,Research,Sales Executive,0.0,4.0,No,Remote,Hyderabad,Large,Married,0.0,84.0,0,No,48987,86195,
1166,Allison Pena,53.0,Male,Bachelor's,IT,HR Manager,17.0,2.0,No,Office,Hyderabad,Large,Married,7.0,55.0,8,Yes,25391,146406,
1662,Lisa Clark,29.0,Female,Bachelor's,IT,Project Manager,9.0,4.0,No,Remote,Pune,Large,Single,9.0,56.0,2,No,173594,150872,
3416,Christopher Mitchell,39.0,Male,PhD,HR,QA Engineer,14.0,3.0,Yes,Remote,Ahmedabad,Large,Married,3.0,98.0,7,No,23748,170075,
2647,Christina Berry,34.0,Female,Master's,HR,Software Engineer,12.0,5.0,Yes,Remote,Hyderabad,Enterprise,Divorced,9.0,93.0,2,Yes,104445,189640,
2669,Christina Sutton,31.0,Female,Diploma,HR,Business Analyst,4.0,4.0,No,Office,Gurgaon,Large,Married,5.0,,3,No,89024,110758,
4414,Laura Dominguez,26.0,Female,Bachelor's,Operations,Data Scientist,3.0,4.0,No,Hybrid,Ahmedabad,Enterprise,Married,4.0,89.0,1,No,62026,142461,
4239,Matthew Sanchez,32.0,Female,Bachelor's,Research,ML Engineer,4.0,1.0,No,Office,Chennai,Startup,Single,10.0,57.0,1,Yes,193414,131275,
1330,Samantha Maxwell,32.0,Female,Master's,Operations,Sales Manager,8.0,4.0,Yes,Office,Chennai,Medium,Single,3.0,,1,No,160487,149251,
2046,Tracy Jones,45.0,Female,Bachelor's,Marketing,Data Analyst,13.0,,Yes,,Gurgaon,Enterprise,Single,10.0,77.0,12,No,176895,144598,
2718,Tamara Hickman,30.0,Male,Diploma,Legal,Data Scientist,5.0,4.0,Yes,Office,Bangalore,Medium,Single,3.0,85.0,3,No,122460,126751,
2067,Sarah Hughes,56.0,Female,Diploma,Legal,Sales Manager,20.0,1.0,No,Office,Indore,Enterprise,Married,10.0,49.0,10,No,178863,150514,
1777,Travis Grimes,,Female,Master's,Research,Data Scientist,21.0,5.0,No,Office,Indore,Medium,Married,3.0,47.0,12,No,155070,191431,
2042,Matthew Powers,58.0,Female,High School,Operations,DevOps Engineer,35.0,3.0,No,Hybrid,Delhi,Large,Single,,79.0,15,No,192057,186802,
4056,Scott Clayton,42.0,Male,Master's,Legal,Marketing Executive,20.0,2.0,No,Hybrid,Hyderabad,Large,Married,9.0,70.0,8,No,146499,148972,
541,Christopher Rogers,36.0,Female,Bachelor's,Customer Support,Data Scientist,3.0,2.0,Yes,Office,Ahmedabad,Medium,Married,5.0,65.0,2,No,152915,125185,
3286,John Archer,57.0,Female,Master's,,Sales Executive,33.0,5.0,Yes,Hybrid,Kolkata,Large,Married,9.0,64.0,15,No,43406,192754,
3174,Charles Reyes,,Male,Bachelor's,Research,HR Executive,2.0,1.0,Yes,Office,Lucknow,Startup,Married,6.0,,1,No,138234,76874,
968,Lawrence Miller,33.0,Female,Bachelor's,Operations,Cyber Security Analyst,5.0,3.0,No,Office,Delhi,Startup,Married,0.0,50.0,4,No,199848,103205,
3312,Jeremy Bowman,59.0,Male,Diploma,HR,ML Engineer,20.0,1.0,No,Office,Pune,Startup,Single,5.0,67.0,12,Yes,122133,150705,
1223,Lisa Hill,34.0,Male,Master's,Operations,Frontend Developer,12.0,1.0,Yes,Remote,Ahmedabad,Medium,Married,,45.0,11,Yes,176408,139156,
643,Wendy Hardin,25.0,Female,Bachelor's,Legal,ML Engineer,1.0,2.0,No,Hybrid,Ghaziabad,Enterprise,Single,0.0,73.0,0,No,74333,126398,
2189,Charles Owens,23.0,Male,Master's,HR,QA Engineer,3.0,5.0,Yes,Remote,Lucknow,Enterprise,Single,3.0,94.0,0,No,136521,142857,
2071,Christine Jacobs,43.0,Male,Bachelor's,Sales,Software Engineer,22.0,4.0,No,Hybrid,Hyderabad,Large,Married,8.0,84.0,12,No,114964,176641,
1495,Christopher Johnson,,Female,Bachelor's,IT,Finance Analyst,20.0,1.0,No,Hybrid,Gurgaon,Large,Single,4.0,85.0,6,Yes,33015,158876,
2936,Curtis Murray,59.0,Female,Master's,HR,Data Engineer,31.0,2.0,Yes,Office,Chennai,Enterprise,Single,4.0,72.0,0,Yes,113863,236950,
1613,John Miller,36.0,Male,Bachelor's,Finance,QA Engineer,9.0,3.0,Yes,Hybrid,Jaipur,Medium,Married,1.0,69.0,9,No,465618,227718,
3801,Amy Carson,34.0,Male,Diploma,IT,Frontend Developer,2.0,2.0,No,Hybrid,Ahmedabad,Large,Married,0.0,,2,No,197686,85458,
4323,Savannah Santana,32.0,Male,Master's,Legal,Cyber Security Analyst,0.0,4.0,Yes,Office,Ahmedabad,Medium,Married,1.0,85.0,0,No,129881,129789,
3380,Austin Phillips,45.0,Female,High School,HR,Product Manager,12.0,4.0,No,Office,Indore,Medium,Married,3.0,47.0,12,No,135849,124403,
680,Matthew Ryan,45.0,Female,Diploma,Research,Database Administrator,1.0,3.0,Yes,Hybrid,Chennai,Medium,Single,,90.0,1,No,106379,95882,
2562,Mark Walker,55.0,Male,High School,Operations,Backend Developer,16.0,1.0,No,Office,Hyderabad,Startup,Married,9.0,82.0,14,No,73737,123668,
304,Justin Mccullough,24.0,Male,Master's,Sales,HR Executive,0.0,3.0,No,Hybrid,Ghaziabad,Large,Married,1.0,68.0,0,No,25033,91759,
3868,Rebecca Walker,24.0,Male,Bachelor's,Operations,Data Engineer,4.0,,No,Office,Pune,Startup,Married,1.0,80.0,2,Yes,168332,118798,
2265,Jeremy Mullen,27.0,Male,Bachelor's,Customer Support,HR Manager,5.0,4.0,Yes,,Mumbai,Startup,Single,8.0,83.0,5,No,80777,113285,
1473,Miguel Rhodes,58.0,Female,Bachelor's,HR,Backend Developer,2.0,2.0,Yes,Office,Indore,Medium,Single,1.0,66.0,2,No,186232,103188,
4028,Barbara Lowe,60.0,Male,High School,HR,HR Manager,18.0,2.0,No,Office,Kolkata,Medium,Single,4.0,57.0,4,Yes,172541,140884,
2674,Mary Patrick,25.0,Female,High School,Finance,Data Analyst,5.0,2.0,No,Office,Lucknow,Large,Married,0.0,44.0,1,No,119377,82532,
3301,Michael Lowe,52.0,Male,Bachelor's,Operations,Marketing Manager,27.0,,No,Hybrid,Chennai,Medium,Married,2.0,57.0,3,No,176250,179391,
3697,Danielle Arellano,39.0,Female,Bachelor's,Legal,DevOps Engineer,6.0,3.0,No,Hybrid,Noida,Medium,Married,0.0,45.0,6,Yes,184965,121656,
3937,Annette Dominguez,,Female,Bachelor's,Customer Support,Database Administrator,0.0,2.0,No,Office,Lucknow,Large,Married,7.0,87.0,0,No,56623,105053,
3423,Jasmin Howard,35.0,Female,Diploma,Sales,Frontend Developer,3.0,4.0,Yes,Remote,Ahmedabad,Large,Single,7.0,66.0,1,Yes,197284,125549,
3239,Angela Calhoun,,Female,,Legal,Marketing Executive,8.0,1.0,No,Office,Bangalore,Medium,Single,3.0,43.0,2,Yes,182261,117998,
939,Ashley Howard,33.0,Male,,IT,Data Analyst,3.0,4.0,No,Hybrid,Hyderabad,Enterprise,Married,2.0,50.0,3,No,138279,101146,
3766,Tristan Lloyd,,Female,High School,Administration,Data Scientist,15.0,5.0,No,Office,Kolkata,Large,Married,2.0,68.0,14,No,167488,148698,
4002,Amanda Gill,36.0,Male,Diploma,IT,Sales Manager,4.0,4.0,No,Office,Kolkata,Medium,Single,5.0,66.0,3,No,23302,101657,
4942,Crystal Howard,,Female,High School,Sales,Database Administrator,16.0,3.0,No,Office,Pune,Medium,Married,6.0,100.0,11,No,195999,126386,
1353,William Soto,32.0,Female,Bachelor's,Customer Support,Frontend Developer,,3.0,No,Remote,Delhi,Large,Single,10.0,45.0,2,No,93533,102107,
2805,Nicole Bates,59.0,Female,,Sales,Software Engineer,5.0,1.0,Yes,Remote,Gurgaon,Large,Married,7.0,70.0,1,Yes,54556,140668,
3453,Kevin Baxter,36.0,Male,Bachelor's,Legal,Finance Analyst,4.0,5.0,No,Office,Hyderabad,Medium,Single,0.0,61.0,2,Yes,66577,118168,
710,Denise Smith,35.0,Female,Bachelor's,Sales,Network Engineer,4.0,1.0,No,Hybrid,Faridabad,Medium,Married,0.0,47.0,0,No,199227,91593,
4035,Paul Byrd,30.0,Female,Master's,Legal,Sales Executive,10.0,2.0,No,Office,Lucknow,Enterprise,Single,6.0,62.0,6,No,54550,130869,
3358,Jacqueline Hill,27.0,Male,High School,Customer Support,DevOps Engineer,3.0,2.0,Yes,Office,Hyderabad,Large,Married,10.0,66.0,0,No,161216,117102,
2212,Lindsey Andersen,46.0,Male,Bachelor's,Marketing,Data Scientist,12.0,4.0,Yes,Hybrid,Bangalore,Startup,Single,6.0,62.0,1,No,157536,148436,
1806,Stacey Lopez,50.0,Male,High School,Legal,Business Analyst,16.0,2.0,Yes,Hybrid,Indore,Medium,Single,10.0,83.0,10,No,66791,140606,
3134,Michael Short,23.0,Female,Diploma,Finance,HR Executive,2.0,5.0,No,Office,Gurgaon,Medium,Single,8.0,47.0,0,No,25894,82120,
147,Toni Sullivan,40.0,Female,High School,Finance,Full Stack Developer,0.0,2.0,No,,Indore,Startup,Married,4.0,85.0,0,No,175024,81322,
4729,Christopher Johnson,53.0,Female,High School,Research,Software Engineer,,3.0,No,Hybrid,Delhi,Medium,Single,0.0,67.0,3,No,199808,155019,
3452,Briana Glass DDS,56.0,Female,PhD,,Backend Developer,12.0,4.0,Yes,Office,Faridabad,Large,Single,7.0,57.0,9,No,47046,167702,
1362,Eric Alvarado,35.0,Female,Master's,Research,Cloud Engineer,1.0,5.0,Yes,Hybrid,Lucknow,Enterprise,Married,7.0,41.0,1,No,166164,156641,
2222,Daniel May,,Male,Bachelor's,Operations,Frontend Developer,0.0,5.0,No,Office,Delhi,Startup,Married,1.0,45.0,0,No,50761,75173,
4099,Dawn Chandler,35.0,Female,Bachelor's,,Data Scientist,14.0,5.0,Yes,Hybrid,Mumbai,Large,Married,,84.0,3,Yes,59847,186197,
3157,Dr. Betty Reynolds,39.0,Male,Bachelor's,Marketing,Sales Executive,5.0,5.0,No,Hybrid,Lucknow,Large,Married,1.0,75.0,1,No,124169,109565,
3752,Pamela Mitchell,34.0,Female,Bachelor's,Customer Support,Project Manager,,2.0,Yes,Remote,Hyderabad,Large,Married,9.0,100.0,11,No,164402,167859,
869,Ryan Jimenez,38.0,Male,Bachelor's,HR,Cyber Security Analyst,10.0,3.0,Yes,Office,Noida,Startup,Married,4.0,40.0,5,No,33448,128624,
2926,Rebecca Barnett,27.0,Male,Master's,Administration,Cyber Security Analyst,3.0,5.0,No,Office,Jaipur,Medium,Single,0.0,95.0,3,No,197379,131402,
697,Victor Brock,59.0,Male,Diploma,Research,Business Analyst,3.0,3.0,No,Hybrid,Pune,Medium,Married,10.0,75.0,2,No,143513,100546,
2874,Lisa Bean,49.0,Female,Bachelor's,Finance,Cloud Engineer,10.0,2.0,No,Office,Indore,Large,Married,10.0,81.0,4,Yes,118789,152456,
4096,Gabrielle Johnson,33.0,Male,Master's,Administration,Accountant,8.0,4.0,No,,Mumbai,Large,Married,8.0,84.0,7,Yes,69945,141942,
4484,Natasha Roberts,29.0,Female,Bachelor's,Marketing,QA Engineer,9.0,5.0,No,Hybrid,Hyderabad,Enterprise,Single,4.0,60.0,6,No,95867,133941,
3912,Kerri Rodriguez MD,31.0,Female,Master's,HR,HR Manager,2.0,4.0,Yes,Remote,Lucknow,Medium,Married,7.0,70.0,0,No,146383,126194,
2557,Diane Brock,36.0,Male,Bachelor's,Marketing,Sales Executive,10.0,5.0,No,Office,Noida,Medium,Divorced,0.0,40.0,7,No,67378,101654,
2012,Becky Phillips,28.0,Male,Master's,HR,Sales Manager,6.0,1.0,No,Remote,Ghaziabad,Large,Single,3.0,88.0,5,No,123523,129237,
346,Charlene Velez,36.0,Female,Bachelor's,Marketing,Cloud Engineer,3.0,,Yes,Office,Delhi,Startup,Married,5.0,91.0,1,No,204036,216932,
4367,Michael Sullivan,54.0,Female,Bachelor's,HR,Marketing Executive,21.0,3.0,Yes,Office,Faridabad,Enterprise,Married,0.0,49.0,5,Yes,72321,180674,
1314,Katie Acosta,52.0,Female,Bachelor's,HR,Full Stack Developer,4.0,5.0,No,,Hyderabad,Medium,Married,1.0,92.0,1,No,37428,119873,
3803,Benjamin Thompson,46.0,Female,Diploma,Research,Sales Manager,19.0,2.0,Yes,Office,Indore,Large,Single,7.0,91.0,17,No,71071,161200,
1556,Chelsea Hansen,36.0,Female,Master's,Administration,Marketing Executive,16.0,2.0,No,Hybrid,Lucknow,Startup,Married,4.0,,7,No,195245,138746,
1276,Charlotte Johnson,56.0,Male,Bachelor's,Legal,Product Manager,14.0,1.0,No,Remote,Indore,Medium,Single,10.0,84.0,1,No,83560,163481,
2377,Tara Zimmerman,,Female,Master's,Sales,Data Engineer,14.0,3.0,Yes,Office,Hyderabad,Medium,Married,5.0,85.0,11,No,156406,166698,
3115,Richard Peterson,58.0,Female,Diploma,,Finance Analyst,15.0,4.0,No,Office,Ghaziabad,Medium,Single,8.0,88.0,0,Yes,62607,137476,
4316,Linda Perkins,44.0,Female,Bachelor's,Operations,HR Executive,,5.0,No,,Ghaziabad,Medium,Married,3.0,49.0,8,No,292708,415425,
3012,Mr. Martin Schwartz MD,57.0,Male,Bachelor's,Operations,Sales Manager,31.0,1.0,No,Remote,Gurgaon,Large,Single,1.0,88.0,3,No,165748,183597,
496,Stephanie Serrano,44.0,Male,Bachelor's,Legal,Full Stack Developer,22.0,5.0,Yes,Remote,Ghaziabad,Large,Married,,100.0,16,Yes,53545,195829,
2489,Robin Pennington,24.0,Female,Bachelor's,Marketing,Software Engineer,,2.0,No,Hybrid,Delhi,Medium,Single,8.0,89.0,0,No,195813,99489,
4685,Allison Webb,29.0,Female,Bachelor's,Research,Finance Analyst,4.0,5.0,No,Hybrid,Faridabad,Enterprise,Married,10.0,91.0,4,No,143538,142081,
942,Kelly Parker,37.0,Female,Bachelor's,Administration,Backend Developer,16.0,2.0,Yes,Office,Lucknow,Startup,Married,3.0,74.0,5,No,80805,136906,
1768,Rebecca Cole,22.0,Male,Bachelor's,Sales,Accountant,1.0,4.0,No,Office,Gurgaon,Large,Single,1.0,86.0,1,No,156335,100083,
4911,Lisa Gomez,32.0,Male,Master's,Legal,Full Stack Developer,9.0,2.0,Yes,Office,Mumbai,Large,Single,6.0,100.0,3,No,168168,153932,
817,Anthony Houston,,Female,Master's,Operations,HR Executive,11.0,2.0,No,Office,Faridabad,Startup,Married,8.0,43.0,7,Yes,86046,118576,
4081,Larry Bowen,56.0,Male,High School,Marketing,Data Scientist,6.0,2.0,No,Office,Ghaziabad,Medium,Single,5.0,42.0,0,Yes,178084,123571,
112,Michelle Doyle,22.0,Male,Bachelor's,Research,DevOps Engineer,0.0,1.0,Yes,Office,Hyderabad,Enterprise,Married,5.0,,0,No,30382,123034,
4675,Wesley Brown,23.0,Male,Bachelor's,Legal,Database Administrator,0.0,2.0,No,Hybrid,Lucknow,Medium,Single,7.0,96.0,0,No,177573,99063,
1155,Pamela Golden,21.0,Female,High School,Research,Sales Executive,0.0,3.0,No,Office,Noida,Medium,Married,3.0,48.0,0,No,45973,61083,
1255,Javier Rogers,23.0,Male,Bachelor's,Operations,Software Engineer,0.0,1.0,No,,Chennai,Medium,Married,7.0,85.0,0,No,55980,88831,
2639,Amanda Hudson,34.0,Male,,IT,Backend Developer,6.0,1.0,Yes,Hybrid,Jaipur,Enterprise,Married,4.0,81.0,6,Yes,114209,142716,
3657,Joseph Elliott,33.0,Female,Diploma,IT,ML Engineer,12.0,5.0,Yes,Hybrid,Ghaziabad,Medium,Single,,45.0,11,No,192686,155070,
236,Dale Graham,43.0,Male,Bachelor's,Administration,Marketing Manager,7.0,4.0,No,Office,Faridabad,Large,Single,4.0,65.0,5,No,58225,124867,
1159,Michael Cannon,42.0,Female,Bachelor's,Administration,Marketing Manager,16.0,4.0,No,Hybrid,Hyderabad,Medium,Married,2.0,63.0,9,No,189660,139045,
4822,Crystal Thomas,47.0,Female,Diploma,Customer Support,Data Engineer,8.0,3.0,No,Office,Jaipur,Enterprise,Married,0.0,89.0,5,No,361508,405333,
3430,Mitchell Graves,23.0,Male,High School,HR,Cloud Engineer,2.0,2.0,No,Remote,Lucknow,Medium,Married,8.0,93.0,0,No,149333,109260,
267,Tiffany Stout,57.0,Male,Diploma,Legal,ML Engineer,29.0,5.0,No,Hybrid,Ahmedabad,Medium,Single,3.0,58.0,12,No,73311,178170,
4195,Anthony Frost,33.0,Male,Bachelor's,HR,Data Engineer,12.0,1.0,No,Office,Mumbai,Startup,Single,7.0,75.0,7,Yes,64934,144360,
2868,Michael Baldwin,21.0,Female,Bachelor's,Marketing,Network Engineer,0.0,1.0,No,Office,Noida,Large,Married,4.0,72.0,0,No,183779,92233,
2663,Christopher Smith,49.0,Female,,Sales,Finance Analyst,14.0,,No,Hybrid,Pune,Medium,Single,1.0,65.0,5,No,188015,132109,
4115,William Burton,60.0,Male,Master's,Research,Database Administrator,14.0,2.0,No,Hybrid,Mumbai,Large,Married,7.0,70.0,5,Yes,136345,166720,
1749,Danielle Briggs,41.0,Male,Master's,Administration,Data Analyst,6.0,3.0,No,Office,Faridabad,Medium,Married,10.0,49.0,1,No,133971,119605,
1836,James Thompson,,Female,Bachelor's,Sales,Business Analyst,2.0,2.0,No,Hybrid,Ghaziabad,Large,Married,4.0,52.0,2,Yes,85116,105959,
671,Denise Mcpherson,39.0,Male,Diploma,Administration,Data Scientist,10.0,5.0,No,Office,Lucknow,Large,Married,10.0,85.0,7,No,60667,150864,
4067,Charles Evans,50.0,Male,Master's,Customer Support,Database Administrator,13.0,4.0,No,Hybrid,Noida,Startup,Single,,68.0,0,Yes,117309,457725,
910,Jacob Sparks,35.0,Female,Bachelor's,HR,QA Engineer,10.0,3.0,No,,Jaipur,Startup,Married,0.0,84.0,8,No,31255,100450,
4255,Jimmy Williams,24.0,Female,Bachelor's,Marketing,Marketing Manager,0.0,4.0,No,Remote,Lucknow,Medium,Single,8.0,44.0,0,No,45494,97037,
748,Stephanie Richardson,45.0,Female,Diploma,Sales,HR Manager,,2.0,Yes,Remote,Ahmedabad,Medium,Single,4.0,,7,No,156450,131438,
2386,Stephen Garcia,46.0,Female,Bachelor's,Legal,Full Stack Developer,12.0,2.0,No,Office,Delhi,Enterprise,Married,10.0,52.0,10,No,125495,149229,
2907,Cindy Ferguson,32.0,Female,Bachelor's,Finance,Software Engineer,9.0,3.0,No,Office,Jaipur,Large,Single,,49.0,7,No,150309,117332,
3543,Shane Moore,29.0,Male,PhD,Legal,Finance Analyst,2.0,1.0,No,Remote,Lucknow,Startup,Married,10.0,59.0,1,No,103370,122026,
816,Thomas Briggs,58.0,Male,Bachelor's,IT,Marketing Manager,14.0,3.0,No,Hybrid,Jaipur,Startup,Married,8.0,51.0,12,No,52628,134846,
4839,John Pittman,47.0,Female,,HR,Accountant,2.0,3.0,No,Hybrid,Gurgaon,Large,Married,4.0,79.0,1,No,80076,108072,
690,Robert Chaney,34.0,Female,High School,Legal,ML Engineer,13.0,,No,Office,Indore,Large,Single,9.0,,7,No,172402,136668,
4739,Arthur Brown,60.0,Male,Master's,HR,Cyber Security Analyst,35.0,5.0,No,Office,Ghaziabad,Large,Divorced,10.0,41.0,7,No,94310,210421,
1435,Richard Nelson,29.0,Male,Diploma,Marketing,ML Engineer,7.0,5.0,No,Office,Noida,Startup,Divorced,6.0,92.0,3,No,105148,135265,
1803,Dr. Morgan Ellison DVM,28.0,Male,Bachelor's,Sales,Frontend Developer,,5.0,No,Remote,Lucknow,Enterprise,Married,8.0,93.0,2,Yes,87089,151866,
4254,Andrew Paul,41.0,Female,Bachelor's,Legal,ML Engineer,11.0,1.0,Yes,Hybrid,Ahmedabad,Startup,Divorced,1.0,71.0,6,No,151160,138154,
323,Sharon Smith,21.0,Male,Bachelor's,Operations,Finance Analyst,1.0,2.0,Yes,Office,Hyderabad,Medium,Divorced,10.0,,0,Yes,96396,116137,
3966,Edwin Hunter,22.0,Male,Bachelor's,Marketing,Marketing Manager,2.0,1.0,No,Remote,Ghaziabad,Startup,Married,2.0,40.0,2,No,179942,85779,
1029,Dr. Hannah Bryant,,Male,Master's,Marketing,Accountant,0.0,5.0,No,Hybrid,Indore,Medium,Single,2.0,91.0,0,No,143355,103311,
104,Michael Williams,22.0,Male,Bachelor's,Research,Cyber Security Analyst,0.0,4.0,Yes,Hybrid,Hyderabad,Medium,Married,9.0,95.0,0,No,127971,127382,
4047,Matthew Valenzuela,53.0,Female,Bachelor's,Administration,Product Manager,15.0,1.0,No,Hybrid,Noida,Enterprise,Single,0.0,64.0,5,No,103496,157902,
2854,Logan Smith,29.0,Male,Master's,IT,Accountant,1.0,3.0,Yes,Hybrid,Hyderabad,Enterprise,Single,2.0,95.0,1,No,35882,120881,
4203,Brian Evans,32.0,Female,Diploma,Legal,Data Analyst,,3.0,No,Office,Chennai,Startup,Married,1.0,90.0,2,No,81736,80077,
117,Krystal Jones,36.0,Female,Bachelor's,Administration,HR Executive,0.0,5.0,No,Office,Faridabad,Large,Married,1.0,76.0,0,No,91229,88276,
1814,Todd White,57.0,Female,Bachelor's,Legal,Business Analyst,29.0,3.0,No,Office,Gurgaon,Medium,Married,8.0,,11,Yes,42365,196450,
2025,Rebecca Pierce,48.0,Male,Bachelor's,Operations,Full Stack Developer,8.0,5.0,No,Hybrid,Pune,Large,Single,7.0,45.0,1,No,209156,261438,
4931,Beth Berry,48.0,Male,,Marketing,Database Administrator,,1.0,Yes,Office,Ahmedabad,Large,Married,2.0,67.0,1,No,126617,106720,
1268,Melinda Rogers,24.0,Male,Diploma,Sales,Product Manager,3.0,3.0,No,Hybrid,Indore,Medium,Single,3.0,76.0,1,No,51712,119296,
932,Thomas Hanson,34.0,Male,Diploma,Administration,Sales Executive,14.0,2.0,No,Hybrid,Hyderabad,Medium,Single,2.0,92.0,11,Yes,177795,121833,
4702,Whitney Moore,24.0,Female,Bachelor's,Marketing,Data Analyst,3.0,5.0,No,Hybrid,Ghaziabad,Startup,Married,6.0,48.0,2,No,111629,89820,
1282,Angel Glover,36.0,Female,Bachelor's,Administration,ML Engineer,10.0,1.0,No,Hybrid,Indore,Startup,Divorced,6.0,52.0,8,No,198781,136784,
4176,Jennifer Hunter,24.0,Female,PhD,Research,Cyber Security Analyst,0.0,3.0,Yes,Remote,Ahmedabad,Medium,Married,4.0,64.0,0,No,78963,142767,
3861,David Taylor,25.0,Female,Master's,Administration,Product Manager,3.0,4.0,No,Hybrid,Bangalore,Medium,Single,6.0,77.0,3,No,58677,142042,
4903,Jonathan Huff,44.0,Male,Diploma,,Data Scientist,17.0,5.0,No,Hybrid,Lucknow,Medium,Married,8.0,57.0,17,No,50597,154486,
2241,Lynn Smith,31.0,Male,Diploma,Administration,Business Analyst,3.0,5.0,No,Hybrid,Mumbai,Medium,Married,2.0,92.0,2,Yes,147401,114746,
75,Jack Atkinson,46.0,Male,PhD,Administration,Data Scientist,8.0,5.0,Yes,Remote,Delhi,Medium,Married,0.0,100.0,2,No,177757,171884,
4305,Tony Nelson,32.0,Male,PhD,Finance,Frontend Developer,12.0,,No,Office,Indore,Medium,Married,1.0,66.0,2,No,198034,149476,
2965,Dr. Dominique Phillips DDS,52.0,Male,Bachelor's,Administration,Frontend Developer,5.0,3.0,No,Office,Delhi,Medium,Single,5.0,76.0,2,Yes,111540,115406,
4815,Mr. Cameron Hurst,54.0,Male,Diploma,Operations,Data Scientist,26.0,3.0,No,Remote,Ahmedabad,Startup,Married,5.0,97.0,0,No,174697,161734,
4118,James White,28.0,Male,Diploma,Marketing,Cloud Engineer,3.0,1.0,No,Remote,Chennai,Medium,Married,3.0,61.0,0,No,173751,103010,
4779,Jennifer Johnson,39.0,Female,Bachelor's,Finance,Project Manager,9.0,5.0,No,Remote,Noida,Startup,Single,,96.0,0,Yes,70655,154158,
4285,Melissa Green,33.0,Female,Bachelor's,IT,Software Engineer,13.0,3.0,No,Office,Delhi,Large,Single,10.0,50.0,13,No,64392,128206,
2869,Robert Austin,37.0,Male,Bachelor's,Sales,ML Engineer,5.0,,Yes,Hybrid,Lucknow,Enterprise,Divorced,5.0,49.0,2,Yes,186011,155496,
44,Melissa Logan,35.0,Male,Master's,Legal,ML Engineer,15.0,1.0,No,Office,Lucknow,Startup,Married,3.0,64.0,3,No,102152,146610,
2634,Elizabeth Estrada,48.0,Male,Bachelor's,Sales,HR Executive,24.0,1.0,No,Remote,Ghaziabad,Medium,Single,6.0,91.0,2,Yes,175385,159064,
3544,Jose Taylor,53.0,Male,High School,Administration,DevOps Engineer,16.0,1.0,No,Office,Ghaziabad,Startup,Single,3.0,99.0,3,No,193547,129123,
2158,Kelly Hall,47.0,Male,Master's,Operations,DevOps Engineer,16.0,3.0,No,Hybrid,Gurgaon,Startup,Single,5.0,98.0,10,No,170271,169379,
3611,Gene Sosa,48.0,Female,Bachelor's,Customer Support,Data Scientist,16.0,5.0,No,Hybrid,Delhi,Large,Married,5.0,66.0,1,No,23535,162477,
975,Linda Russell,33.0,Female,Bachelor's,Customer Support,Marketing Executive,4.0,2.0,Yes,Office,Delhi,Medium,Married,1.0,90.0,1,No,368460,294873,
2848,Elizabeth Atkins,30.0,Female,Master's,Operations,Cyber Security Analyst,4.0,3.0,No,Office,Gurgaon,Startup,Married,4.0,42.0,1,No,146887,112751,
1559,Kathy Dunn,59.0,Female,Bachelor's,Administration,HR Executive,9.0,1.0,No,Remote,Chennai,Large,Single,2.0,50.0,6,No,32022,95674,
4439,David Coleman,51.0,Female,Bachelor's,,QA Engineer,6.0,1.0,Yes,Remote,Gurgaon,Startup,Married,5.0,83.0,4,No,182736,103493,
1618,Tyler Smith,24.0,Female,Master's,Marketing,Data Engineer,2.0,2.0,Yes,Hybrid,Kolkata,Large,Single,7.0,61.0,1,No,147652,141394,
2291,Benjamin Smith,40.0,Male,,Legal,QA Engineer,2.0,2.0,No,,Pune,Large,Married,5.0,99.0,2,No,167953,104159,
2513,Joseph Lee,56.0,Male,Bachelor's,IT,Cyber Security Analyst,28.0,2.0,Yes,Remote,Indore,Large,Married,2.0,68.0,18,No,149935,197759,
4248,Jason Whitney,59.0,Male,Bachelor's,Sales,Backend Developer,,2.0,No,Remote,Noida,Medium,Married,,71.0,1,No,178468,153210,
617,Anthony Kennedy,58.0,Male,,Administration,Sales Manager,23.0,5.0,No,Hybrid,Faridabad,Medium,Single,5.0,,18,No,87594,187908,
1384,Michelle Wheeler,47.0,Male,Master's,HR,Frontend Developer,15.0,1.0,No,Hybrid,Ghaziabad,Medium,Married,10.0,54.0,1,No,129079,135196,
3432,Mr. Roger Daniel MD,25.0,Male,High School,Marketing,Data Scientist,1.0,2.0,Yes,Office,Delhi,Medium,Married,6.0,68.0,0,No,61566,109293,
2126,Jesse Murphy,57.0,Male,PhD,Finance,Accountant,4.0,1.0,No,Office,Ahmedabad,Medium,Married,7.0,,1,No,23340,128726,
347,Rita Callahan,54.0,Male,Master's,Legal,Business Analyst,12.0,3.0,No,,Delhi,Medium,Married,4.0,90.0,9,Yes,108741,150176,
233,James Matthews,57.0,Female,High School,Administration,QA Engineer,,3.0,Yes,Office,Pune,Medium,Married,3.0,91.0,0,No,173322,91801,
3979,Eduardo Hicks,25.0,Female,Master's,HR,ML Engineer,4.0,3.0,Yes,Hybrid,Kolkata,Medium,Married,7.0,46.0,4,No,101557,139695,
1504,James Clark,56.0,Male,Bachelor's,Legal,Backend Developer,12.0,4.0,Yes,Hybrid,Noida,Large,Single,0.0,99.0,2,No,73165,140046,
4060,David Waller,36.0,Male,Bachelor's,Customer Support,HR Manager,1.0,,Yes,Remote,Delhi,Medium,Married,3.0,82.0,1,No,135433,103237,
2276,Kaitlin Jordan,40.0,Male,Master's,Customer Support,Sales Executive,9.0,1.0,No,Office,Bangalore,Large,Single,5.0,82.0,0,No,57621,124190,
2549,Ashley Berger,51.0,Female,Bachelor's,Sales,Marketing Executive,11.0,5.0,No,Remote,Bangalore,Medium,Married,5.0,72.0,8,Yes,56376,131683,
283,Erik Hester,32.0,Female,Bachelor's,Finance,Sales Executive,9.0,5.0,Yes,Office,Mumbai,Enterprise,Married,5.0,96.0,3,No,29290,140146,
1006,Isaac Randolph,49.0,Female,Bachelor's,Sales,HR Executive,1.0,3.0,No,Hybrid,Gurgaon,Medium,Single,5.0,68.0,0,No,147240,80353,
3715,Chase Smith,29.0,Male,Bachelor's,Finance,HR Executive,3.0,4.0,No,Office,Indore,Large,Married,10.0,66.0,2,No,84796,103681,
1587,Carla Brown,31.0,Male,Diploma,IT,QA Engineer,1.0,4.0,No,Office,Lucknow,Medium,Married,2.0,60.0,0,No,133707,80776,
386,Ernest Brown,29.0,Male,Bachelor's,HR,DevOps Engineer,0.0,1.0,Yes,Office,Mumbai,Medium,Married,3.0,57.0,0,No,187856,97090,
1746,David Atkinson,39.0,Female,Bachelor's,Customer Support,Sales Executive,,2.0,No,Office,Ghaziabad,Enterprise,Single,9.0,43.0,3,No,76536,121120,
313,Paul Berg,60.0,Male,Diploma,Sales,HR Executive,31.0,,No,Office,Jaipur,Medium,Single,1.0,93.0,6,No,138686,163946,
2945,John Evans,57.0,Male,Bachelor's,Marketing,QA Engineer,3.0,5.0,No,Office,Chennai,Large,Married,,49.0,2,No,33650,101491,
947,Stephanie Lopez,33.0,Female,High School,Operations,DevOps Engineer,8.0,4.0,No,Hybrid,Bangalore,Startup,Single,8.0,50.0,7,No,60443,100786,
2088,Stephen Ferguson,36.0,Female,Diploma,Legal,Network Engineer,0.0,2.0,No,,Lucknow,Enterprise,Single,,77.0,0,No,35095,95738,
2917,Amber Little,27.0,Male,Bachelor's,Research,Product Manager,7.0,4.0,No,Office,Lucknow,Large,Single,10.0,90.0,2,No,144168,153784,
3679,Catherine Mcdowell,49.0,Female,Bachelor's,Marketing,Cloud Engineer,12.0,4.0,No,Office,Kolkata,Startup,Single,0.0,63.0,10,No,165662,123769,
3884,Lisa Rogers,60.0,Female,Bachelor's,IT,Network Engineer,7.0,1.0,No,Office,Lucknow,Enterprise,Married,0.0,93.0,4,No,130975,115332,
2601,Sarah Ross,51.0,Female,Bachelor's,Customer Support,Business Analyst,12.0,1.0,No,Office,Mumbai,Medium,Single,,79.0,5,No,61214,118727,
441,Mary Nguyen,34.0,Male,Bachelor's,IT,Frontend Developer,7.0,4.0,Yes,Remote,Delhi,Medium,Married,6.0,59.0,7,No,156824,115672,
302,David Smith,21.0,Male,High School,HR,Network Engineer,1.0,2.0,No,Remote,Mumbai,Large,Married,0.0,81.0,0,Yes,103791,93806,
1478,David Bean,56.0,Male,Bachelor's,Customer Support,Data Scientist,4.0,4.0,No,Office,Hyderabad,Large,Married,3.0,56.0,3,No,96206,122413,
4242,Melody Gray,46.0,Male,High School,Customer Support,DevOps Engineer,4.0,4.0,No,Office,Ahmedabad,Startup,Single,3.0,66.0,0,No,182292,95453,
4152,Rachel Trevino DVM,53.0,Female,PhD,Customer Support,QA Engineer,29.0,1.0,No,Office,Jaipur,Medium,Married,1.0,76.0,20,No,119293,201376,
3087,Anna Simmons,39.0,Male,Master's,Customer Support,Network Engineer,10.0,1.0,Yes,Office,Ghaziabad,Enterprise,Married,6.0,60.0,10,No,194821,146241,
1901,Francisco Bowen,40.0,Male,Diploma,Administration,Network Engineer,,5.0,No,Hybrid,Faridabad,Large,Single,3.0,48.0,5,Yes,166692,139184,
3478,Jason Johnson,37.0,Female,Bachelor's,Administration,HR Executive,16.0,4.0,Yes,Office,Noida,Enterprise,Married,3.0,93.0,9,No,26222,150543,
3504,Laura Wallace,58.0,Female,Master's,Administration,Cloud Engineer,28.0,1.0,No,Office,Chennai,Large,Single,3.0,84.0,0,Yes,135010,205686,
2238,Kathryn Richardson,34.0,Male,Diploma,Finance,QA Engineer,8.0,2.0,No,Hybrid,Bangalore,Large,Married,10.0,98.0,3,No,55757,116539,
745,Laura Mosley,23.0,Female,Bachelor's,Operations,Business Analyst,3.0,1.0,Yes,Hybrid,Chennai,Large,Married,6.0,51.0,1,No,166729,108279,
4770,Richard Bolton,55.0,Male,Master's,IT,Backend Developer,34.0,5.0,Yes,,Gurgaon,Large,Married,0.0,62.0,7,No,142431,216420,
4061,Thomas Donaldson,42.0,Female,Diploma,HR,Accountant,18.0,2.0,No,Remote,Indore,Medium,Single,3.0,54.0,13,No,160252,116001,
258,Shannon Cole,60.0,Male,Bachelor's,Customer Support,Cyber Security Analyst,23.0,2.0,Yes,Office,Ahmedabad,Medium,Married,4.0,87.0,14,No,89443,178620,
3024,Teresa Fox,30.0,Female,High School,HR,Data Scientist,10.0,5.0,No,Remote,Faridabad,Large,Married,0.0,85.0,3,Yes,76746,141054,
2670,Vincent Huynh,49.0,Female,Diploma,Customer Support,Software Engineer,18.0,3.0,Yes,Office,Kolkata,Medium,Single,6.0,84.0,11,No,93095,139473,
4031,Kristi Miller,27.0,Male,Diploma,Sales,QA Engineer,7.0,1.0,No,Hybrid,Faridabad,Medium,Married,3.0,89.0,3,No,56811,91246,
1692,Joshua Bailey,,Female,Master's,Sales,Frontend Developer,13.0,3.0,No,Hybrid,Indore,Enterprise,Single,5.0,68.0,10,Yes,20503,162061,
518,Karen Dixon,39.0,Female,Diploma,Marketing,Marketing Manager,7.0,2.0,No,Remote,Noida,Large,Single,1.0,81.0,0,Yes,187499,127655,
3321,Paul Morrow,22.0,Male,Master's,Customer Support,Full Stack Developer,2.0,4.0,Yes,,Hyderabad,Enterprise,Married,5.0,62.0,2,Yes,100501,155174,
555,Laura Torres,25.0,Male,Master's,Legal,Frontend Developer,4.0,5.0,No,Office,Mumbai,Startup,Married,5.0,86.0,4,Yes,130379,126051,
2700,Grace Turner,,Female,Diploma,Customer Support,QA Engineer,5.0,3.0,Yes,,Pune,Medium,Married,2.0,89.0,2,No,186909,104442,
3768,Susan Miller,30.0,Female,Master's,Legal,Accountant,0.0,5.0,Yes,Remote,Bangalore,Startup,Married,1.0,67.0,0,Yes,140744,109327,
152,Benjamin Patel,44.0,Female,Bachelor's,Administration,QA Engineer,0.0,4.0,No,Office,Gurgaon,Enterprise,Single,7.0,60.0,0,No,116019,106459,
2396,Jeanne Velez,44.0,Male,Bachelor's,Legal,Sales Executive,14.0,3.0,No,Hybrid,Noida,Enterprise,Single,5.0,98.0,5,No,57329,149956,
3780,Andrew Bush,31.0,Male,Master's,Operations,Project Manager,11.0,1.0,No,Hybrid,Mumbai,Large,Single,4.0,62.0,2,No,184581,156434,
4859,Maureen Cole,49.0,Male,High School,Operations,Sales Manager,5.0,,No,Hybrid,Delhi,Large,Divorced,1.0,92.0,0,No,163677,106960,
918,Ashley Brooks,25.0,Male,Bachelor's,IT,Full Stack Developer,3.0,2.0,No,Remote,Kolkata,Medium,Single,7.0,71.0,3,No,178178,105207,
531,Melissa Higgins,33.0,Male,Bachelor's,Administration,Marketing Executive,12.0,2.0,No,Office,Delhi,Medium,Single,9.0,94.0,2,No,88259,125346,
2119,Tanya Smith,34.0,Female,PhD,Customer Support,Business Analyst,10.0,1.0,No,Hybrid,Ghaziabad,Large,Divorced,0.0,81.0,0,No,169119,151044,
2801,Jeremy Payne,36.0,Male,Diploma,Legal,Database Administrator,11.0,1.0,No,Hybrid,Delhi,Startup,Married,7.0,40.0,9,No,115160,108497,
3202,Eric Fleming,43.0,Female,Bachelor's,HR,Business Analyst,16.0,,Yes,Remote,Bangalore,Large,Married,3.0,55.0,11,No,128521,153632,
3655,Brandon Roberts,46.0,Male,Diploma,,Data Engineer,9.0,5.0,No,Office,Mumbai,Medium,Single,6.0,51.0,2,Yes,115236,136688,
3648,Daniel Willis,,Male,Master's,Operations,ML Engineer,8.0,5.0,No,Hybrid,Delhi,Medium,Married,7.0,57.0,0,Yes,24719,168514,
1748,Jamie Murphy,29.0,Female,Master's,HR,Marketing Manager,9.0,5.0,No,Office,Mumbai,Startup,Single,8.0,96.0,7,No,73445,145631,
1091,Kaitlyn Butler,35.0,Male,Master's,Operations,Software Engineer,9.0,5.0,No,Hybrid,Faridabad,Medium,Married,6.0,97.0,5,No,164892,137938,
3892,Nicholas Barajas,31.0,Male,Bachelor's,Marketing,Frontend Developer,8.0,4.0,Yes,Office,Indore,Large,Single,2.0,44.0,3,Yes,65472,136693,
2080,Willie Robinson,30.0,Male,Bachelor's,Legal,Backend Developer,6.0,4.0,No,Office,Lucknow,Enterprise,Divorced,1.0,94.0,1,No,152910,131893,
1483,Justin Lee,52.0,Female,Master's,Legal,Project Manager,18.0,3.0,Yes,,Pune,Medium,Married,7.0,53.0,18,No,109854,181080,
3922,Brian Hall,44.0,Female,Diploma,,ML Engineer,9.0,4.0,Yes,Office,Gurgaon,Large,Single,0.0,75.0,5,Yes,65051,153066,
1998,Martin Durham,,Male,Master's,Sales,Sales Manager,5.0,,No,Remote,Gurgaon,Large,Single,5.0,53.0,0,No,90297,121215,
3270,Jessica Mcclain,,Male,High School,HR,Backend Developer,1.0,3.0,Yes,Office,Delhi,Medium,Single,2.0,,1,No,140029,86532,
3274,Mallory Barajas MD,59.0,Male,Bachelor's,HR,Sales Executive,17.0,2.0,No,Remote,Mumbai,Startup,Married,2.0,67.0,8,No,86327,118690,
3140,Juan Powell,55.0,Female,High School,Research,HR Manager,26.0,3.0,No,Remote,Bangalore,Medium,Married,0.0,68.0,18,No,42013,133082,
1825,Donald Martin,38.0,Male,Master's,Legal,Full Stack Developer,9.0,5.0,No,Remote,Chennai,Startup,Married,,41.0,4,Yes,123975,139863,
2256,Kenneth Guzman,57.0,Female,Diploma,IT,DevOps Engineer,15.0,1.0,No,Office,Chennai,Enterprise,Married,3.0,72.0,10,No,163703,154213,
1381,Ashley Hill,21.0,Male,Bachelor's,Sales,Sales Manager,0.0,1.0,Yes,Office,Mumbai,Medium,Single,3.0,49.0,0,No,49825,88951,
497,Steven Hughes,25.0,Female,Bachelor's,Sales,Finance Analyst,3.0,5.0,No,Office,Gurgaon,Startup,Married,6.0,57.0,0,No,135188,99898,
787,Clifford Espinoza,29.0,Male,Bachelor's,Finance,ML Engineer,0.0,3.0,No,Remote,Indore,Startup,Married,3.0,56.0,0,Yes,197501,120345,
1133,John Perez,23.0,Male,PhD,Customer Support,Project Manager,0.0,2.0,No,Office,Faridabad,Large,Married,5.0,61.0,0,No,109825,146151,
1936,Matthew Schroeder,56.0,Male,Master's,Marketing,Marketing Manager,1.0,2.0,No,Office,Lucknow,Medium,Single,1.0,62.0,0,No,184918,108999,
649,Jeremy Bailey,34.0,Male,Bachelor's,Marketing,Frontend Developer,2.0,3.0,Yes,Hybrid,Kolkata,Medium,Single,6.0,92.0,2,No,130733,104950,
756,Troy Lozano,54.0,Male,Bachelor's,Finance,HR Executive,33.0,3.0,Yes,Hybrid,Faridabad,Large,Single,1.0,65.0,7,Yes,196145,184861,
2527,Alicia Porter,49.0,Female,Bachelor's,Operations,Business Analyst,10.0,3.0,No,Hybrid,Bangalore,Large,Single,4.0,51.0,2,Yes,67141,133546,
3061,Jeremy Ponce,38.0,Female,High School,IT,Data Scientist,11.0,2.0,Yes,Office,Delhi,Large,Single,6.0,69.0,1,No,36944,140994,
1019,Mr. Patrick Garcia PhD,55.0,Female,Master's,Finance,Network Engineer,16.0,1.0,No,Office,Jaipur,Large,Married,0.0,75.0,16,No,24486,135530,
1369,Micheal Harris,52.0,Female,Master's,IT,Database Administrator,19.0,3.0,No,,Indore,Startup,Married,5.0,80.0,19,No,20860,155150,
576,Paul Cunningham,43.0,Female,,Operations,Product Manager,9.0,3.0,Yes,Hybrid,Faridabad,Medium,Single,4.0,40.0,1,Yes,110045,154875,
1425,Jacob Conner,44.0,Male,Master's,IT,Full Stack Developer,16.0,1.0,No,Office,Mumbai,Startup,Married,6.0,70.0,16,Yes,139571,152228,
3454,Miss Donna Franklin,46.0,Male,Bachelor's,IT,Cloud Engineer,,5.0,No,Hybrid,Noida,Medium,Single,7.0,55.0,19,No,354312,505824,
1859,Michael Cunningham,,Female,Diploma,Administration,Data Scientist,1.0,,No,Office,Pune,Medium,Married,0.0,,1,No,98554,100674,
934,Jacqueline Wright,21.0,Female,Bachelor's,Research,Marketing Executive,0.0,3.0,Yes,Remote,Lucknow,Large,Married,,,0,No,91333,101787,
1684,Jennifer Frazier,55.0,Female,Bachelor's,Marketing,Marketing Manager,8.0,,Yes,Office,Chennai,Startup,Married,7.0,58.0,7,Yes,35040,142264,
3607,Juan Sparks,52.0,Male,Bachelor's,Finance,Data Analyst,9.0,4.0,No,Office,Lucknow,Medium,Single,,62.0,1,No,34828,116925,
1052,Jordan Noble,32.0,Female,Bachelor's,Sales,QA Engineer,4.0,1.0,No,Hybrid,Bangalore,Enterprise,Single,2.0,87.0,0,No,107787,110155,
1571,Kelly Farley,42.0,Male,Bachelor's,IT,Frontend Developer,13.0,4.0,No,Hybrid,Gurgaon,Large,Married,6.0,72.0,2,No,41407,131078,
2872,Walter Hughes,59.0,Male,Bachelor's,Research,Finance Analyst,23.0,1.0,No,Remote,Ahmedabad,Medium,Single,3.0,73.0,18,Yes,65277,166078,
1652,James Rosales,40.0,Female,Diploma,Administration,HR Executive,5.0,2.0,No,Office,Indore,Medium,Married,0.0,48.0,5,No,49476,70305,
717,David White,33.0,Male,Diploma,IT,Data Analyst,7.0,5.0,Yes,,Chennai,Large,Single,7.0,58.0,5,No,130828,221258,
464,Kristen Hatfield,59.0,Female,Diploma,Finance,HR Executive,27.0,5.0,Yes,Hybrid,Noida,Medium,Single,9.0,48.0,0,No,74639,146302,
3180,David Johnson,37.0,Female,High School,Research,Project Manager,14.0,3.0,Yes,Office,Mumbai,Large,Married,3.0,89.0,4,No,114661,152926,
2703,Ryan Gentry,22.0,Female,Master's,IT,Backend Developer,,3.0,No,Remote,Bangalore,Startup,Single,3.0,96.0,0,No,151835,105287,
1624,Teresa Ray,60.0,Male,Diploma,Research,HR Manager,29.0,3.0,Yes,Office,Jaipur,Medium,Single,2.0,,0,No,189002,156926,
1961,Michelle Chandler,26.0,Female,Master's,Legal,Data Analyst,2.0,1.0,No,Hybrid,Gurgaon,Medium,Single,3.0,79.0,0,No,33755,98383,
1880,Tammy Gilbert,26.0,Female,Bachelor's,Research,Database Administrator,4.0,2.0,Yes,Remote,Chennai,Medium,Single,5.0,49.0,2,Yes,177042,122944,
941,Lance Wood,,Female,High School,Operations,Backend Developer,12.0,,No,Office,Ghaziabad,Medium,Single,3.0,79.0,6,No,60144,103538,
2819,Jasmine Jones,47.0,Male,High School,IT,Network Engineer,6.0,5.0,Yes,Hybrid,Ghaziabad,Large,Married,2.0,79.0,4,No,151729,119630,
1035,Renee Fitzgerald,27.0,Male,Bachelor's,Operations,Backend Developer,,5.0,Yes,Remote,Jaipur,Medium,Married,8.0,62.0,2,No,149189,117836,
738,Gina Porter,30.0,Male,Master's,Marketing,Backend Developer,3.0,1.0,No,Office,Bangalore,Large,Single,1.0,89.0,0,Yes,126998,129253,
1247,Michelle Lee,51.0,Male,Master's,Legal,Backend Developer,21.0,3.0,No,Remote,Delhi,Large,Married,4.0,53.0,9,No,64508,177882,
699,Cassandra Kidd,58.0,Male,Bachelor's,Marketing,DevOps Engineer,8.0,3.0,No,Office,Delhi,Startup,Single,1.0,86.0,7,No,189269,123968,
4708,David Boyd,47.0,Female,Master's,Administration,Cyber Security Analyst,26.0,3.0,Yes,,Bangalore,Medium,Single,4.0,76.0,18,No,102272,198220,
807,Brett Jackson,44.0,Male,Diploma,,Software Engineer,1.0,5.0,No,Office,Ahmedabad,Medium,Single,4.0,81.0,0,No,124472,97432,
2765,Hector Wilson,57.0,Male,Diploma,Sales,Marketing Manager,17.0,5.0,No,Office,Hyderabad,Large,Married,9.0,90.0,9,No,39511,161940,
1097,Dr. Connie Frey DDS,26.0,Female,Master's,Sales,Accountant,1.0,2.0,No,Hybrid,Lucknow,Medium,Divorced,10.0,62.0,0,No,29849,99216,
1558,Dr. Jeremy Oliver,27.0,Male,Bachelor's,Legal,Product Manager,4.0,1.0,Yes,Hybrid,Chennai,Large,Married,8.0,79.0,2,No,123820,144162,
3135,Anthony Nunez,25.0,Male,Bachelor's,Finance,QA Engineer,1.0,4.0,No,Remote,Ahmedabad,Medium,Married,8.0,95.0,0,No,170308,99322,
1890,Catherine Thompson,28.0,Male,Bachelor's,Administration,Sales Manager,6.0,5.0,No,Hybrid,Hyderabad,Enterprise,Married,,77.0,2,No,194851,148665,
2403,Jonathan Smith,51.0,Female,Master's,Administration,DevOps Engineer,2.0,4.0,No,Office,Gurgaon,Enterprise,Single,2.0,46.0,2,Yes,76723,141401,
2871,William Roberts,36.0,Male,Master's,Customer Support,Sales Executive,16.0,3.0,No,Hybrid,Gurgaon,Medium,Single,,69.0,12,No,71267,136723,
99,Alexis Herrera,39.0,Female,Bachelor's,Marketing,DevOps Engineer,15.0,,Yes,Office,Bangalore,Medium,Married,8.0,87.0,12,No,190954,152905,
1000,Gabriel Rodgers,44.0,Male,Bachelor's,IT,DevOps Engineer,16.0,5.0,Yes,Remote,Noida,Startup,Married,9.0,69.0,3,No,153866,171561,
2430,Gregory Delacruz,37.0,Female,PhD,HR,Project Manager,15.0,1.0,No,,Delhi,Medium,Divorced,,51.0,7,No,166138,178175,
1765,Andrew Reed,27.0,Male,Master's,Sales,Finance Analyst,5.0,5.0,No,Hybrid,Ghaziabad,Large,Single,9.0,63.0,2,Yes,147816,147222,
2714,Taylor Woodward,59.0,Male,Diploma,Finance,ML Engineer,,3.0,No,Hybrid,Mumbai,Enterprise,Single,5.0,100.0,13,No,69157,187176,
3215,Patrick Stevens,39.0,Male,Master's,Customer Support,Data Engineer,9.0,2.0,No,Office,Noida,Enterprise,Married,3.0,46.0,7,Yes,103955,164174,
4596,Suzanne Vasquez,60.0,Male,High School,Research,Cloud Engineer,11.0,5.0,No,Office,Indore,Large,Single,2.0,57.0,4,No,174960,127170,
1779,Anita Chandler,49.0,Male,Bachelor's,Sales,DevOps Engineer,7.0,1.0,No,Hybrid,Ghaziabad,Large,Single,2.0,43.0,1,No,119446,112310,
3356,Patricia Mccann,45.0,Male,,Sales,Cyber Security Analyst,2.0,2.0,Yes,Office,Kolkata,Enterprise,Single,3.0,70.0,1,Yes,131594,135362,
157,Charles Scott,48.0,Male,High School,Customer Support,Database Administrator,25.0,1.0,No,Hybrid,Noida,Large,Married,3.0,57.0,4,Yes,30651,169687,
3083,Rachel Lopez,25.0,Female,Diploma,Research,Frontend Developer,3.0,1.0,Yes,Remote,Ahmedabad,Startup,Married,7.0,47.0,2,Yes,48714,92493,
4227,Laura Schmidt,37.0,Male,Master's,Customer Support,Data Scientist,11.0,4.0,No,Hybrid,Hyderabad,Medium,Single,9.0,76.0,1,No,72779,161908,
1714,Teresa Morrison,50.0,Male,High School,Research,Sales Executive,24.0,1.0,No,Office,Chennai,Enterprise,Single,6.0,86.0,16,No,35266,159538,
1486,John Thomas,44.0,Female,Diploma,HR,Marketing Manager,19.0,2.0,No,Hybrid,Ghaziabad,Medium,Married,8.0,61.0,10,No,106549,142595,
2641,Andrew Garcia,60.0,Female,Bachelor's,Operations,Data Engineer,17.0,2.0,Yes,Office,Indore,Large,Married,0.0,96.0,15,No,56548,160576,
194,Steven Smith,44.0,Male,Bachelor's,HR,Marketing Manager,7.0,2.0,No,Hybrid,Delhi,Medium,Single,6.0,84.0,4,No,57044,116847,
2554,Daniel Alexander,56.0,Female,Diploma,IT,HR Manager,1.0,1.0,No,Office,Gurgaon,Medium,Single,1.0,83.0,1,No,102554,77151,
1194,James Schaefer,48.0,Female,Master's,Administration,Marketing Manager,10.0,1.0,No,Hybrid,Gurgaon,Medium,Married,6.0,89.0,6,Yes,113184,145079,
3961,Mr. Justin Lee DDS,58.0,Female,Master's,Administration,DevOps Engineer,19.0,3.0,Yes,Office,Jaipur,Medium,Married,1.0,49.0,19,No,91499,156284,
1175,Jodi Cruz,57.0,Male,Bachelor's,Research,Data Analyst,15.0,,No,Hybrid,Jaipur,Startup,Single,1.0,,5,No,85997,127252,
1585,Michele Henderson,46.0,Male,Master's,Operations,Marketing Executive,10.0,4.0,Yes,Hybrid,Mumbai,Medium,Married,2.0,74.0,7,No,59218,135226,
3515,Autumn Stewart,39.0,Female,Bachelor's,Research,Full Stack Developer,13.0,1.0,No,Hybrid,Indore,Large,Single,9.0,89.0,9,No,110135,140863,
208,Daniel Harris,,Male,Master's,,Finance Analyst,14.0,,No,Hybrid,Chennai,Large,Single,6.0,,4,No,82943,157987,
1446,Willie Smith,25.0,Female,Master's,Operations,Sales Manager,3.0,3.0,No,Hybrid,Bangalore,Startup,Single,6.0,83.0,1,Yes,83496,128218,
2661,Tracy Molina,21.0,Male,Bachelor's,HR,Marketing Executive,0.0,5.0,No,Remote,Faridabad,Medium,Single,0.0,46.0,0,No,54832,83541,
1081,Raymond Tyler,25.0,Female,Master's,Research,Software Engineer,2.0,5.0,No,Remote,Bangalore,Medium,Married,9.0,67.0,2,No,146121,119511,
4875,Kristin Solomon,30.0,Male,Master's,Customer Support,QA Engineer,1.0,2.0,Yes,Hybrid,Faridabad,Large,Divorced,0.0,85.0,1,No,86612,109368,
1524,Molly Morris,50.0,Female,Bachelor's,Sales,Cloud Engineer,20.0,3.0,No,Office,Mumbai,Enterprise,Married,5.0,43.0,5,No,34220,161466,
1960,Christina Thomas,,Female,High School,IT,Business Analyst,14.0,5.0,No,Office,Delhi,Medium,Married,4.0,76.0,3,No,161335,136681,
1817,Joseph Martinez,22.0,Male,Master's,Customer Support,Sales Manager,,4.0,Yes,Remote,Ghaziabad,Large,Single,10.0,60.0,0,No,108469,139432,
1689,Stephanie Schmidt,42.0,Female,Master's,Operations,HR Executive,13.0,2.0,No,Office,Mumbai,Medium,Single,10.0,68.0,6,Yes,40063,139872,
2563,Amanda Mcdonald,35.0,Male,Diploma,Legal,DevOps Engineer,,1.0,No,Hybrid,Faridabad,Startup,Single,2.0,81.0,2,No,178261,94740,
1418,Thomas Bennett,44.0,Female,High School,Sales,Business Analyst,16.0,5.0,No,Hybrid,Hyderabad,Enterprise,Married,2.0,60.0,7,No,65567,141040,
3364,Kristen Young,44.0,Male,Bachelor's,Research,Frontend Developer,0.0,3.0,Yes,Office,Mumbai,Large,Married,1.0,64.0,0,No,61364,99216,
4141,Nicholas Holloway,25.0,Male,PhD,Sales,Data Engineer,1.0,5.0,No,Remote,Kolkata,Startup,Married,6.0,55.0,1,No,196635,415689,
801,Margaret Miller,50.0,Male,Bachelor's,Sales,ML Engineer,21.0,3.0,Yes,Hybrid,Gurgaon,Startup,Single,9.0,73.0,19,No,21010,184670,
1989,Robert Burns,21.0,Male,Master's,IT,Product Manager,1.0,2.0,No,,Ahmedabad,Large,Married,6.0,79.0,0,No,189627,143906,
780,Michelle Harris,50.0,Male,Master's,Research,Data Scientist,19.0,2.0,No,Office,Lucknow,Large,Single,4.0,51.0,19,No,97670,163391,
3870,Jonathan Robertson,45.0,Male,Bachelor's,Marketing,Software Engineer,15.0,5.0,Yes,,Indore,Enterprise,Single,9.0,84.0,14,No,57238,159562,
3985,Douglas Richards,51.0,Female,Diploma,Marketing,Marketing Executive,13.0,1.0,Yes,Office,Noida,Medium,Married,4.0,84.0,3,No,67347,106784,
3424,Nicole Morgan,60.0,Male,Bachelor's,Legal,Frontend Developer,33.0,,Yes,Remote,Ahmedabad,Startup,Married,4.0,,0,No,31493,156970,
4552,Scott Browning,23.0,Female,Master's,Operations,Cloud Engineer,3.0,1.0,Yes,Hybrid,Ghaziabad,Large,Married,9.0,,0,No,148097,144059,
2758,Tracey Ingram,22.0,Male,Master's,Sales,HR Executive,2.0,1.0,No,Remote,Mumbai,Enterprise,Married,8.0,57.0,2,No,71239,109367,
2740,Michael Davis,36.0,Male,Master's,HR,HR Manager,5.0,2.0,No,Office,Hyderabad,Large,Married,0.0,81.0,1,No,157282,118571,
1056,Denise James,26.0,Female,Bachelor's,Operations,QA Engineer,5.0,2.0,Yes,Office,Mumbai,Large,Married,2.0,56.0,3,No,118972,101552,
3812,Amber Sanchez,28.0,Female,Master's,Legal,QA Engineer,5.0,2.0,No,Hybrid,Ahmedabad,Medium,Single,8.0,40.0,4,No,44421,111161,
4432,Alyssa Nelson,45.0,Female,Bachelor's,HR,Finance Analyst,25.0,3.0,No,Office,Hyderabad,Large,Married,5.0,,13,No,67507,155059,
2915,Sean Miller,49.0,Female,Master's,Operations,ML Engineer,4.0,1.0,Yes,Hybrid,Ahmedabad,Large,Married,5.0,79.0,3,No,121551,148048,
3832,Jill Johnson,43.0,Female,Bachelor's,Operations,Business Analyst,12.0,1.0,Yes,Office,Kolkata,Medium,Single,1.0,49.0,9,No,64598,114226,
582,Adam Meyer,30.0,Male,Bachelor's,Customer Support,QA Engineer,5.0,4.0,No,Hybrid,Mumbai,Large,Single,8.0,72.0,5,No,143852,118737,
1898,Jonathan Rogers,52.0,Female,Bachelor's,HR,Business Analyst,6.0,4.0,Yes,Remote,Mumbai,Large,Married,2.0,81.0,1,No,128385,123162,
1560,Alexis Washington,41.0,Male,Master's,Finance,Marketing Manager,9.0,1.0,Yes,Hybrid,Pune,Medium,Married,9.0,54.0,3,Yes,109000,157001,
2188,Anthony Smith PhD,49.0,Male,Master's,Customer Support,Finance Analyst,,5.0,No,Remote,Pune,Large,Married,6.0,93.0,7,No,120895,189237,
4347,Joshua Mitchell,35.0,Female,Diploma,Operations,Software Engineer,11.0,5.0,No,Office,Faridabad,Medium,Single,9.0,92.0,9,No,183725,129574,
376,Connie Martin,31.0,Female,Bachelor's,Customer Support,Data Scientist,7.0,5.0,Yes,Hybrid,Ghaziabad,Large,Single,9.0,85.0,6,No,69756,167070,
538,Gary Cochran PhD,38.0,Female,Bachelor's,Customer Support,HR Executive,14.0,1.0,Yes,Office,Indore,Startup,Married,4.0,86.0,14,Yes,99303,123199,
1640,Daniel Thompson,50.0,Female,Bachelor's,Sales,Marketing Executive,21.0,5.0,No,Office,Ghaziabad,Medium,Married,5.0,53.0,7,Yes,45319,152860,
2590,Katherine Cole,50.0,Male,Bachelor's,Marketing,Product Manager,14.0,2.0,Yes,Office,Ahmedabad,Large,Married,0.0,73.0,6,No,133204,158830,
2611,Brittany Clark,55.0,Male,Bachelor's,Marketing,Data Analyst,34.0,1.0,No,Remote,Ahmedabad,Large,Married,8.0,90.0,1,No,162535,190565,
1554,Andrea Roberson,33.0,Male,Master's,Research,QA Engineer,3.0,1.0,No,Remote,Gurgaon,Enterprise,Married,6.0,64.0,0,No,102386,123466,
4418,Johnny Norman,43.0,Female,Master's,HR,QA Engineer,18.0,2.0,No,Hybrid,Gurgaon,Medium,Married,5.0,60.0,2,No,193593,144290,
4250,Ronald Anderson,21.0,Female,Master's,Sales,Finance Analyst,1.0,,No,Hybrid,Mumbai,Medium,Single,4.0,100.0,0,No,111287,109774,
1420,Marcus Gibson,49.0,Female,High School,,HR Manager,28.0,3.0,No,Hybrid,Lucknow,Medium,Married,6.0,87.0,6,No,59875,147148,
248,Rebecca Mosley,24.0,Male,Diploma,Legal,Database Administrator,1.0,4.0,No,,Faridabad,Large,Divorced,9.0,99.0,0,Yes,24992,118955,
2405,Bradley Rodriguez,54.0,Male,Bachelor's,Operations,Full Stack Developer,0.0,2.0,No,Hybrid,Hyderabad,Enterprise,Married,10.0,52.0,0,Yes,167771,130196,
3324,Sandra Kim,59.0,Female,Diploma,Sales,Frontend Developer,19.0,1.0,Yes,Remote,Delhi,Medium,Married,8.0,68.0,6,No,117729,140604,
1370,Jason Schmitt,52.0,Female,Master's,IT,Cyber Security Analyst,26.0,5.0,No,Office,Gurgaon,Medium,Married,4.0,87.0,4,No,60963,207832,
608,Margaret Garcia,33.0,Male,Master's,Finance,Sales Executive,,4.0,Yes,Hybrid,Pune,Enterprise,Single,3.0,99.0,0,Yes,82613,152282,
4910,Michael Mayer,58.0,Male,Bachelor's,HR,Business Analyst,34.0,2.0,No,Hybrid,Lucknow,Large,Married,9.0,99.0,1,No,120306,187197,
4508,Julie Nelson,27.0,Male,Master's,IT,Data Engineer,4.0,4.0,No,Remote,Delhi,Startup,Divorced,10.0,76.0,2,No,126076,134912,
2161,Brooke Schroeder,49.0,Female,High School,Sales,Accountant,25.0,4.0,No,Hybrid,Mumbai,Large,Single,10.0,91.0,18,No,178817,154821,
4193,Terry Bailey,52.0,Male,Diploma,Research,Sales Executive,8.0,2.0,No,Hybrid,Indore,Startup,Single,7.0,79.0,6,No,118907,98465,
4856,Jennifer Garcia,43.0,Female,Master's,Sales,Cloud Engineer,19.0,2.0,No,Office,Kolkata,Medium,Married,6.0,58.0,6,No,197002,173363,
2438,Christy Smith,38.0,Female,Diploma,IT,Data Analyst,12.0,4.0,No,Office,Pune,Medium,Single,1.0,62.0,11,No,35117,111501,
3282,Anthony Martin,22.0,Female,High School,Finance,Finance Analyst,1.0,5.0,No,Remote,Hyderabad,Medium,Divorced,8.0,96.0,0,Yes,156401,108209,
3470,Becky Gentry,48.0,Male,,Sales,Accountant,11.0,,No,Hybrid,Kolkata,Large,Married,0.0,84.0,1,No,131955,129714,
3276,John Lee,50.0,Male,Master's,Sales,Cyber Security Analyst,10.0,4.0,Yes,Hybrid,Kolkata,Enterprise,Married,,63.0,5,No,105056,165356,
3991,Stephen Austin,49.0,Male,Diploma,Sales,Project Manager,3.0,,No,Hybrid,Hyderabad,Medium,Single,2.0,48.0,0,Yes,121562,111207,
1266,Brandon Chandler,43.0,Male,Master's,Marketing,Accountant,5.0,3.0,No,Hybrid,Noida,Startup,Single,2.0,81.0,3,No,175244,105580,
2846,David Phillips,52.0,Female,Diploma,Administration,Full Stack Developer,13.0,1.0,No,Remote,Ghaziabad,Startup,Single,7.0,93.0,6,No,171597,126162,
286,Lori Johnston,30.0,Male,Bachelor's,HR,Data Scientist,,3.0,Yes,Office,Ghaziabad,Large,Single,3.0,82.0,5,Yes,161382,165335,
4450,Thomas Hampton,21.0,Male,Bachelor's,HR,Project Manager,1.0,2.0,No,Office,Hyderabad,Startup,Single,9.0,53.0,0,No,115542,311736,
1745,Pamela Cain,58.0,Female,High School,Administration,Accountant,34.0,3.0,Yes,Hybrid,Noida,Startup,Single,2.0,100.0,14,Yes,93863,176619,
3785,Kimberly Jones,39.0,Male,Master's,Sales,Project Manager,18.0,1.0,No,Hybrid,Pune,Large,Married,3.0,44.0,18,No,193949,160739,
4889,Tara Brown,47.0,Female,Master's,Research,Data Engineer,12.0,3.0,Yes,Office,Delhi,Large,Single,2.0,95.0,3,No,114464,172626,
338,Darryl Lee,41.0,Female,Diploma,Legal,QA Engineer,19.0,5.0,No,Office,Ghaziabad,Large,Single,6.0,59.0,6,No,131001,143593,
3886,Erin Robertson,21.0,Female,Diploma,Sales,HR Manager,1.0,2.0,No,Office,Ghaziabad,Medium,Married,4.0,46.0,0,Yes,161185,94631,
974,Michelle Shannon,47.0,Female,High School,Finance,Database Administrator,25.0,4.0,No,Office,Pune,Medium,Single,7.0,92.0,16,No,141691,162478,
1312,Donald Haley,26.0,Female,High School,IT,Project Manager,5.0,1.0,No,Hybrid,Bangalore,Medium,Married,10.0,74.0,2,No,199715,109538,
945,Edwin Villanueva,29.0,Male,Diploma,Research,Sales Executive,9.0,1.0,No,Hybrid,Pune,Enterprise,Single,6.0,46.0,3,No,142790,108361,
50,Ronald Taylor,57.0,Female,Diploma,Marketing,Data Analyst,13.0,5.0,Yes,Hybrid,Lucknow,Medium,Married,8.0,57.0,7,No,180359,130149,
293,Rebecca Galloway,28.0,Female,Diploma,Sales,Finance Analyst,6.0,,Yes,Hybrid,Ahmedabad,Enterprise,Single,4.0,96.0,6,Yes,73473,151204,
2505,Stacey Cox,44.0,Male,Bachelor's,Finance,Data Scientist,17.0,1.0,No,Hybrid,Gurgaon,Medium,Married,,65.0,10,No,79816,150122,
3723,Christopher Peters,24.0,Female,PhD,HR,HR Manager,3.0,4.0,No,Office,Delhi,Medium,Single,6.0,100.0,0,No,25345,135492,
4024,Melissa Cruz,60.0,Female,Bachelor's,Administration,Software Engineer,1.0,1.0,Yes,Hybrid,Gurgaon,Startup,Single,,52.0,1,Yes,48761,102024,
4332,Jerome Carrillo,27.0,Male,Bachelor's,Legal,Finance Analyst,5.0,4.0,No,Office,Gurgaon,Large,Married,8.0,61.0,2,No,106479,114146,
1681,Michael Williams,28.0,Male,Bachelor's,HR,Finance Analyst,5.0,5.0,No,Hybrid,Kolkata,Enterprise,Married,5.0,92.0,0,No,140124,132501,
2951,Ethan Williams,39.0,Male,Bachelor's,Administration,Sales Manager,7.0,,No,Office,Mumbai,Medium,Married,9.0,74.0,7,No,153167,131076,
506,Joseph Day,53.0,Male,Diploma,Legal,Marketing Manager,26.0,3.0,No,Office,Indore,Medium,Married,7.0,47.0,5,No,39937,144970,
2581,Erica Richardson,50.0,Male,,IT,Cyber Security Analyst,2.0,1.0,No,Office,Lucknow,Startup,Married,5.0,70.0,0,No,95496,87462,
3167,Kimberly Esparza,29.0,Male,Master's,Customer Support,Data Scientist,9.0,2.0,No,Hybrid,Ghaziabad,Large,Married,8.0,59.0,8,No,74702,153638,
3714,Elizabeth Rodriguez,46.0,Female,Bachelor's,Sales,Marketing Executive,15.0,3.0,No,,Kolkata,Large,Married,2.0,43.0,12,No,183348,132155,
3644,Richard Collins,54.0,Male,Master's,Operations,Backend Developer,10.0,4.0,Yes,Remote,Faridabad,Medium,Married,0.0,94.0,3,Yes,163065,157517,
4265,Zachary Cochran,46.0,Female,Master's,IT,Business Analyst,15.0,2.0,No,Hybrid,Mumbai,Large,Married,5.0,,1,Yes,30917,162605,
1730,Tabitha Adams,43.0,Male,Bachelor's,Legal,Backend Developer,9.0,1.0,Yes,Office,Kolkata,Medium,Single,9.0,96.0,8,No,23228,121447,
2953,Bailey Norman,31.0,Female,Diploma,HR,Product Manager,7.0,2.0,No,Hybrid,Kolkata,Large,Single,10.0,53.0,3,Yes,105419,154842,
2363,Derrick Humphrey,51.0,Male,Bachelor's,Sales,Cloud Engineer,9.0,4.0,No,Hybrid,Kolkata,Large,Single,0.0,90.0,0,Yes,39432,149892,
1033,Thomas Thomas,35.0,Female,,Customer Support,QA Engineer,2.0,1.0,No,Office,Bangalore,Startup,Married,6.0,45.0,1,No,35804,74974,
2631,Jodi Riggs,26.0,Male,Master's,Administration,Marketing Manager,4.0,4.0,Yes,Hybrid,Jaipur,Enterprise,Married,10.0,48.0,2,No,69326,152525,
2060,Heather Stephens,45.0,Female,Bachelor's,Finance,Sales Manager,5.0,4.0,No,Hybrid,Bangalore,Large,Married,7.0,75.0,1,Yes,175149,132353,
597,Mark Sanchez,39.0,Female,Master's,Marketing,Network Engineer,11.0,1.0,Yes,Hybrid,Hyderabad,Large,Married,10.0,51.0,3,No,26021,148046,
4401,Felicia Montgomery,29.0,Male,High School,Sales,HR Executive,4.0,5.0,Yes,Office,Hyderabad,Medium,Divorced,2.0,96.0,4,No,91116,94354,
1031,Andre Nelson,28.0,Male,Master's,IT,Product Manager,4.0,1.0,Yes,Hybrid,Lucknow,Large,Married,1.0,51.0,0,No,174440,137890,
1121,Jason Stevens,29.0,Male,Master's,Marketing,Cloud Engineer,1.0,4.0,No,Office,Ahmedabad,Large,Married,0.0,69.0,0,No,158480,125482,
3637,Zachary Wright,50.0,Male,Master's,Research,Database Administrator,17.0,2.0,Yes,Office,Faridabad,Medium,Married,4.0,87.0,0,No,134850,156517,
1982,Sandra Swanson,27.0,Female,Diploma,Legal,Marketing Executive,0.0,5.0,Yes,Hybrid,Faridabad,Medium,Married,4.0,88.0,0,No,60200,94710,
3047,Bonnie Fox,60.0,Female,Bachelor's,Research,Software Engineer,23.0,3.0,No,Hybrid,Noida,Large,Married,2.0,46.0,9,Yes,37176,159377,
839,Austin Welch,28.0,Male,Bachelor's,Research,Cyber Security Analyst,7.0,5.0,Yes,Hybrid,Chennai,Startup,Married,8.0,67.0,7,No,119423,131672,
1583,Mr. Lance Griffin III,22.0,Female,Master's,Research,Sales Executive,1.0,5.0,No,Office,Bangalore,Medium,Married,9.0,85.0,0,No,90774,114612,
848,Christian Carroll,34.0,Female,Bachelor's,,Sales Manager,6.0,1.0,No,Office,Jaipur,Large,Single,8.0,100.0,0,Yes,75535,135584,
4290,Rachel Pratt,,Female,High School,Finance,Sales Executive,2.0,1.0,No,Hybrid,Hyderabad,Medium,Married,3.0,,1,Yes,190324,75814,
2555,Ronald James,44.0,Male,Diploma,Operations,Cyber Security Analyst,0.0,2.0,No,Hybrid,Hyderabad,Enterprise,Married,2.0,57.0,0,No,47807,100520,
3230,Thomas Martinez,55.0,Female,,Customer Support,HR Executive,28.0,1.0,No,Remote,Pune,Startup,Married,1.0,77.0,18,Yes,189279,163097,
4781,Tina Golden,51.0,Female,Master's,IT,Accountant,1.0,4.0,No,Remote,Bangalore,Large,Single,6.0,,0,No,91191,106138,
3865,Stacey Rodriguez,41.0,Male,Bachelor's,Marketing,Sales Executive,16.0,2.0,Yes,Office,Ghaziabad,Large,Divorced,10.0,77.0,4,No,195942,138545,
2486,Leslie Herrera,60.0,Male,Bachelor's,Customer Support,Sales Executive,22.0,4.0,No,Hybrid,Kolkata,Enterprise,Single,6.0,64.0,11,Yes,33408,164550,
3994,Amy Wise,33.0,Male,Diploma,Legal,Marketing Manager,3.0,5.0,Yes,Office,Faridabad,Large,Married,7.0,69.0,2,No,134600,124194,
3045,Jeremy Williams,27.0,Female,Bachelor's,,DevOps Engineer,4.0,3.0,Yes,Office,Pune,Medium,Single,6.0,51.0,2,No,125249,120820,
4553,Paul Conrad,49.0,Female,Diploma,IT,QA Engineer,21.0,1.0,No,Hybrid,Noida,Startup,Divorced,6.0,40.0,13,No,39493,124702,
1215,Daniel Lara,48.0,Female,Master's,Administration,Database Administrator,24.0,2.0,No,Office,Jaipur,Medium,Single,5.0,75.0,0,Yes,65311,172352,
3653,Robert Nguyen,53.0,Male,Diploma,Marketing,Project Manager,9.0,1.0,No,Hybrid,Faridabad,Medium,Married,5.0,100.0,0,No,102847,124258,
2001,Christian Reyes,55.0,Male,Bachelor's,IT,Cyber Security Analyst,12.0,2.0,Yes,Office,Kolkata,Medium,Single,0.0,65.0,7,No,36771,134458,
1170,Ronald Hall DDS,,Female,Bachelor's,Finance,Accountant,1.0,1.0,No,Remote,Lucknow,Startup,Married,7.0,86.0,1,No,128406,77537,
3858,Troy Castro,59.0,Female,Master's,Administration,Sales Executive,32.0,2.0,No,,Faridabad,Startup,Married,3.0,68.0,4,No,46346,179186,
1110,Christian Velasquez,22.0,Female,Master's,Operations,QA Engineer,1.0,3.0,Yes,Remote,Indore,Medium,Married,,77.0,1,No,54173,116084,
2875,Dana Black,46.0,Male,,Legal,Database Administrator,12.0,1.0,Yes,Office,Jaipur,Startup,Single,9.0,73.0,7,Yes,36551,147576,
1414,Victoria Robinson,60.0,Male,Bachelor's,Customer Support,Database Administrator,6.0,3.0,Yes,Hybrid,Chennai,Enterprise,Single,10.0,60.0,0,No,34927,141070,
3146,Heather Lawson,58.0,Male,Master's,Administration,Software Engineer,23.0,,No,Remote,Kolkata,Medium,Married,5.0,71.0,11,No,99828,171229,
3630,Elizabeth Brown,28.0,Male,Diploma,Legal,ML Engineer,2.0,4.0,Yes,Hybrid,Indore,Medium,Married,7.0,68.0,1,Yes,46319,134199,
2797,Jeffrey Wilson,30.0,Male,High School,IT,Backend Developer,10.0,1.0,Yes,Hybrid,Kolkata,Large,Single,9.0,80.0,0,No,168212,120297,
4541,Allison Miller,56.0,Female,High School,Customer Support,Cyber Security Analyst,0.0,1.0,Yes,Remote,Ghaziabad,Startup,Single,6.0,77.0,0,No,37622,88667,
4531,David Patterson,30.0,Female,Master's,Sales,Database Administrator,5.0,3.0,Yes,Office,Faridabad,Enterprise,Divorced,10.0,84.0,1,No,111784,151564,
1887,Amanda Bowman,22.0,Male,Diploma,Finance,Accountant,1.0,2.0,No,Office,Bangalore,Medium,Single,6.0,87.0,1,No,187454,77803,
2436,Shawn Miller,29.0,Female,Bachelor's,IT,Data Analyst,3.0,4.0,No,Office,Pune,Startup,Married,8.0,47.0,0,Yes,91863,97355,
1568,Suzanne Watson,54.0,Female,Master's,IT,Network Engineer,23.0,2.0,No,Office,Faridabad,Large,Single,5.0,72.0,6,No,189820,180018,
1860,Jesse Underwood,,Male,PhD,Sales,Cloud Engineer,11.0,3.0,No,Office,Gurgaon,Medium,Married,6.0,50.0,0,No,20909,162112,
4307,Kim Butler,59.0,Male,Bachelor's,Sales,Accountant,23.0,1.0,No,Office,Ghaziabad,Startup,Single,4.0,56.0,20,No,140204,128484,
778,Justin Parrish,49.0,Male,Bachelor's,IT,Cloud Engineer,3.0,3.0,No,Office,Jaipur,Medium,Married,9.0,80.0,1,No,26563,121248,
4083,Tony Brown,22.0,Male,Master's,,Sales Manager,2.0,4.0,Yes,Hybrid,Indore,Medium,Married,9.0,70.0,1,No,134267,131076,
1832,Rodney Burch,31.0,Female,Master's,Legal,Network Engineer,6.0,3.0,No,Remote,Chennai,Large,Married,4.0,45.0,0,No,176896,124094,
3678,Jocelyn Luna,54.0,Female,High School,HR,QA Engineer,12.0,2.0,No,Hybrid,Delhi,Large,Married,1.0,77.0,1,No,60591,108968,
1034,James Perez,48.0,Male,Bachelor's,Research,DevOps Engineer,22.0,2.0,Yes,Office,Hyderabad,Medium,Single,0.0,49.0,0,No,61514,163574,
2512,Kristi Jacobs,26.0,Female,Bachelor's,Legal,Data Analyst,4.0,3.0,Yes,Office,Ahmedabad,Large,Single,3.0,44.0,1,Yes,131208,119852,
607,Sally Wilkins,54.0,Male,Bachelor's,Operations,Finance Analyst,16.0,2.0,No,Hybrid,Indore,Enterprise,Married,,71.0,12,No,84814,153344,
4394,Lisa Hamilton,47.0,Female,Bachelor's,IT,Backend Developer,6.0,3.0,No,Hybrid,Chennai,Medium,Single,4.0,,3,No,143565,109410,
928,Jason Morris,51.0,Female,High School,IT,Product Manager,15.0,2.0,No,Office,Ghaziabad,Startup,Single,5.0,53.0,9,No,164408,138285,
2504,Mary Brown,46.0,Female,Bachelor's,Marketing,Data Engineer,2.0,2.0,No,Office,Noida,Medium,Married,1.0,88.0,1,No,146277,112804,
1488,Roy Cobb,45.0,Female,High School,Customer Support,DevOps Engineer,21.0,,No,Office,Ghaziabad,Medium,Married,10.0,,3,Yes,166528,172326,
4111,Joseph Cox,38.0,Female,Bachelor's,Legal,Backend Developer,2.0,,Yes,Office,Chennai,Medium,Married,9.0,82.0,2,Yes,160454,127826,
2361,Jennifer Wilkerson,27.0,Male,,Finance,Database Administrator,2.0,3.0,No,Office,Kolkata,Startup,Single,2.0,90.0,0,No,41999,91364,
38,Brent Tyler,54.0,Male,Bachelor's,IT,Sales Manager,2.0,4.0,No,Remote,Mumbai,Large,Married,6.0,54.0,0,No,188513,109124,
1415,Jacob Arnold,55.0,Male,Bachelor's,Sales,Business Analyst,33.0,4.0,No,Remote,Chennai,Large,Married,10.0,51.0,10,No,141411,204947,
3191,Shannon Weber,27.0,Female,,Research,Backend Developer,3.0,3.0,No,Office,Bangalore,Startup,Married,9.0,55.0,3,No,29305,126681,
2145,Courtney Santiago,28.0,Female,Diploma,IT,Full Stack Developer,7.0,2.0,No,Office,Lucknow,Medium,Married,0.0,49.0,0,No,132453,99701,
4489,Trevor Baker,,Female,High School,Finance,Cyber Security Analyst,14.0,4.0,No,Remote,Lucknow,Large,Married,7.0,47.0,7,No,139141,140273,
3362,Susan Anderson,60.0,Male,Diploma,Operations,Accountant,7.0,2.0,No,Hybrid,Faridabad,Enterprise,Single,2.0,97.0,5,Yes,60641,116958,
70,Charlene Fleming,28.0,Male,Master's,HR,Accountant,1.0,3.0,Yes,Remote,Delhi,Large,Single,1.0,42.0,0,No,171734,99003,
4771,Lindsay Stephens,,Male,Master's,Research,Accountant,3.0,3.0,No,Hybrid,Bangalore,Medium,Single,6.0,94.0,2,Yes,73644,126011,
3194,Jason Garcia,56.0,Female,Diploma,Legal,Data Engineer,30.0,5.0,No,Office,Ahmedabad,Large,Married,1.0,43.0,1,Yes,47722,200384,
2832,Brian Phelps,27.0,Female,Diploma,Administration,Sales Executive,2.0,5.0,Yes,Remote,Indore,Startup,Married,,44.0,0,Yes,198036,98325,
290,William Phillips,35.0,Female,,Operations,HR Manager,1.0,3.0,Yes,Hybrid,Bangalore,Medium,Single,10.0,70.0,1,No,61850,94891,
3209,Jill Mcdaniel,56.0,Female,High School,HR,Data Scientist,21.0,1.0,No,Office,Jaipur,Medium,Married,8.0,72.0,16,No,84694,164504,
685,Sandra Owens,47.0,Male,High School,HR,Sales Executive,12.0,1.0,No,Hybrid,Noida,Enterprise,Single,7.0,,5,Yes,94474,130736,
2071,Christine Jacobs,43.0,Male,Bachelor's,Sales,Software Engineer,22.0,4.0,No,Hybrid,Hyderabad,Large,Married,8.0,84.0,12,No,114964,176641,
1465,Michael Morgan,56.0,Female,Bachelor's,Sales,Cyber Security Analyst,27.0,,Yes,Office,Indore,Medium,Married,9.0,,10,No,180344,164935,
1805,Jason Brady,24.0,Female,,IT,Cloud Engineer,1.0,3.0,No,Office,Kolkata,Large,Married,6.0,,1,Yes,122992,123116,
19,Kelly Carlson,59.0,Female,Master's,Finance,HR Manager,28.0,1.0,No,Office,Hyderabad,Medium,Married,0.0,47.0,13,No,107922,162255,
4636,Robert Barrett,52.0,Female,Diploma,Operations,Business Analyst,10.0,3.0,Yes,Office,Lucknow,Startup,Single,5.0,46.0,10,No,33828,107831,
4920,Jo Wood,22.0,Male,High School,Administration,Project Manager,1.0,3.0,No,Remote,Bangalore,Large,Single,4.0,70.0,1,No,183184,105684,
4746,John Hunter,39.0,Female,Master's,Operations,Marketing Manager,5.0,5.0,No,Remote,Faridabad,Startup,Single,6.0,83.0,2,No,135095,130254,
3481,Scott Becker,48.0,Female,Master's,HR,Frontend Developer,21.0,2.0,Yes,Hybrid,Delhi,Startup,Married,10.0,50.0,18,No,47395,173939,
1321,Steven Smith,26.0,Female,Bachelor's,IT,Data Engineer,5.0,4.0,No,Hybrid,Bangalore,Large,Single,4.0,69.0,5,No,183301,136187,
1195,Martha Green,46.0,Male,High School,Finance,Software Engineer,1.0,1.0,No,Hybrid,Lucknow,Enterprise,Married,9.0,44.0,0,No,88326,97257,
1126,Edwin Wong,41.0,Male,PhD,Administration,Cyber Security Analyst,6.0,2.0,No,Hybrid,Kolkata,Large,Married,9.0,62.0,6,No,187248,162011,
2573,Ryan Wright,56.0,Male,,Marketing,Sales Manager,12.0,4.0,Yes,,Ahmedabad,Large,Married,7.0,67.0,7,No,167384,145999,
602,Jennifer Nelson,32.0,Male,,,Database Administrator,4.0,4.0,No,Remote,Indore,Medium,Married,1.0,45.0,0,No,135192,114185,
2793,Angela Johnston,42.0,Female,Diploma,Sales,Project Manager,3.0,3.0,No,Hybrid,Indore,Large,Married,10.0,64.0,1,No,50071,119832,
229,Michelle Jackson,55.0,Female,,Legal,Finance Analyst,2.0,,Yes,Hybrid,Gurgaon,Medium,Married,10.0,64.0,2,No,184490,107182,
1372,Stephanie Jenkins,56.0,Male,Bachelor's,HR,Cloud Engineer,29.0,1.0,Yes,,Ahmedabad,Startup,Married,6.0,74.0,10,No,84206,183108,
4964,Brandy Rodriguez,40.0,Male,Master's,Operations,Cloud Engineer,15.0,5.0,Yes,Office,Ghaziabad,Medium,Single,5.0,61.0,11,Yes,98025,193253,
4316,Linda Perkins,44.0,Female,Bachelor's,Operations,HR Executive,,5.0,No,,Ghaziabad,Medium,Married,3.0,49.0,8,No,146354,138475,
4692,Allison Patel,35.0,Male,Bachelor's,Legal,Network Engineer,6.0,3.0,Yes,Office,Bangalore,Enterprise,Single,8.0,,1,No,175985,138626,
3575,Becky Hunt,60.0,Male,High School,Finance,Full Stack Developer,2.0,5.0,No,Office,Bangalore,Medium,Married,0.0,83.0,0,No,68912,96293,
1898,Jonathan Rogers,52.0,Female,Bachelor's,HR,Business Analyst,6.0,4.0,Yes,Remote,Mumbai,Large,Married,2.0,81.0,1,No,128385,123162,
1534,Belinda Mcmillan,60.0,Male,Bachelor's,Sales,Frontend Developer,14.0,3.0,No,Remote,Ahmedabad,Startup,Single,7.0,66.0,10,No,169803,123873,
2366,Michelle Davis,56.0,Male,Bachelor's,IT,Data Analyst,26.0,2.0,No,Remote,Ahmedabad,Large,Married,6.0,75.0,6,Yes,134301,175251,
3493,Steven Bowman,40.0,Female,Master's,IT,Frontend Developer,3.0,4.0,No,Hybrid,Pune,Large,Single,3.0,57.0,0,No,194916,111722,
3150,Tara Sanders,27.0,Male,High School,Marketing,Data Analyst,5.0,2.0,No,Hybrid,Chennai,Medium,Single,10.0,67.0,2,No,49812,86222,
1118,Parker Warner,,Female,Bachelor's,Customer Support,Cloud Engineer,9.0,4.0,Yes,Hybrid,Delhi,Large,Married,3.0,85.0,8,No,29967,149173,
2246,Jennifer David,27.0,Male,Bachelor's,Research,Network Engineer,6.0,1.0,No,Office,Kolkata,Large,Married,1.0,87.0,6,No,166840,112699,
1252,Douglas Estes,31.0,Female,Bachelor's,Administration,Software Engineer,10.0,4.0,No,Office,Noida,Enterprise,Single,3.0,60.0,9,No,112305,137070,
1602,Christopher Williams,53.0,Female,Diploma,Operations,Frontend Developer,0.0,2.0,Yes,Office,Lucknow,Medium,Single,10.0,,0,No,128312,101582,
1113,Theodore Garrett,,Male,Bachelor's,Operations,Full Stack Developer,2.0,2.0,Yes,Hybrid,Jaipur,Large,Married,5.0,64.0,1,No,56232,111869,
2273,Robert Edwards,53.0,Female,Diploma,Legal,Cloud Engineer,16.0,1.0,No,Office,Ghaziabad,Medium,Single,4.0,51.0,6,Yes,75076,142309,
900,Amanda George,27.0,Female,Bachelor's,Operations,HR Manager,0.0,5.0,No,Hybrid,Pune,Large,Single,3.0,,0,Yes,136801,111259,
4686,Victoria Mckinney,46.0,Female,High School,Research,Frontend Developer,17.0,1.0,Yes,Office,Gurgaon,Medium,Single,6.0,51.0,1,Yes,179609,127260,
262,Gloria Clark,37.0,Male,Bachelor's,Operations,Marketing Manager,8.0,3.0,No,Office,Hyderabad,Medium,Divorced,2.0,48.0,6,No,82993,111845,
4618,Daniel Stevens,46.0,Male,PhD,Finance,Data Scientist,,3.0,No,Remote,Noida,Startup,Married,9.0,57.0,1,No,154005,161904,
3636,Melissa Elliott,53.0,Female,Diploma,HR,HR Executive,3.0,1.0,No,Office,Noida,Startup,Single,2.0,43.0,2,No,31036,59403,
2933,Mary Price,40.0,Female,High School,IT,DevOps Engineer,12.0,5.0,No,Hybrid,Ghaziabad,Medium,Married,3.0,97.0,2,Yes,94920,144691,
1210,Matthew Murillo,49.0,Female,Master's,HR,Finance Analyst,8.0,5.0,No,,Bangalore,Medium,Single,0.0,,2,No,65221,129252,
4301,Jack Ayers,48.0,Male,Master's,IT,Accountant,12.0,4.0,Yes,Remote,Ahmedabad,Enterprise,Single,7.0,87.0,9,No,185082,164396,
495,Heather Franklin,34.0,Male,High School,Finance,HR Executive,11.0,3.0,Yes,Hybrid,Mumbai,Startup,Married,6.0,93.0,5,No,94723,100623,
4223,Cynthia Morris,49.0,Male,Bachelor's,Legal,Software Engineer,25.0,3.0,Yes,Remote,Mumbai,Startup,Single,10.0,68.0,18,No,139768,175951,
2646,Nicholas Mitchell,40.0,Male,Diploma,Operations,HR Executive,,2.0,No,Hybrid,Hyderabad,Large,Single,0.0,71.0,3,No,196326,84340,
1391,Tina Nash,46.0,Male,Bachelor's,Customer Support,Network Engineer,26.0,1.0,No,Hybrid,Lucknow,Medium,Married,10.0,85.0,18,No,42454,169661,
2184,Frank Avila,23.0,Male,Bachelor's,Sales,HR Executive,2.0,3.0,No,Office,Ahmedabad,Medium,Married,4.0,85.0,1,No,140996,86369,
916,Michael Mooney,54.0,Male,Bachelor's,IT,ML Engineer,22.0,2.0,No,Office,Ahmedabad,Large,Single,1.0,73.0,15,No,64261,169126,
776,Heidi King DDS,44.0,Female,High School,Customer Support,HR Manager,6.0,1.0,Yes,Office,Noida,Medium,Single,7.0,50.0,5,No,44956,90058,
5000,Larry Boyd,52.0,Female,Master's,,Database Administrator,12.0,1.0,No,Office,Noida,Medium,Married,10.0,63.0,9,No,188956,141367,
2615,Lauren Ryan,58.0,Female,Master's,Operations,HR Manager,10.0,4.0,No,Remote,Faridabad,Medium,Married,7.0,99.0,8,Yes,85283,155419,
1208,Kevin Rocha,26.0,Female,Master's,Research,Data Engineer,6.0,5.0,No,Hybrid,Bangalore,Medium,Married,6.0,57.0,4,No,88201,139204,
2625,Philip Sullivan,31.0,Male,Master's,Research,Cloud Engineer,9.0,3.0,No,Hybrid,Pune,Medium,Married,3.0,48.0,4,Yes,193448,153345,
328,Gary Scott DVM,37.0,Female,Bachelor's,Legal,Cyber Security Analyst,17.0,5.0,No,Remote,Pune,Startup,Married,9.0,87.0,4,No,152624,153325,
4461,Brianna Lee,36.0,Male,Diploma,Legal,HR Executive,10.0,5.0,Yes,Remote,Mumbai,Large,Single,9.0,,5,No,155303,132854,
3612,Keith Rivera,53.0,Male,Bachelor's,Administration,DevOps Engineer,28.0,4.0,No,Hybrid,Hyderabad,Enterprise,Single,0.0,71.0,20,No,60624,206708,
1122,Adam Simpson,45.0,Male,PhD,Research,Finance Analyst,,1.0,No,Office,Bangalore,Medium,Single,,57.0,1,No,66647,109073,
4979,Dominic Ferguson,54.0,Female,Bachelor's,IT,Full Stack Developer,13.0,5.0,No,Office,Bangalore,Medium,Married,3.0,78.0,8,No,50113,142438,
1950,Andrea Carpenter,45.0,Female,Diploma,Finance,Sales Executive,24.0,2.0,No,Office,Noida,Medium,Single,5.0,51.0,20,No,136189,129684,
4961,Karen Erickson,32.0,Male,Master's,Sales,Network Engineer,3.0,3.0,No,Office,Indore,Medium,Married,7.0,61.0,1,No,133966,234464,
4142,Julie Garcia,54.0,Female,Bachelor's,Marketing,Software Engineer,6.0,2.0,Yes,Office,Gurgaon,Large,Single,0.0,99.0,3,No,84833,121267,
4840,Elizabeth Baldwin,34.0,Female,Master's,IT,Project Manager,3.0,3.0,No,Remote,Gurgaon,Medium,Single,8.0,67.0,3,No,166848,129961,
2360,Brian Pratt,41.0,Male,,Operations,Backend Developer,6.0,1.0,No,Office,Jaipur,Medium,Married,9.0,84.0,5,Yes,156991,140238,
3414,Jason Reed,44.0,Male,Diploma,HR,Business Analyst,12.0,4.0,No,Office,Delhi,Medium,Married,1.0,87.0,6,No,107387,121691,
4097,David Nelson,49.0,Female,Master's,Legal,Backend Developer,12.0,3.0,No,Office,Indore,Large,Married,3.0,64.0,7,No,55953,143560,
402,Glen Pace,55.0,Female,High School,Operations,ML Engineer,,5.0,Yes,Office,Jaipur,Enterprise,Married,,79.0,5,No,55031,165377,
4346,Richard Wheeler,59.0,Male,Bachelor's,Legal,Database Administrator,29.0,1.0,Yes,Remote,Ahmedabad,Startup,Married,3.0,82.0,18,Yes,145215,193415,
4907,Holly Floyd,31.0,Female,High School,Operations,Data Engineer,7.0,2.0,No,Office,Chennai,Startup,Divorced,0.0,54.0,1,No,109839,98392,
473,Tiffany Sampson,35.0,Female,Bachelor's,Legal,Frontend Developer,,1.0,Yes,Office,Lucknow,Startup,Married,0.0,43.0,2,No,52624,81890,
3792,Mr. Michael Bell,57.0,Male,Master's,Research,Project Manager,6.0,2.0,No,Hybrid,Indore,Medium,Single,9.0,42.0,5,No,63903,131359,
3347,Sarah Wright,31.0,Male,Diploma,Legal,Network Engineer,1.0,2.0,Yes,Office,Lucknow,Startup,Married,3.0,48.0,1,Yes,123542,90903,
3614,Kelly Klein,54.0,Female,Diploma,Legal,Accountant,27.0,1.0,Yes,Office,Gurgaon,Large,Married,1.0,87.0,10,Yes,43786,163530,
2766,Paul Jones,29.0,Male,Diploma,Legal,Accountant,5.0,5.0,Yes,Hybrid,Ghaziabad,Startup,Married,0.0,45.0,5,No,171611,83720,
3510,Julia Kirby,45.0,Male,Diploma,Operations,Marketing Manager,19.0,2.0,No,Hybrid,Pune,Medium,Single,7.0,94.0,4,Yes,32191,158656,
1127,David Avila,,Male,High School,Finance,Data Scientist,2.0,2.0,Yes,Office,Bangalore,Startup,Single,8.0,85.0,1,No,136180,107609,
16,Stephanie Martinez,,Female,Bachelor's,Operations,Data Engineer,5.0,3.0,No,Office,Delhi,Large,Married,4.0,99.0,4,No,122946,135428,
3223,John Norton,35.0,Male,Bachelor's,Sales,Marketing Manager,15.0,3.0,No,Hybrid,Hyderabad,Medium,Single,4.0,88.0,3,No,168501,140670,
4968,Alicia Crane,58.0,Male,Bachelor's,Marketing,Marketing Manager,16.0,2.0,No,Office,Gurgaon,Large,Single,9.0,73.0,11,No,63365,154964,
3948,Tommy Day,32.0,Female,Diploma,Sales,Product Manager,4.0,4.0,Yes,Office,Faridabad,Large,Married,5.0,79.0,3,Yes,55812,149154,
2319,Edward Watts,47.0,Male,Bachelor's,Operations,Network Engineer,12.0,4.0,No,Remote,Jaipur,Enterprise,Married,7.0,84.0,2,No,149960,153710,
2086,Brittney Howard,58.0,Male,Bachelor's,HR,Backend Developer,16.0,3.0,Yes,Hybrid,Delhi,Large,Single,9.0,98.0,0,Yes,44245,182657,
2976,Jennifer Taylor,45.0,Male,Bachelor's,Research,Sales Manager,5.0,5.0,No,,Delhi,Enterprise,Married,5.0,71.0,2,No,66311,137152,
211,Garrett Huynh,41.0,Male,Master's,Operations,Data Engineer,1.0,4.0,No,Office,Indore,Startup,Married,5.0,50.0,1,Yes,108835,123743,
3932,Tina Fitzgerald,,Female,Bachelor's,Operations,Data Engineer,27.0,3.0,No,Office,Faridabad,Large,Single,1.0,66.0,1,No,365072,394066,
573,Charles Norris,24.0,Male,Master's,,Accountant,2.0,1.0,No,Remote,Kolkata,Medium,Single,3.0,44.0,0,No,43259,88987,
1217,Yolanda Owens,42.0,Female,Master's,Marketing,ML Engineer,11.0,5.0,Yes,Office,Ahmedabad,Medium,Single,7.0,59.0,1,Yes,163239,185421,
111,Jeffrey Garrison,,Female,Bachelor's,Operations,Sales Manager,0.0,,No,Remote,Ghaziabad,Large,Married,1.0,100.0,0,Yes,139264,116103,
2764,Matthew Singh,45.0,Male,,Operations,DevOps Engineer,21.0,5.0,No,Office,Delhi,Medium,Divorced,0.0,45.0,7,No,30428,156728,
2964,Kristi Shelton,52.0,Male,PhD,Research,Marketing Manager,15.0,1.0,Yes,Hybrid,Gurgaon,Medium,Single,10.0,89.0,12,No,181973,181802,
1240,Amanda Wolfe,46.0,Female,Diploma,Sales,HR Executive,22.0,5.0,No,Office,Hyderabad,Enterprise,Married,2.0,50.0,1,No,73092,144746,
132,Jacqueline Wilson,53.0,Male,Diploma,Research,Sales Manager,17.0,5.0,Yes,Hybrid,Faridabad,Large,Single,5.0,86.0,13,No,165544,162858,
3828,Luis Wilson,44.0,Female,Bachelor's,Research,Sales Executive,16.0,1.0,Yes,Office,Hyderabad,Enterprise,Married,2.0,54.0,5,No,43620,132148,
4715,Brenda Cohen,55.0,Male,Bachelor's,Sales,HR Manager,32.0,2.0,Yes,Office,Ghaziabad,Enterprise,Single,8.0,64.0,11,Yes,152369,218669,
485,Terry Potts,,Female,High School,Customer Support,Product Manager,4.0,2.0,Yes,Office,Mumbai,Enterprise,Single,5.0,50.0,1,No,31600,133201,
3915,Brooke Barrett,34.0,Female,Master's,,Cyber Security Analyst,,4.0,No,Hybrid,Gurgaon,Medium,Married,2.0,69.0,8,No,197785,151290,
3254,Keith Benitez,49.0,Male,Bachelor's,Finance,Full Stack Developer,16.0,1.0,No,Office,Noida,Medium,Single,7.0,57.0,8,No,28882,137433,
169,Dean Miller,37.0,Male,Diploma,Administration,Finance Analyst,16.0,3.0,No,Hybrid,Lucknow,Medium,Married,1.0,71.0,10,No,39337,125588,
3077,Denise Lang,26.0,Male,Diploma,Legal,Data Engineer,3.0,1.0,No,Office,Gurgaon,Large,Single,4.0,81.0,2,No,113064,108829,
2643,Mark Whitehead,49.0,Female,PhD,Sales,Project Manager,22.0,4.0,Yes,Hybrid,Indore,Medium,Married,2.0,88.0,20,No,144429,203276,
1898,Jonathan Rogers,52.0,Female,Bachelor's,HR,Business Analyst,6.0,4.0,Yes,Remote,Mumbai,Large,Married,2.0,81.0,1,No,128385,123162,
2934,Brandon Sanders,50.0,Female,Bachelor's,Operations,Software Engineer,30.0,3.0,No,Office,Indore,Large,Single,6.0,56.0,2,No,155399,169441,
4726,Anthony Harris,40.0,Male,,IT,Cloud Engineer,15.0,1.0,No,,Noida,Medium,Single,0.0,49.0,4,No,88894,147790,
2592,Nathaniel Lin,26.0,Male,Diploma,Research,Marketing Manager,6.0,5.0,Yes,,Lucknow,Startup,Single,9.0,66.0,4,No,195503,128641,
936,Jennifer Roberts,49.0,Male,,Research,Frontend Developer,25.0,4.0,Yes,Office,Hyderabad,Large,Married,8.0,76.0,12,No,30886,197431,
1475,Amy Hayes,30.0,Male,Diploma,Marketing,Product Manager,10.0,5.0,No,,Gurgaon,Medium,Single,10.0,81.0,1,No,58100,151166,
4599,Bobby Smith,33.0,Female,Master's,Administration,DevOps Engineer,2.0,,No,Office,Hyderabad,Large,Single,1.0,87.0,0,No,153499,120892,
3765,Joseph Morales,48.0,Female,Master's,Legal,ML Engineer,10.0,5.0,No,Remote,Delhi,Medium,Married,9.0,45.0,5,No,82798,155221,
2350,Jennifer Daniels,25.0,Female,High School,Sales,Software Engineer,4.0,3.0,No,,Hyderabad,Medium,Married,7.0,82.0,1,No,148899,101807,
744,Renee Sparks,52.0,Male,Master's,Marketing,Project Manager,,4.0,No,Office,Gurgaon,Large,Single,10.0,54.0,17,No,178371,190504,
170,Dr. Samuel Erickson DDS,41.0,Female,Master's,Administration,Frontend Developer,15.0,1.0,No,Remote,Noida,Large,Married,6.0,69.0,6,Yes,367728,313950,
3189,Michael Mitchell,42.0,Male,Master's,Research,Finance Analyst,8.0,2.0,No,Hybrid,Ahmedabad,Medium,Single,1.0,96.0,5,No,117964,123155,
706,Michelle Pruitt,33.0,Female,Diploma,Legal,Business Analyst,,3.0,Yes,Office,Ghaziabad,Medium,Single,5.0,59.0,0,No,170023,110059,
4999,Derek Morgan,36.0,Female,Bachelor's,Marketing,Full Stack Developer,16.0,4.0,Yes,Office,Jaipur,Enterprise,Single,2.0,64.0,2,No,130866,168443,
4086,Nathan Jordan,40.0,Male,Bachelor's,Legal,Data Analyst,9.0,4.0,No,Hybrid,Kolkata,Startup,Divorced,6.0,75.0,7,Yes,208040,365394,
3053,Albert Rogers,48.0,Female,Bachelor's,Customer Support,HR Manager,14.0,3.0,No,Hybrid,Indore,Startup,Married,6.0,80.0,5,No,189401,130003,
1365,Gerald Hunt,53.0,Female,Bachelor's,Legal,Database Administrator,15.0,4.0,Yes,Office,Lucknow,Medium,Single,,41.0,14,No,53208,132860,
2570,Jennifer Bryant,47.0,Male,Diploma,Finance,Database Administrator,,3.0,No,Hybrid,Jaipur,Medium,Married,8.0,83.0,3,No,111535,105693,
2991,John Taylor,21.0,Male,Master's,,Business Analyst,0.0,2.0,No,Hybrid,Delhi,Medium,Married,10.0,96.0,0,Yes,123136,126847,
4229,Shannon Cannon,33.0,Female,Diploma,Customer Support,Project Manager,0.0,4.0,Yes,Office,Kolkata,Startup,Divorced,1.0,98.0,0,No,22117,106636,
2389,Michael Smith,49.0,Female,Diploma,Customer Support,DevOps Engineer,24.0,1.0,No,Office,Jaipur,Startup,Married,5.0,88.0,10,No,98571,160318,
2988,Alan Beard,27.0,Female,High School,Administration,DevOps Engineer,3.0,5.0,No,Hybrid,Ahmedabad,Medium,Single,3.0,50.0,2,No,23157,94981,
4133,Sandra Lee,46.0,Male,PhD,,Network Engineer,5.0,3.0,No,Office,Chennai,Medium,Married,,43.0,5,No,164832,134434,
643,Wendy Hardin,25.0,Female,Bachelor's,Legal,ML Engineer,1.0,2.0,No,Hybrid,Ghaziabad,Enterprise,Single,0.0,73.0,0,No,74333,126398,
417,Ashley Richardson,45.0,Female,Master's,Finance,QA Engineer,6.0,2.0,No,Office,Jaipur,Large,Married,6.0,62.0,4,Yes,29505,130297,
1586,Jonathan Castro,21.0,Male,Bachelor's,HR,HR Manager,1.0,1.0,No,Office,Delhi,Startup,Married,9.0,62.0,1,Yes,102702,92295,
4593,Dakota Cohen,41.0,Male,Master's,Sales,Product Manager,,5.0,Yes,Hybrid,Ahmedabad,Large,Married,3.0,66.0,20,No,132900,210830,
4132,David Norris,,Male,Bachelor's,Operations,Network Engineer,1.0,2.0,No,Remote,Delhi,Startup,Single,8.0,53.0,1,No,375582,172784,
3993,Alex Gray,32.0,Female,,Research,Accountant,12.0,4.0,No,Office,Faridabad,Large,Single,7.0,94.0,10,No,136285,122387,
4687,Thomas Smith,32.0,Female,Master's,IT,Product Manager,1.0,4.0,No,Remote,Mumbai,Medium,Married,8.0,58.0,1,Yes,36907,153368,
4967,Shelly Chapman,60.0,Female,Bachelor's,Legal,HR Executive,0.0,3.0,No,Office,Mumbai,Medium,Married,1.0,85.0,0,No,190440,74380,
4354,Brent Ross,46.0,Male,Diploma,Customer Support,Project Manager,24.0,2.0,No,Office,Delhi,Medium,Single,8.0,63.0,17,No,37993,167755,
3031,Emily Peterson,33.0,Male,PhD,IT,Cyber Security Analyst,6.0,4.0,No,Remote,Mumbai,Medium,Divorced,1.0,72.0,6,Yes,112568,161081,
4644,Danielle Campbell,24.0,Female,Diploma,Operations,Accountant,1.0,2.0,Yes,,Faridabad,Enterprise,Married,0.0,84.0,0,No,72098,96038,
2165,Melanie Diaz,60.0,Male,Bachelor's,Administration,Marketing Manager,15.0,3.0,No,Hybrid,Gurgaon,Enterprise,Single,2.0,57.0,12,Yes,141696,162526,
723,Kevin Cook,24.0,Male,PhD,Legal,DevOps Engineer,1.0,2.0,No,Office,Kolkata,Startup,Single,2.0,53.0,0,Yes,26641,136208,
2410,Erin Short,48.0,Male,Diploma,HR,Finance Analyst,23.0,3.0,Yes,Hybrid,Ahmedabad,Large,Married,0.0,77.0,16,No,85179,140954,
3882,Alyssa Mack,49.0,Female,High School,Operations,Finance Analyst,29.0,,Yes,Office,Jaipur,Large,Married,1.0,71.0,20,No,92973,145875,
4088,Mike Mooney,54.0,Male,High School,Sales,Cloud Engineer,2.0,1.0,Yes,Office,Bangalore,Startup,Single,3.0,77.0,1,Yes,72325,102619,
2262,Kenneth Brown,22.0,Female,Master's,Legal,Sales Executive,0.0,2.0,No,Hybrid,Chennai,Enterprise,Single,1.0,80.0,0,No,37791,107053,
1541,James Warren,58.0,Male,Bachelor's,Legal,Frontend Developer,1.0,4.0,Yes,Office,Pune,Large,Married,4.0,86.0,0,No,51604,104710,
2065,Danielle Carroll DDS,53.0,Male,Diploma,Legal,Business Analyst,13.0,3.0,No,Office,Bangalore,Medium,Married,,58.0,7,No,24677,104266,
564,Pamela Davis,26.0,Female,Bachelor's,Finance,Data Analyst,2.0,5.0,Yes,Office,Indore,Large,Single,8.0,,1,Yes,78595,131854,
72,Brandon Salas,52.0,Male,High School,Sales,HR Executive,31.0,5.0,Yes,,Pune,Medium,Single,8.0,78.0,19,No,52733,168232,
2034,Olivia Hanson,40.0,Male,Bachelor's,IT,Business Analyst,8.0,2.0,Yes,Remote,Pune,Large,Married,7.0,99.0,3,No,70956,131497,
4139,Nicole Reyes,39.0,Female,,Legal,Backend Developer,4.0,1.0,No,Office,Indore,Large,Married,4.0,67.0,0,No,117441,100434,
2117,Lisa Carter,55.0,Male,Bachelor's,Sales,Software Engineer,5.0,3.0,No,Hybrid,Hyderabad,Enterprise,Married,,63.0,4,No,96251,118368,
1234,Catherine Stein,37.0,Female,Bachelor's,,Accountant,14.0,3.0,No,Office,Pune,Medium,Single,0.0,72.0,14,No,177011,121987,
14,Susan Taylor,23.0,Female,Bachelor's,IT,Marketing Manager,3.0,4.0,Yes,Office,Bangalore,Large,Married,8.0,74.0,0,Yes,198047,142236,
1704,Sergio Washington,51.0,Female,Bachelor's,Sales,Finance Analyst,11.0,4.0,Yes,,Ahmedabad,Enterprise,Single,7.0,46.0,2,No,149306,147169,
2277,Jeffrey Larson,60.0,Female,Bachelor's,HR,Project Manager,28.0,5.0,No,Hybrid,Hyderabad,Large,Single,,83.0,0,No,116602,222247,
326,Sean Walker,,Female,Master's,IT,Business Analyst,14.0,,No,Office,Faridabad,Medium,Single,8.0,62.0,11,Yes,197113,165153,
3351,Tyler Davila,46.0,Female,Bachelor's,Legal,Cloud Engineer,8.0,,No,Remote,Indore,Startup,Single,0.0,66.0,2,No,72066,113580,
3940,Ana Rodriguez,21.0,Male,Bachelor's,Operations,Data Engineer,1.0,1.0,No,Office,Mumbai,Medium,Married,7.0,,1,No,147134,102062,
60,Jeremy Gomez,53.0,Male,Diploma,HR,ML Engineer,,5.0,No,Hybrid,Gurgaon,Medium,Married,7.0,93.0,14,No,59986,185028,
4335,Mrs. Barbara Murphy,34.0,Male,,Marketing,HR Manager,9.0,5.0,Yes,Remote,Chennai,Large,Married,4.0,66.0,8,No,148139,138897,
4226,Stephen Frederick,,Male,Bachelor's,Research,Cloud Engineer,15.0,2.0,Yes,Remote,Delhi,Medium,Married,1.0,49.0,11,No,101026,149517,
3045,Jeremy Williams,27.0,Female,Bachelor's,,DevOps Engineer,4.0,3.0,Yes,Office,Pune,Medium,Single,6.0,51.0,2,No,125249,120820,
322,Michael Bowman,43.0,Female,Bachelor's,HR,Business Analyst,,5.0,No,Hybrid,Hyderabad,Large,Married,1.0,100.0,0,No,25269,128066,
3503,Melissa Moore,46.0,Female,Bachelor's,Marketing,Network Engineer,12.0,1.0,Yes,Office,Kolkata,Large,Married,7.0,80.0,8,No,160229,140105,
4575,Justin Oneill,47.0,Female,Diploma,Research,Finance Analyst,25.0,5.0,Yes,Remote,Bangalore,Large,Single,0.0,57.0,3,No,57976,176776,
3003,Alexis Gray DVM,42.0,Female,Master's,Marketing,Marketing Manager,8.0,2.0,No,Office,Jaipur,Large,Married,10.0,55.0,6,No,20637,134866,
1001,Theresa Lewis,31.0,Male,Master's,Customer Support,Software Engineer,2.0,3.0,Yes,Office,Hyderabad,Enterprise,Single,,94.0,2,No,27081,131858,
3162,Michael Poole,40.0,Male,Master's,Finance,Data Analyst,17.0,,No,,Lucknow,Startup,Single,9.0,70.0,1,No,65182,153585,
3090,Amanda Moore,54.0,Female,Master's,Administration,Project Manager,32.0,5.0,Yes,Hybrid,Faridabad,Enterprise,Single,4.0,75.0,14,Yes,150373,246695,
2327,Johnathan Oliver,39.0,Female,,HR,QA Engineer,5.0,5.0,No,Hybrid,Ahmedabad,Startup,Single,6.0,100.0,1,No,139137,104307,
4,Melissa Hancock,60.0,Female,Bachelor's,Operations,Cloud Engineer,3.0,4.0,Yes,Remote,Chennai,Medium,Single,3.0,53.0,2,No,60397,117241,
2679,Mike Schwartz,37.0,Female,Bachelor's,IT,Network Engineer,17.0,5.0,Yes,Remote,Lucknow,Large,Married,5.0,73.0,14,No,155840,164310,
2081,Erin Werner,46.0,Male,Diploma,IT,Marketing Executive,19.0,3.0,Yes,Hybrid,Lucknow,Startup,Single,7.0,62.0,2,No,83994,129597,
3218,Alexandra Morales,57.0,Female,Master's,IT,Project Manager,35.0,2.0,No,Office,Jaipur,Startup,Single,,,11,Yes,34847,210811,
1083,Daniel Wilson,57.0,Female,,Administration,Network Engineer,25.0,3.0,No,Hybrid,Noida,Startup,Married,10.0,63.0,13,No,136839,151171,
2424,Robert Morgan,39.0,Female,Master's,Finance,Product Manager,16.0,2.0,No,Hybrid,Pune,Medium,Married,5.0,86.0,10,Yes,73120,187483,
1930,Derek Kane,28.0,Female,Master's,Administration,Marketing Executive,3.0,5.0,No,Office,Ghaziabad,Medium,Married,8.0,73.0,1,No,168591,118510,
2375,Sarah Morales,46.0,Male,Diploma,Finance,Marketing Executive,25.0,1.0,Yes,Hybrid,Bangalore,Startup,Married,1.0,50.0,15,No,98395,140687,
2729,Megan Powers,55.0,Female,Diploma,Legal,Business Analyst,8.0,4.0,No,Hybrid,Chennai,Medium,Married,7.0,45.0,3,No,59064,108832,
487,James Ramos,30.0,Male,Bachelor's,IT,Software Engineer,1.0,1.0,No,Office,Kolkata,Enterprise,Married,8.0,69.0,0,No,20432,109333,
2381,Bethany Hudson,43.0,Female,Bachelor's,Customer Support,Marketing Executive,1.0,1.0,No,Office,Delhi,Enterprise,Married,4.0,47.0,0,No,91359,93567,
3736,Robert Stewart,38.0,Male,High School,Sales,Accountant,11.0,3.0,Yes,,Noida,Enterprise,Married,4.0,89.0,9,Yes,159837,147691,
1862,Michelle Warner,24.0,Female,Bachelor's,HR,ML Engineer,2.0,5.0,No,Hybrid,Pune,Medium,Single,9.0,99.0,0,Yes,64741,145538,
1048,Ashley Wallace,49.0,Male,Master's,Finance,Product Manager,26.0,1.0,No,Remote,Mumbai,Large,Divorced,8.0,42.0,3,No,102083,206429,
4245,Donna Martin,59.0,Male,Master's,Sales,HR Executive,18.0,2.0,No,Hybrid,Faridabad,Enterprise,Single,,59.0,10,No,152334,152208,
553,Joel Richards,51.0,Female,Master's,Finance,Cloud Engineer,26.0,4.0,No,Hybrid,Hyderabad,Startup,Married,10.0,46.0,9,No,78031,183564,
4435,Bradley Dean,35.0,Female,Diploma,HR,Frontend Developer,13.0,2.0,No,,Mumbai,Enterprise,Married,4.0,59.0,4,No,192519,131369,
2995,Charles Brown,45.0,Male,Diploma,Sales,DevOps Engineer,7.0,2.0,No,Hybrid,Ghaziabad,Large,Married,0.0,42.0,1,Yes,97053,115351,
1219,Susan Summers,55.0,Male,Master's,Sales,HR Executive,,5.0,No,Office,Indore,Medium,Married,9.0,46.0,0,No,97402,144460,
3195,Samantha Cook,58.0,Female,Master's,IT,Database Administrator,29.0,5.0,No,,Ghaziabad,Large,Married,6.0,54.0,18,No,164447,196162,
4455,Michelle Steele,36.0,Female,Master's,Sales,HR Executive,,3.0,Yes,Office,Indore,Large,Single,8.0,99.0,3,Yes,193523,140719,
1434,Mr. Nicholas Watson,45.0,Male,Master's,HR,Accountant,15.0,4.0,No,Office,Jaipur,Medium,Married,3.0,68.0,8,No,110775,144083,
3833,Austin Anderson,,Female,Bachelor's,Research,Data Engineer,9.0,5.0,Yes,Office,Indore,Medium,Single,8.0,64.0,9,No,61948,145030,
4723,Zachary Porter,48.0,Female,Master's,Marketing,HR Executive,18.0,1.0,Yes,Remote,Kolkata,Medium,Married,2.0,83.0,17,Yes,73505,144449,
3098,Carol Brown,40.0,Male,High School,Sales,Software Engineer,17.0,5.0,No,Remote,Faridabad,Large,Married,4.0,60.0,15,No,101766,137391,
185,Samantha Bowen,31.0,Female,Bachelor's,IT,HR Executive,4.0,,Yes,Hybrid,Mumbai,Enterprise,Married,1.0,65.0,0,No,25939,104785,
3000,Joanne Mendoza,38.0,Female,Diploma,Operations,Marketing Executive,13.0,1.0,No,Hybrid,Indore,Medium,Married,7.0,,11,No,57861,109470,
2754,Michael Matthews,51.0,Male,Bachelor's,Finance,Business Analyst,22.0,2.0,No,Hybrid,Kolkata,Large,Single,8.0,50.0,12,No,145296,160499,
3154,Jose Foster,29.0,Female,Bachelor's,IT,Cloud Engineer,9.0,3.0,No,Office,Ghaziabad,Enterprise,Married,4.0,92.0,5,No,122249,144983,
623,Craig Peterson,52.0,Female,Master's,IT,ML Engineer,25.0,3.0,Yes,Office,Kolkata,Large,Married,7.0,92.0,10,No,86896,207830,
1439,Jane Barrera,32.0,Male,Diploma,Research,Network Engineer,4.0,3.0,Yes,Hybrid,Chennai,Large,Single,4.0,63.0,2,No,78923,113852,
4262,John Chavez,22.0,Male,Diploma,Operations,Software Engineer,0.0,2.0,No,Hybrid,Pune,Large,Single,2.0,85.0,0,No,122034,86662,
1407,Mary Singh,38.0,Female,Diploma,Operations,Finance Analyst,11.0,2.0,Yes,Office,Delhi,Startup,Married,,79.0,11,Yes,129914,133154,
3779,Tyler Leonard,,Female,Bachelor's,Administration,Full Stack Developer,1.0,,No,Hybrid,Delhi,Large,Single,10.0,56.0,1,No,35331,107571,
3743,Daniel Wallace MD,29.0,Female,Master's,,HR Manager,,4.0,No,Office,Gurgaon,Medium,Married,7.0,97.0,1,Yes,178692,146463,
1668,Desiree Ruiz,27.0,Male,Master's,Customer Support,Cloud Engineer,,1.0,No,Office,Ghaziabad,Medium,Married,7.0,94.0,0,No,73907,126703,
1448,Matthew Lester,21.0,Male,Master's,Marketing,HR Executive,0.0,,No,Remote,Chennai,Large,Single,6.0,51.0,0,No,41245,94314,
2957,Rebecca Lambert,21.0,Female,,Operations,ML Engineer,0.0,5.0,No,Office,Lucknow,Large,Married,9.0,56.0,0,No,182923,149084,
3984,Rachel Weaver,,Female,Diploma,Marketing,Database Administrator,1.0,1.0,No,Remote,Ahmedabad,Large,Single,2.0,67.0,0,No,141602,85193,
4328,Tyrone Valdez,38.0,Male,,Operations,HR Manager,7.0,4.0,No,Office,Gurgaon,Startup,Single,,77.0,7,No,180229,128117,
1766,Victoria Chan,31.0,Male,Master's,Research,Sales Executive,,5.0,No,Remote,Ghaziabad,Large,Married,9.0,98.0,1,No,92684,121269,
794,Stephanie Allison,29.0,Male,Diploma,Finance,Full Stack Developer,0.0,4.0,No,Remote,Kolkata,Startup,Divorced,9.0,78.0,0,No,71268,193298,
4321,Brooke Taylor,57.0,Male,Bachelor's,HR,Marketing Manager,29.0,3.0,No,Remote,Faridabad,Startup,Single,6.0,95.0,19,Yes,119774,176295,
4036,Candice Sheppard,,Female,Master's,Finance,HR Executive,3.0,1.0,No,Hybrid,Mumbai,Startup,Married,5.0,82.0,2,No,80793,88702,
1747,Cassandra Burton,60.0,Male,High School,Customer Support,Accountant,19.0,1.0,Yes,Hybrid,Jaipur,Enterprise,Married,0.0,76.0,1,Yes,172227,146957,
178,Dana Walker,37.0,Female,PhD,Research,Frontend Developer,4.0,2.0,No,Hybrid,Mumbai,Startup,Married,1.0,76.0,4,No,101423,120193,
4077,Kelly Torres,32.0,Male,Diploma,Research,Sales Executive,6.0,,No,Office,Pune,Medium,Single,9.0,70.0,2,Yes,88946,97591,
4333,Joseph Rodriguez,45.0,Female,Diploma,Customer Support,Accountant,15.0,1.0,No,,Noida,Large,Single,3.0,62.0,8,Yes,95893,117756,
2460,Brian Cochran,34.0,Male,Bachelor's,Research,Project Manager,14.0,3.0,Yes,Office,Chennai,Startup,Married,10.0,90.0,10,No,124050,159162,
3046,Christy Lamb,,Male,Bachelor's,Finance,Data Analyst,5.0,1.0,No,Office,Jaipur,Enterprise,Married,6.0,91.0,0,Yes,70248,130405,
1549,Troy Gomez,50.0,Female,Master's,Finance,Marketing Executive,13.0,4.0,Yes,Hybrid,Pune,Startup,Married,2.0,86.0,9,Yes,129865,136863,
4707,Michael Gentry,45.0,Female,Master's,HR,Product Manager,22.0,3.0,Yes,Office,Lucknow,Large,Single,10.0,47.0,5,Yes,137427,226672,
3906,Heather Anderson,48.0,Male,Master's,Marketing,Backend Developer,0.0,3.0,Yes,Remote,Noida,Large,Single,2.0,46.0,0,No,44451,111833,
4994,Jennifer Walter,28.0,Male,Master's,IT,Data Analyst,0.0,4.0,No,Office,Ahmedabad,Startup,Single,10.0,85.0,0,No,38056,106348,
3771,Mark Graves,43.0,Male,High School,Sales,Cloud Engineer,7.0,4.0,No,Remote,Ahmedabad,Startup,Single,6.0,83.0,3,Yes,28334,126921,
4079,Pamela Golden,47.0,Male,Master's,Finance,Cloud Engineer,0.0,1.0,No,,Ahmedabad,Large,Single,7.0,43.0,0,Yes,115293,129159,
4136,Joan Brown,35.0,Male,Bachelor's,Customer Support,Cyber Security Analyst,1.0,1.0,No,Office,Pune,Large,Married,9.0,87.0,1,No,193054,118443,
3564,Antonio Morgan,28.0,Female,Bachelor's,Research,Data Engineer,5.0,4.0,No,Office,Ghaziabad,Startup,Single,6.0,61.0,4,No,147646,119064,
229,Michelle Jackson,55.0,Female,,Legal,Finance Analyst,2.0,1.0,Yes,Hybrid,Gurgaon,Medium,Married,10.0,64.0,2,No,184490,107182,
4349,Diane Ellis,,Male,Bachelor's,Finance,Marketing Executive,14.0,,No,Hybrid,Ahmedabad,Medium,Single,9.0,48.0,2,No,36919,118026,
52,Kimberly Yates,35.0,Male,Bachelor's,Customer Support,Full Stack Developer,14.0,5.0,Yes,Office,Ghaziabad,Large,Single,3.0,61.0,1,No,194944,152469,
3692,John Cruz,21.0,Male,,Administration,Full Stack Developer,1.0,5.0,No,Office,Kolkata,Large,Single,4.0,42.0,1,No,131105,113831,
1500,Crystal Garcia,48.0,Female,Diploma,Customer Support,Product Manager,11.0,2.0,No,Hybrid,Bangalore,Enterprise,Married,4.0,100.0,3,No,167407,154923,
378,Travis Rojas,47.0,Male,High School,Finance,HR Executive,23.0,3.0,No,Hybrid,Ahmedabad,Large,Single,3.0,80.0,13,No,117352,140697,
2506,Joshua Thomas,58.0,Female,Master's,HR,QA Engineer,20.0,4.0,No,,Jaipur,Startup,Single,6.0,63.0,9,No,198247,162562,
3687,Tamara Rodriguez,43.0,Male,High School,Research,Backend Developer,,2.0,Yes,Remote,Ahmedabad,Large,Married,,88.0,5,No,48500,119782,
1712,Kayla Wright,50.0,Female,Diploma,HR,Cyber Security Analyst,21.0,2.0,No,Hybrid,Indore,Enterprise,Single,1.0,78.0,2,No,39636,170223,
4351,Susan Grant,28.0,Female,Bachelor's,Research,Accountant,3.0,2.0,No,Office,Delhi,Medium,Single,4.0,52.0,0,No,122758,82042,
434,April Carlson,30.0,Female,Diploma,IT,Full Stack Developer,6.0,5.0,Yes,Office,Mumbai,Startup,Married,6.0,72.0,6,No,108074,115198,
3418,Christopher Moran,22.0,Male,Master's,Operations,Software Engineer,1.0,3.0,No,Office,Faridabad,Medium,Married,0.0,53.0,0,Yes,102806,106717,
3794,Monica Miranda,47.0,Female,Master's,Research,Product Manager,26.0,,No,Office,Faridabad,Large,Married,1.0,90.0,16,Yes,187926,218856,
1882,Jessica Crosby,31.0,Male,Bachelor's,Administration,Project Manager,3.0,5.0,No,Hybrid,Chennai,Startup,Single,5.0,47.0,3,No,43249,109997,
401,Marc Perez,41.0,Male,Master's,,HR Manager,19.0,1.0,No,Hybrid,Bangalore,Medium,Married,0.0,90.0,4,No,97707,146915,
2622,Ellen Mckenzie,49.0,Female,Bachelor's,Administration,Data Analyst,18.0,5.0,No,,Gurgaon,Enterprise,Single,5.0,96.0,12,No,514524,523347,
4181,Donna Stanley,28.0,Male,Master's,Administration,HR Manager,6.0,4.0,No,Office,Lucknow,Startup,Married,7.0,71.0,3,Yes,82410,135356,
244,Mark Cross,22.0,Female,Bachelor's,Customer Support,Database Administrator,1.0,2.0,No,Remote,Ahmedabad,Large,Married,6.0,56.0,1,Yes,115432,111828,
526,Marissa Anderson,51.0,Female,High School,Research,Data Scientist,15.0,4.0,No,Office,Noida,Enterprise,Single,1.0,47.0,15,Yes,187207,160907,
2614,John Burns,23.0,Female,Diploma,Research,Full Stack Developer,3.0,1.0,Yes,Office,Hyderabad,Large,Married,,78.0,0,No,122424,105265,
2542,Daniel Flowers,,Female,Bachelor's,Sales,Cyber Security Analyst,23.0,3.0,No,Office,Delhi,Medium,Married,,74.0,11,Yes,155182,181407,
2599,Brian Anderson,28.0,Female,High School,Research,Cloud Engineer,6.0,2.0,No,Office,Mumbai,Large,Married,0.0,55.0,5,No,28455,105936,
1677,Savannah Wolfe,59.0,Female,Master's,Customer Support,DevOps Engineer,9.0,4.0,Yes,Office,Indore,Medium,Married,7.0,80.0,1,No,92279,155363,
3203,Samantha Yates,25.0,Female,Bachelor's,HR,Data Scientist,0.0,1.0,Yes,Hybrid,Hyderabad,Large,Divorced,9.0,84.0,0,Yes,133995,141015,
1680,Joseph Cardenas,44.0,Female,Diploma,Research,ML Engineer,8.0,4.0,No,Office,Mumbai,Startup,Married,0.0,68.0,1,Yes,133680,384825,
647,Angel Garner,,Female,Bachelor's,Legal,Database Administrator,,4.0,Yes,Hybrid,Ahmedabad,Large,Married,2.0,52.0,0,No,93748,107431,
1675,Mr. Anthony Little MD,52.0,Male,Bachelor's,Customer Support,DevOps Engineer,32.0,2.0,No,Office,Jaipur,Medium,Married,10.0,48.0,16,No,192542,188442,
1658,Jessica Morton,54.0,Female,Diploma,,Marketing Executive,20.0,1.0,No,Hybrid,Lucknow,Enterprise,Single,6.0,73.0,3,Yes,26889,145405,
3108,Walter Moody,29.0,Male,Bachelor's,Research,Frontend Developer,9.0,2.0,No,Office,Delhi,Medium,Married,3.0,61.0,1,Yes,118486,123065,
895,Lori James,,Male,Bachelor's,Marketing,DevOps Engineer,0.0,3.0,Yes,Office,Ghaziabad,Large,Married,10.0,89.0,0,No,122617,128085,
3372,Matthew Riley,42.0,Female,Diploma,HR,Product Manager,11.0,3.0,No,Office,Ghaziabad,Medium,Married,1.0,86.0,10,No,105333,136556,
2134,Yolanda Jones,56.0,Male,Master's,Research,Sales Executive,19.0,5.0,No,Office,Ahmedabad,Enterprise,Married,9.0,75.0,17,No,137488,172958,
2962,Deborah Gilbert,22.0,Male,Master's,HR,Software Engineer,1.0,2.0,No,Hybrid,Faridabad,Large,Married,8.0,58.0,1,Yes,207062,381198,
3831,Jennifer Mckay,45.0,Female,Master's,Research,Business Analyst,9.0,3.0,Yes,Office,Delhi,Enterprise,Single,8.0,56.0,8,No,170582,154248,
2635,Lisa Smith,32.0,Female,Bachelor's,Marketing,Marketing Manager,0.0,3.0,No,Office,Delhi,Large,Married,3.0,98.0,0,No,115645,108040,
4592,Oscar Larsen,27.0,Female,Bachelor's,Finance,HR Manager,4.0,2.0,Yes,Office,Bangalore,Startup,Single,8.0,86.0,0,No,81256,106370,
1706,Angela Davis DDS,49.0,Female,Bachelor's,Administration,Cloud Engineer,18.0,5.0,No,Office,Delhi,Medium,Married,1.0,91.0,10,No,59330,160909,
575,Andrew Smith,54.0,Male,Bachelor's,Finance,Frontend Developer,4.0,4.0,No,Hybrid,Ahmedabad,Medium,Married,8.0,56.0,0,No,140601,110725,
2909,Chad Herrera,49.0,Female,Bachelor's,Operations,ML Engineer,24.0,4.0,No,Office,Kolkata,Enterprise,Single,7.0,57.0,11,No,92672,195938,
4276,Michael Mendez,31.0,Female,Master's,Legal,HR Executive,10.0,2.0,Yes,Remote,Delhi,Large,Single,9.0,58.0,4,No,98845,130723,
4241,Brandon Bright,28.0,Male,Bachelor's,Administration,QA Engineer,4.0,4.0,Yes,Office,Indore,Medium,Single,,44.0,1,No,194360,108583,
3867,Mrs. Angela Stewart,54.0,Female,Diploma,Legal,ML Engineer,12.0,2.0,No,Remote,Faridabad,Medium,Married,4.0,86.0,12,No,120010,144462,
1535,Sara Pineda,44.0,Male,Bachelor's,,Software Engineer,8.0,5.0,No,Remote,Delhi,Large,Married,10.0,67.0,4,Yes,443397,293250,
2449,Patricia Mccoy,48.0,Male,Bachelor's,Research,Cyber Security Analyst,26.0,3.0,No,Remote,Kolkata,Large,Single,4.0,85.0,20,No,38921,180674,
2613,John Rowland,38.0,Female,Master's,IT,ML Engineer,13.0,3.0,No,Hybrid,Gurgaon,Medium,Single,3.0,48.0,12,No,80037,154152,
1830,Kristina Lewis,35.0,Male,Bachelor's,Customer Support,Database Administrator,12.0,1.0,No,Office,Lucknow,Medium,Married,,94.0,1,Yes,48831,140577,
1637,Elizabeth Perez,24.0,Male,Bachelor's,Research,HR Manager,2.0,5.0,Yes,Office,Gurgaon,Medium,Married,0.0,96.0,1,No,133631,109515,
3198,Kyle King,45.0,Female,Bachelor's,Administration,Sales Executive,22.0,4.0,No,Hybrid,Ghaziabad,Medium,Married,1.0,58.0,17,No,118820,146860,
2582,Samantha Dyer,37.0,Male,PhD,Customer Support,QA Engineer,1.0,4.0,Yes,Remote,Kolkata,Startup,Married,,47.0,1,No,42624,125074,
4064,Melissa Vaughn,33.0,Male,Master's,IT,Data Analyst,7.0,1.0,No,Office,Kolkata,Enterprise,Single,10.0,48.0,0,No,184287,127057,
1507,Sara Davila,47.0,Female,Bachelor's,Finance,Finance Analyst,21.0,2.0,Yes,Office,Chennai,Medium,Divorced,2.0,,2,No,68703,161448,
635,Michael Mcdonald,43.0,Male,High School,Sales,Project Manager,14.0,5.0,No,,Pune,Large,Single,10.0,44.0,0,No,99233,155683,
2702,Rhonda Patterson,37.0,Male,Bachelor's,Sales,Cyber Security Analyst,7.0,2.0,Yes,Hybrid,Pune,Medium,Married,6.0,92.0,7,Yes,20066,136125,
4568,Samantha Lee,33.0,Male,Bachelor's,Finance,Network Engineer,6.0,,No,Hybrid,Gurgaon,Medium,Single,6.0,55.0,2,No,64138,113731,
3313,Sheryl Rubio,25.0,Female,Diploma,HR,Cyber Security Analyst,2.0,3.0,Yes,Hybrid,Hyderabad,Large,Single,9.0,45.0,2,No,165259,116002,
187,Ashley Ross,53.0,Female,PhD,HR,Cyber Security Analyst,16.0,4.0,No,Office,Faridabad,Enterprise,Divorced,10.0,65.0,11,No,83761,191972,
4801,Megan Williams,35.0,Female,Bachelor's,Administration,Sales Executive,12.0,5.0,No,Remote,Ghaziabad,Medium,Single,9.0,83.0,8,No,87715,123635,
4677,Steven George,33.0,Male,Diploma,Finance,DevOps Engineer,10.0,5.0,No,Office,Jaipur,Medium,Single,6.0,,6,Yes,57804,144111,
3837,Gregory Wheeler,52.0,Male,Bachelor's,Operations,Product Manager,10.0,2.0,No,Hybrid,Ahmedabad,Enterprise,Single,6.0,61.0,4,No,79353,156082,
1084,Richard Scott,25.0,Female,Bachelor's,Operations,HR Executive,5.0,2.0,No,Office,Mumbai,Startup,Married,4.0,71.0,3,Yes,25663,85751,
1246,Brianna Adams DVM,55.0,Female,Master's,Sales,QA Engineer,,3.0,No,Office,Lucknow,Large,Married,0.0,65.0,2,No,146662,168528,
1014,Timothy Smith,28.0,Female,PhD,Operations,Product Manager,2.0,5.0,No,,Bangalore,Medium,Divorced,6.0,44.0,0,No,160752,159525,
2406,Alejandro Rodriguez,42.0,Male,Diploma,Sales,Frontend Developer,12.0,2.0,No,Remote,Hyderabad,Startup,Married,9.0,54.0,4,No,178764,113704,
4925,David Chavez,43.0,Male,Diploma,,Finance Analyst,22.0,5.0,No,Remote,Ghaziabad,Large,Married,7.0,94.0,18,No,35251,170071,
1767,Matthew Wong,24.0,Female,Master's,Operations,Product Manager,3.0,4.0,Yes,Remote,Ghaziabad,Medium,Married,1.0,,3,Yes,175675,155282,
20,Adam Wilson,54.0,Female,Bachelor's,Operations,Finance Analyst,1.0,1.0,Yes,Remote,Bangalore,Large,Single,3.0,81.0,1,No,166410,105399,
854,Jennifer Johnson,47.0,Female,Bachelor's,Research,Software Engineer,6.0,1.0,No,Office,Pune,Startup,Married,,98.0,5,No,20615,103199,
2730,Kevin Maxwell,36.0,Female,Bachelor's,Customer Support,Project Manager,,4.0,Yes,Office,Jaipur,Medium,Single,6.0,55.0,3,No,190449,139228,
3320,Robert Houston,39.0,Female,Master's,Administration,Backend Developer,18.0,,No,Office,Delhi,Medium,Married,,,0,No,197964,158621,
4051,David Jimenez,60.0,Male,Bachelor's,,Cloud Engineer,29.0,,No,Office,Kolkata,Medium,Single,6.0,41.0,5,No,116006,187003,
2216,Joseph Bruce,52.0,Female,Master's,Customer Support,Product Manager,1.0,1.0,No,Office,Noida,Startup,Single,6.0,95.0,1,No,189743,132525,
2118,Ross Parks,,Male,,Research,Marketing Manager,2.0,2.0,No,Remote,Bangalore,Large,Married,3.0,58.0,1,Yes,136833,109088,
4257,Lisa Preston,40.0,Female,,Operations,Project Manager,4.0,1.0,No,Remote,Noida,Medium,Married,,79.0,4,Yes,93547,134060,
3553,Diane Walters,29.0,Male,Bachelor's,Sales,Sales Manager,5.0,4.0,No,Remote,Faridabad,Startup,Single,9.0,70.0,0,No,69942,116057,
1367,Robert Green,44.0,Female,Master's,Administration,Sales Executive,,3.0,No,Office,Hyderabad,Large,Married,10.0,90.0,10,No,113789,165749,
3400,Samantha Gonzalez,24.0,Female,Bachelor's,Operations,QA Engineer,4.0,3.0,No,Hybrid,Pune,Large,Single,8.0,46.0,4,Yes,136957,112565,
2890,Kimberly Franco,34.0,Female,Bachelor's,Finance,Database Administrator,13.0,4.0,No,Hybrid,Ahmedabad,Enterprise,Single,5.0,,2,No,23750,143824,
4398,Anna Adams,45.0,Male,Master's,Sales,Backend Developer,17.0,4.0,Yes,Office,Gurgaon,Large,Married,6.0,54.0,11,No,87334,172423,
3186,Mary Osborne,31.0,Male,Bachelor's,Legal,Software Engineer,,5.0,No,Hybrid,Kolkata,Startup,Married,9.0,99.0,0,No,88613,102736,
1744,Marie Lyons,32.0,Male,Bachelor's,IT,Data Scientist,7.0,3.0,No,Hybrid,Delhi,Large,Married,7.0,64.0,2,No,75153,140204,
332,Susan Fisher,40.0,Female,Bachelor's,Legal,Cyber Security Analyst,2.0,2.0,No,Hybrid,Jaipur,Enterprise,Married,7.0,73.0,1,No,139779,124575,
2825,Brianna Gonzalez,27.0,Female,Bachelor's,Marketing,Data Scientist,2.0,4.0,No,Hybrid,Hyderabad,Enterprise,Single,8.0,41.0,0,No,47501,134478,
3877,Jessica Ray,38.0,Male,Bachelor's,IT,Sales Manager,,3.0,Yes,Hybrid,Ghaziabad,Medium,Married,2.0,63.0,0,Yes,133555,116130,
4962,Jordan Lewis,60.0,Female,Bachelor's,HR,Cloud Engineer,20.0,2.0,No,Hybrid,Indore,Startup,Single,5.0,90.0,11,Yes,260709,502980,
3375,Franklin Baker,51.0,Female,High School,IT,Data Analyst,18.0,5.0,No,Hybrid,Noida,Large,Single,6.0,75.0,16,No,160467,139899,
1153,Joshua Phillips,57.0,Female,Master's,,Backend Developer,6.0,4.0,No,Hybrid,Noida,Large,Married,2.0,68.0,1,Yes,124122,138540,
760,Carrie Gonzalez,56.0,Female,Bachelor's,,Finance Analyst,24.0,5.0,Yes,Hybrid,Ahmedabad,Medium,Married,6.0,54.0,2,No,122580,479016,
114,Geoffrey King,40.0,Female,Master's,HR,Network Engineer,17.0,5.0,No,Remote,Lucknow,Startup,Married,3.0,42.0,2,No,70200,148777,
2418,Erin Choi,54.0,Male,High School,Sales,Data Analyst,32.0,2.0,No,Office,Ahmedabad,Medium,Single,,88.0,9,Yes,197014,193618,
2690,Theodore White,,Male,Master's,IT,Sales Manager,2.0,5.0,No,Office,Pune,Large,Married,8.0,67.0,1,No,270368,382491,
348,Andrew Garcia,30.0,Female,Master's,Administration,Full Stack Developer,5.0,1.0,No,Office,Ghaziabad,Medium,Married,1.0,82.0,2,No,115864,113003,
897,Jennifer Davis,52.0,Female,Bachelor's,HR,Business Analyst,7.0,2.0,No,Hybrid,Hyderabad,Large,Married,1.0,78.0,5,Yes,100543,123112,
2115,Michelle Mora,56.0,Male,High School,Research,QA Engineer,1.0,1.0,No,Office,Mumbai,Startup,Married,0.0,41.0,1,Yes,47588,68488,
269,Brandon Johnson,39.0,Female,Master's,Research,Accountant,5.0,1.0,No,Office,Ghaziabad,Startup,Married,4.0,61.0,1,Yes,64331,109088,
2200,Erik Woods,54.0,Female,Bachelor's,Legal,HR Executive,13.0,2.0,Yes,Hybrid,Bangalore,Large,Married,8.0,89.0,5,No,87249,126344,
2902,Michael Miller,58.0,Female,Bachelor's,HR,Database Administrator,3.0,3.0,No,Office,Hyderabad,Enterprise,Single,,78.0,3,No,109910,110949,
747,Nicole Hunter,24.0,Female,Diploma,Operations,Product Manager,4.0,4.0,No,Hybrid,Pune,Enterprise,Single,4.0,69.0,0,No,140388,134794,
507,Kristina Becker DVM,,Female,Diploma,Sales,Cyber Security Analyst,0.0,3.0,No,Hybrid,Ghaziabad,Large,Married,10.0,56.0,0,No,32076,101779,
2517,Melissa Flowers,60.0,Male,PhD,Research,Database Administrator,,3.0,No,Hybrid,Mumbai,Medium,Single,7.0,73.0,2,No,42937,169071,
3479,Glenn Ramirez,60.0,Male,Bachelor's,,Software Engineer,23.0,1.0,No,Office,Lucknow,Large,Married,6.0,90.0,14,No,116209,157789,
3429,Kaylee Jackson,50.0,Male,Master's,Finance,QA Engineer,2.0,2.0,No,Hybrid,Ghaziabad,Enterprise,Married,4.0,74.0,1,No,199947,119099,
4145,Sara Terry,26.0,Male,Diploma,Operations,Data Scientist,5.0,3.0,No,Hybrid,Delhi,Startup,Married,1.0,84.0,0,No,67365,114176,
4950,Bethany Torres,41.0,Female,,Administration,Software Engineer,9.0,1.0,No,Hybrid,Jaipur,Startup,Single,9.0,63.0,9,Yes,143112,117727,
2225,Veronica Smith,48.0,Male,Diploma,Marketing,HR Executive,26.0,1.0,No,Office,Bangalore,Medium,Married,2.0,94.0,1,Yes,106427,147097,
997,Pamela Frazier,48.0,Female,Bachelor's,Marketing,Database Administrator,1.0,1.0,No,Office,Ghaziabad,Medium,Married,3.0,72.0,0,No,62399,91256,
3615,Mary Wilson,27.0,Female,Bachelor's,Administration,Data Analyst,6.0,,Yes,Office,Kolkata,Medium,Single,5.0,91.0,0,No,72891,114042,
2603,Catherine Williamson,46.0,Male,Bachelor's,Research,Accountant,18.0,1.0,No,Office,Mumbai,Medium,Single,1.0,85.0,9,No,130464,125194,
960,Jacob Bryant,37.0,Female,Diploma,Marketing,Cyber Security Analyst,1.0,2.0,Yes,Office,Lucknow,Medium,Married,8.0,91.0,0,Yes,84079,122125,
1809,Rebecca Lane,,Male,High School,Legal,Marketing Executive,28.0,3.0,Yes,Office,Jaipur,Enterprise,Single,9.0,92.0,11,No,98117,167185,
1750,Allison Anderson,32.0,Male,PhD,,Full Stack Developer,2.0,,No,,Lucknow,Large,Single,6.0,63.0,0,No,165172,148297,
2916,Lori Jones,23.0,Male,Bachelor's,Legal,Sales Executive,1.0,4.0,No,Hybrid,Indore,Medium,Married,10.0,44.0,0,Yes,71702,98774,
2597,Kelly Dyer,34.0,Female,Master's,Legal,Frontend Developer,,1.0,Yes,Remote,Bangalore,Startup,Single,9.0,63.0,12,Yes,192744,156186,
1743,Erin Espinoza,,Female,Diploma,Sales,Product Manager,2.0,2.0,Yes,Office,Jaipur,Large,Single,2.0,95.0,1,No,190716,248104,
4525,William Potts,27.0,Male,Diploma,IT,Business Analyst,1.0,5.0,Yes,Remote,Indore,Startup,Single,1.0,85.0,0,Yes,90080,109416,
1211,Chris Phelps,59.0,Female,Bachelor's,IT,ML Engineer,4.0,4.0,No,Office,Gurgaon,Medium,Married,0.0,86.0,3,No,71965,122688,
2678,Timothy Church,54.0,Female,Bachelor's,Finance,Sales Manager,27.0,1.0,No,Hybrid,Faridabad,Medium,Married,6.0,76.0,9,No,46496,162402,
3224,Jay Holland,23.0,Female,Bachelor's,Marketing,Frontend Developer,3.0,1.0,Yes,Remote,Delhi,Enterprise,Married,6.0,85.0,2,Yes,97047,133493,
4451,Crystal Cox,49.0,Female,Master's,Administration,Cloud Engineer,28.0,4.0,No,Hybrid,Noida,Medium,Married,4.0,,7,Yes,50392,207611,
4927,Louis Richardson,31.0,Female,,,Data Scientist,11.0,2.0,No,Office,Delhi,Medium,Single,8.0,88.0,8,No,131480,154602,
1742,Jennifer King,56.0,Male,Master's,Marketing,HR Executive,1.0,3.0,No,Office,Jaipur,Large,Married,1.0,100.0,1,No,63289,99184,
814,Emily Roach,43.0,Male,,Operations,HR Executive,4.0,,No,Remote,Pune,Large,Single,9.0,82.0,0,Yes,172308,101164,
2369,Joshua Collins,55.0,Female,Bachelor's,Customer Support,Frontend Developer,0.0,1.0,No,Remote,Jaipur,Medium,Married,2.0,67.0,0,No,198314,82131,
4543,Joseph Moore,53.0,Female,,Administration,Product Manager,24.0,3.0,No,Office,Pune,Large,Single,2.0,100.0,19,Yes,122867,227234,
982,Joseph Hernandez,30.0,Female,Diploma,Administration,Product Manager,9.0,5.0,No,Remote,Pune,Large,Single,7.0,56.0,7,No,26030,151375,
2182,Heather Lee,48.0,Female,Master's,IT,Frontend Developer,10.0,1.0,Yes,Office,Ahmedabad,Large,Single,8.0,65.0,7,No,47578,141314,
450,Charles Boyd,57.0,Female,Bachelor's,IT,Sales Manager,18.0,5.0,No,Remote,Indore,Medium,Single,8.0,49.0,3,No,120300,153813,
301,William Blanchard,26.0,Male,Diploma,Operations,Database Administrator,2.0,3.0,No,Remote,Hyderabad,Large,Single,2.0,57.0,0,No,118510,282492,
3085,William Mendoza,40.0,Male,PhD,Research,Finance Analyst,10.0,1.0,No,Office,Lucknow,Large,Married,10.0,47.0,6,No,181441,162185,
2618,Keith Bryant,55.0,Male,Bachelor's,Sales,Cyber Security Analyst,35.0,1.0,Yes,Office,Mumbai,Medium,Divorced,7.0,64.0,8,No,59724,204653,
574,Julian Price,22.0,Male,PhD,Operations,Cyber Security Analyst,1.0,5.0,Yes,Office,Faridabad,Medium,Single,2.0,48.0,1,Yes,85424,155586,
2937,Kim Smith,55.0,Female,,Legal,Full Stack Developer,17.0,2.0,No,Office,Indore,Startup,Single,1.0,69.0,6,Yes,77464,143189,
2142,Ricardo Wilson,31.0,Male,High School,Marketing,Database Administrator,2.0,5.0,No,Hybrid,Hyderabad,Large,Married,10.0,48.0,2,No,110583,107459,
3864,John Montes,28.0,Male,High School,Administration,Data Engineer,0.0,4.0,No,Hybrid,Hyderabad,Medium,Single,10.0,63.0,0,No,156887,104935,
2127,Michelle Smith,29.0,Male,PhD,Operations,ML Engineer,9.0,1.0,No,Hybrid,Noida,Large,Single,10.0,44.0,6,No,71734,175814,
3992,David Morales,55.0,Male,High School,Finance,Software Engineer,9.0,5.0,No,Office,Kolkata,Medium,Married,9.0,95.0,3,No,44158,119453,
1863,Joel Sullivan,60.0,Male,,Legal,Frontend Developer,11.0,1.0,Yes,Remote,Jaipur,Medium,Single,10.0,61.0,1,Yes,223214,400851,
4050,Mr. Sean Sanchez,22.0,Female,PhD,,Data Analyst,0.0,1.0,No,Office,Chennai,Enterprise,Single,8.0,80.0,0,No,66246,131324,
1020,Amy Rogers,54.0,Male,Diploma,Customer Support,DevOps Engineer,24.0,2.0,No,Office,Mumbai,Medium,Single,6.0,79.0,5,Yes,92131,184396,
4434,Evelyn Rios,23.0,Female,Bachelor's,Finance,Sales Manager,1.0,1.0,No,Remote,Lucknow,Medium,Single,3.0,,0,No,113509,97572,
2195,Stephanie Jenkins,57.0,Male,Bachelor's,Customer Support,Product Manager,30.0,3.0,Yes,Office,Noida,Medium,Single,8.0,60.0,3,No,80589,214378,
4364,Justin Michael,60.0,Male,PhD,Administration,Project Manager,3.0,3.0,No,Remote,Ghaziabad,Enterprise,Single,,48.0,0,Yes,165992,172346,
1719,Joseph Chavez,45.0,Female,Diploma,Legal,Finance Analyst,8.0,5.0,Yes,Remote,Kolkata,Medium,Married,0.0,74.0,4,No,164579,111323,
1617,Derrick Graham,50.0,Male,Bachelor's,HR,DevOps Engineer,21.0,3.0,No,Office,Mumbai,Enterprise,Married,,85.0,3,Yes,40011,189040,
64,Natalie Rollins,24.0,Female,Master's,HR,Marketing Executive,1.0,5.0,Yes,Remote,Ghaziabad,Large,Married,1.0,56.0,0,No,148377,112291,
1460,Joseph Sanchez,23.0,Male,Diploma,IT,Product Manager,2.0,3.0,No,Hybrid,Bangalore,Medium,Married,2.0,,0,No,103780,111338,
3413,Ashley Medina,23.0,Female,Bachelor's,Legal,ML Engineer,0.0,4.0,No,Office,Faridabad,Medium,Married,9.0,54.0,0,No,170327,124393,
2593,John Barnes,43.0,Male,Master's,Administration,Sales Manager,6.0,2.0,No,Office,Noida,Medium,Single,4.0,54.0,0,No,122674,120675,
4581,Eric Frederick,21.0,Female,,,Full Stack Developer,1.0,3.0,No,Office,Jaipur,Startup,Married,4.0,,0,No,173058,93542,
669,Jason Rogers MD,52.0,Male,Bachelor's,Research,Data Scientist,13.0,1.0,No,Office,Mumbai,Enterprise,Married,7.0,85.0,10,Yes,125246,176958,
1429,Marilyn Williams,25.0,Female,Diploma,Legal,Marketing Manager,2.0,1.0,Yes,Remote,Jaipur,Startup,Married,10.0,61.0,0,No,136985,98034,
4689,Natalie Nelson,36.0,Male,High School,Legal,Backend Developer,5.0,1.0,No,Hybrid,Faridabad,Medium,Married,2.0,60.0,3,No,38556,85475,
4368,Kevin Davis,44.0,Male,Master's,Marketing,Data Scientist,16.0,2.0,No,Office,Faridabad,Startup,Married,1.0,99.0,8,No,56337,157812,
4567,Douglas Strickland,49.0,Male,Diploma,Research,Database Administrator,24.0,2.0,No,Hybrid,Chennai,Large,Single,6.0,53.0,18,No,28614,161713,
3676,Heather Watkins,24.0,Male,Bachelor's,Marketing,Cloud Engineer,2.0,2.0,No,Office,Mumbai,Large,Married,9.0,50.0,2,No,138963,111401,
523,Melissa Griffin,38.0,Male,Diploma,Marketing,Backend Developer,0.0,1.0,No,,Indore,Medium,Single,6.0,46.0,0,No,191252,79522,
3983,Phyllis Moran,27.0,Male,Bachelor's,Research,DevOps Engineer,1.0,5.0,No,Office,Hyderabad,Medium,Single,4.0,47.0,1,No,73147,106821,
29,Brian Bradley,36.0,Male,Bachelor's,Sales,Sales Executive,4.0,4.0,No,Hybrid,Hyderabad,Startup,Married,6.0,53.0,1,No,58102,90367,
2899,Gina White,44.0,Male,Diploma,Customer Support,HR Executive,21.0,3.0,Yes,Hybrid,Chennai,Startup,Married,3.0,43.0,3,Yes,106474,132623,
3033,Thomas Robinson,46.0,Male,Diploma,Administration,Database Administrator,,1.0,Yes,Remote,Lucknow,Large,Single,5.0,85.0,1,Yes,71754,130336,
2257,Angel Bell,54.0,Female,Master's,HR,Accountant,3.0,,No,Remote,Delhi,Large,Single,8.0,79.0,1,No,60160,109452,
2341,Maria Juarez,22.0,Male,Bachelor's,,Cloud Engineer,1.0,3.0,Yes,Hybrid,Bangalore,Large,Married,6.0,94.0,1,No,484449,253134,
3698,Amber Hamilton,,Male,High School,Legal,Frontend Developer,14.0,3.0,No,Office,Bangalore,Medium,Single,1.0,93.0,7,No,75608,111684,
3129,Carla Mueller,,Female,PhD,Finance,Accountant,1.0,3.0,Yes,Office,Gurgaon,Startup,Married,3.0,59.0,0,No,182489,115087,
3897,Taylor Taylor,,Male,Bachelor's,IT,Marketing Executive,1.0,2.0,No,Hybrid,Hyderabad,Large,Married,8.0,91.0,0,No,78928,99887,
4211,Daniel Richards,60.0,Male,High School,Customer Support,Product Manager,32.0,1.0,No,,Jaipur,Large,Single,5.0,63.0,3,Yes,55042,209427,
1671,Carol Castro,48.0,Male,Master's,IT,Cyber Security Analyst,19.0,3.0,No,Remote,Ghaziabad,Enterprise,Single,3.0,75.0,7,Yes,146934,190372,
2796,James Vargas,59.0,Male,Master's,Operations,Data Engineer,19.0,,Yes,Office,Jaipur,Medium,Single,7.0,57.0,6,No,169201,178661,
350,Matthew Davis,58.0,Female,High School,Research,Full Stack Developer,,2.0,No,Office,Lucknow,Startup,Single,7.0,87.0,18,No,122326,151799,
4891,Cynthia Rose,36.0,Female,Bachelor's,Operations,Data Engineer,16.0,1.0,No,Office,Lucknow,Medium,Single,5.0,70.0,16,No,124304,136461,
4235,Tina Mueller,30.0,Male,Master's,Marketing,Marketing Manager,1.0,5.0,No,Office,Kolkata,Large,Single,1.0,43.0,0,Yes,37199,129228,
4941,Erin Martinez,53.0,Female,Bachelor's,Administration,Data Engineer,19.0,4.0,No,,Lucknow,Enterprise,Married,1.0,56.0,6,No,106024,177779,
2633,Austin Moore,44.0,Male,Diploma,Customer Support,HR Manager,23.0,4.0,Yes,Hybrid,Ghaziabad,Startup,Married,3.0,100.0,9,No,178624,308994,
967,Joshua Johnson,37.0,Male,Master's,Operations,DevOps Engineer,10.0,2.0,No,Remote,Jaipur,Medium,Married,4.0,91.0,4,No,88772,141188,
1530,Jesse Vaughan,33.0,Female,Master's,Legal,Software Engineer,4.0,1.0,Yes,Hybrid,Bangalore,Medium,Married,3.0,77.0,3,No,180747,114642,
2817,Erika Gray,,Male,Bachelor's,Sales,Full Stack Developer,5.0,2.0,No,Remote,Kolkata,Medium,Divorced,6.0,41.0,4,No,47506,103562,
2600,Chelsey Robbins,40.0,Male,Bachelor's,Operations,Accountant,0.0,2.0,Yes,Office,Mumbai,Medium,Single,2.0,,0,No,65599,76831,
2305,Amanda Monroe,25.0,Male,Bachelor's,Finance,Project Manager,4.0,3.0,No,Office,Hyderabad,Medium,Married,4.0,64.0,1,No,60954,122345,
4537,Austin Nash,49.0,Male,Bachelor's,Operations,Finance Analyst,24.0,3.0,Yes,Remote,Ghaziabad,Large,Married,7.0,67.0,1,No,93910,185824,
2898,Steven Gibbs,25.0,Female,Diploma,Marketing,Network Engineer,4.0,1.0,No,Hybrid,Ahmedabad,Enterprise,Single,3.0,47.0,4,No,130103,97178,
3802,Paul Santos,40.0,Female,High School,Sales,DevOps Engineer,15.0,1.0,No,Office,Bangalore,Large,Married,8.0,94.0,12,No,153719,143982,
3556,Cole Smith,,Male,Diploma,Finance,Marketing Manager,1.0,2.0,No,Office,Lucknow,Medium,Single,7.0,79.0,0,No,183933,101899,
2281,Jessica Burns,21.0,Male,Bachelor's,Legal,HR Manager,0.0,5.0,No,Office,Pune,Startup,Single,8.0,58.0,0,No,188365,90789,
3649,Leah Beltran,41.0,Male,Master's,Finance,Data Analyst,11.0,4.0,No,Office,Faridabad,Enterprise,Single,10.0,91.0,2,No,79605,155782,
863,Thomas Browning,45.0,Female,Master's,HR,Sales Manager,13.0,3.0,No,Office,Pune,Medium,Single,8.0,64.0,5,Yes,63755,164433,
946,Brian Ramirez,52.0,Female,Bachelor's,Finance,Cyber Security Analyst,,3.0,No,Hybrid,Delhi,Large,Married,,51.0,13,No,49251,166172,
3639,Robert Lopez,39.0,Female,,HR,ML Engineer,8.0,1.0,No,Office,Bangalore,Startup,Single,1.0,81.0,8,No,156120,109532,
256,Brenda Baker,34.0,Female,Bachelor's,Administration,Product Manager,12.0,5.0,No,Hybrid,Ghaziabad,Medium,Single,4.0,61.0,9,No,92920,158793,
259,Richard Reyes,48.0,Female,Diploma,Legal,Database Administrator,15.0,2.0,No,Office,Pune,Enterprise,Single,6.0,,1,No,187415,153131,
1562,Kyle Williams,,Male,,Finance,Data Analyst,12.0,4.0,Yes,Hybrid,Hyderabad,Large,Married,0.0,82.0,5,No,121395,122382,
805,Mark Medina,29.0,Female,Master's,IT,Full Stack Developer,6.0,2.0,Yes,Hybrid,Bangalore,Large,Married,8.0,90.0,2,Yes,179402,161663,
4987,Kyle Buck,60.0,Male,Bachelor's,HR,Data Engineer,29.0,2.0,No,Office,Bangalore,Enterprise,Married,1.0,83.0,1,No,122887,193869,
4246,Mr. Christian Hebert,30.0,Female,Bachelor's,Marketing,Sales Manager,5.0,2.0,Yes,Hybrid,Mumbai,Large,Married,9.0,73.0,5,No,172748,124388,
3440,Christopher Serrano,54.0,Female,Master's,Customer Support,Cloud Engineer,,4.0,No,Hybrid,Gurgaon,Startup,Married,8.0,87.0,1,No,169038,145094,
4560,David Johnson,31.0,Female,,Finance,Accountant,0.0,1.0,No,Remote,Faridabad,Medium,Single,10.0,47.0,0,No,159869,69683,
4732,Dana James,59.0,Male,Bachelor's,Legal,Network Engineer,14.0,5.0,No,,Indore,Large,Single,5.0,57.0,4,Yes,127472,157554,
2769,Kevin Hoover,29.0,Female,Master's,Finance,Data Engineer,6.0,4.0,Yes,Office,Bangalore,Startup,Single,6.0,57.0,1,No,141223,142050,
4914,Patrick Perkins,43.0,Male,Bachelor's,Legal,QA Engineer,14.0,2.0,Yes,,Noida,Startup,Single,2.0,98.0,5,Yes,132115,141636,
224,Bianca Gibson,22.0,Female,Master's,IT,Backend Developer,1.0,2.0,No,Remote,Noida,Enterprise,Single,5.0,96.0,0,No,32226,126713,
1909,Alexander Austin,29.0,Male,High School,HR,Project Manager,2.0,2.0,Yes,Office,Noida,Large,Married,0.0,54.0,0,No,177471,107907,
2095,Jennifer Ware,50.0,Female,High School,Finance,Product Manager,15.0,1.0,No,Hybrid,Ghaziabad,Medium,Married,,91.0,4,No,188427,138683,
3399,Connie Calderon,58.0,Male,Bachelor's,Customer Support,Data Scientist,26.0,2.0,No,Office,Ahmedabad,Medium,Single,5.0,45.0,19,No,72707,165098,
4053,Stacey Barnes,60.0,Female,Master's,Customer Support,HR Manager,29.0,,No,Hybrid,Chennai,Medium,Single,1.0,88.0,2,No,28120,165108,
1285,Mr. Omar Cook DDS,52.0,Female,Bachelor's,Sales,QA Engineer,7.0,3.0,No,Office,Mumbai,Enterprise,Married,10.0,46.0,2,Yes,61104,139355,
2522,Emily Black,21.0,Male,Bachelor's,Marketing,Frontend Developer,1.0,2.0,No,Hybrid,Hyderabad,Enterprise,Married,,52.0,0,No,152578,101342,
785,Natasha Bush,29.0,Male,High School,Finance,Data Engineer,3.0,1.0,No,Office,Jaipur,Enterprise,Divorced,10.0,44.0,3,Yes,149327,126593,
3542,Bruce Lewis,26.0,Male,Master's,,Sales Manager,2.0,4.0,Yes,Hybrid,Bangalore,Medium,Divorced,1.0,43.0,1,Yes,32126,133723,
4192,Danielle Harrington,46.0,Female,Master's,,DevOps Engineer,22.0,1.0,No,,Indore,Large,Single,3.0,83.0,2,Yes,163044,178954,
3296,Daniel Clark,47.0,Male,Diploma,Sales,Network Engineer,17.0,1.0,No,Office,Noida,Enterprise,Single,1.0,52.0,15,Yes,114242,143628,
3387,Michael Richmond PhD,56.0,Male,Bachelor's,Administration,Cyber Security Analyst,15.0,3.0,No,Office,Indore,Large,Single,3.0,,3,No,30532,150146,
2372,Alexandra Castaneda,44.0,Male,Diploma,HR,Finance Analyst,2.0,3.0,No,Office,Chennai,Startup,Single,0.0,,0,No,140758,80409,
437,Cassandra Pham,26.0,Male,High School,HR,Finance Analyst,2.0,4.0,Yes,Remote,Ghaziabad,Medium,Married,8.0,64.0,0,No,178322,101925,
4369,Sabrina Mcdonald,34.0,Female,Diploma,Legal,Business Analyst,9.0,4.0,Yes,Hybrid,Hyderabad,Medium,Married,4.0,64.0,1,No,167186,116360,
4755,Amber Sanchez,43.0,Female,Bachelor's,Finance,HR Manager,8.0,2.0,No,Remote,Indore,Large,Single,2.0,56.0,7,No,105008,114571,
180,Heather Kramer,56.0,Female,High School,Research,HR Executive,20.0,2.0,No,Office,Chennai,Startup,Single,7.0,41.0,16,Yes,51881,120227,
836,Jasmine Fletcher,51.0,Female,Bachelor's,Customer Support,DevOps Engineer,22.0,4.0,No,Office,Kolkata,Medium,Single,4.0,84.0,20,No,187596,167050,
361,Grace Gates,49.0,Female,Bachelor's,HR,ML Engineer,17.0,4.0,Yes,Hybrid,Indore,Large,Married,7.0,90.0,2,No,189357,184869,
1893,Jose Gomez,60.0,Male,,IT,Marketing Manager,23.0,5.0,No,Office,Ahmedabad,Large,Single,9.0,96.0,3,Yes,48911,186270,
2830,Angela Henderson,48.0,Female,Master's,,Marketing Manager,10.0,4.0,No,Hybrid,Jaipur,Startup,Married,3.0,53.0,7,No,91872,138914,
2660,Stacy Gibson,36.0,Female,Bachelor's,Customer Support,Backend Developer,16.0,3.0,No,Hybrid,Bangalore,Medium,Single,6.0,78.0,14,No,289830,415710,
385,Matthew Matthews,53.0,Female,Diploma,,Data Analyst,19.0,2.0,No,Hybrid,Hyderabad,Medium,Single,4.0,56.0,9,No,47818,129840,
1964,Monica Hall,53.0,Female,Bachelor's,Finance,Finance Analyst,4.0,2.0,Yes,,Faridabad,Medium,Married,4.0,73.0,0,No,116636,103993,
516,Adam Hutchinson,39.0,Female,Master's,Finance,DevOps Engineer,14.0,5.0,Yes,Office,Lucknow,Medium,Single,4.0,62.0,10,No,40156,171767,
2306,Krystal Dunlap,45.0,Male,Diploma,Operations,Database Administrator,24.0,4.0,No,Office,Bangalore,Medium,Married,6.0,51.0,10,No,173561,167298,
1780,Andrea Wells,38.0,Male,Bachelor's,Customer Support,DevOps Engineer,6.0,3.0,No,Remote,Delhi,Large,Married,2.0,77.0,2,No,115756,121513,
3585,Christine Robinson,52.0,Male,Diploma,Research,Data Scientist,31.0,3.0,No,Hybrid,Jaipur,Medium,Single,4.0,75.0,0,No,103753,190250,
3074,Amy Long,55.0,Female,Bachelor's,Administration,ML Engineer,6.0,2.0,No,Remote,Gurgaon,Medium,Single,,68.0,3,No,80086,129433,
3859,Adam Porter,36.0,Male,Bachelor's,HR,Sales Executive,11.0,1.0,Yes,Hybrid,Mumbai,Large,Married,4.0,80.0,7,No,25878,115392,
4521,William Clements,31.0,Male,Bachelor's,HR,Full Stack Developer,1.0,4.0,No,Office,Delhi,Startup,Married,8.0,65.0,1,No,45773,98465,
1553,Rachel Mcneil,48.0,Male,Master's,Customer Support,Software Engineer,11.0,4.0,Yes,Office,Hyderabad,Enterprise,Married,1.0,100.0,8,Yes,195407,179358,
430,Samantha Stephens,52.0,Female,Master's,Legal,Marketing Manager,25.0,1.0,No,Hybrid,Kolkata,Large,Single,9.0,98.0,15,No,144693,182845,
2072,Lisa Thornton,31.0,Male,Diploma,Legal,Marketing Executive,1.0,2.0,Yes,,Faridabad,Large,Single,6.0,100.0,0,No,185163,99092,
4054,Angela Ortiz,44.0,Female,Master's,Marketing,Marketing Executive,18.0,3.0,No,Office,Jaipur,Large,Single,10.0,85.0,4,Yes,199589,174889,
3437,Jamie Johnson,25.0,Male,Bachelor's,Legal,Marketing Manager,0.0,5.0,Yes,Hybrid,Lucknow,Medium,Married,,67.0,0,No,125822,106002,
1897,David Bryant,21.0,Female,Bachelor's,Finance,Full Stack Developer,0.0,5.0,No,Office,Bangalore,Medium,Married,2.0,76.0,0,No,121881,105492,
3495,Gregg Moore,33.0,Female,Bachelor's,Administration,Database Administrator,5.0,3.0,No,Hybrid,Ghaziabad,Startup,Married,8.0,78.0,0,No,42015,104140,
135,Timothy Ferguson,50.0,Female,Diploma,Customer Support,Business Analyst,21.0,2.0,Yes,Hybrid,Chennai,Large,Single,8.0,84.0,3,Yes,153715,176195,
309,Alexander Vargas,45.0,Female,High School,Operations,Network Engineer,5.0,1.0,No,Office,Indore,Startup,Single,2.0,50.0,5,Yes,174546,92246,
3998,Kayla Rose,29.0,Female,Bachelor's,,Sales Manager,1.0,5.0,No,Hybrid,Ahmedabad,Medium,Single,7.0,65.0,0,Yes,96905,123394,
508,Troy Hernandez,53.0,Female,Diploma,Customer Support,Data Analyst,0.0,3.0,No,Remote,Delhi,Enterprise,Single,2.0,97.0,0,No,50020,95447,
1634,Scott Malone,44.0,Female,Bachelor's,Legal,Business Analyst,4.0,5.0,No,Office,Gurgaon,Medium,Married,6.0,92.0,3,No,166452,121077,
2207,Laura Reid,46.0,Female,Bachelor's,HR,Network Engineer,18.0,,Yes,Hybrid,Faridabad,Medium,Single,2.0,75.0,0,No,89283,150310,
190,Justin Mcclain,47.0,Male,Bachelor's,Legal,Full Stack Developer,24.0,1.0,Yes,Remote,Noida,Enterprise,Single,6.0,88.0,2,No,128125,191134,
1440,Christopher Barnes,,Female,Diploma,Legal,Product Manager,13.0,1.0,No,Office,Bangalore,Medium,Single,3.0,76.0,10,No,93749,141369,
2552,Curtis Sanchez,,Male,Master's,Customer Support,Accountant,5.0,,Yes,Office,Ahmedabad,Medium,Married,5.0,79.0,2,Yes,77803,133996,
4637,Teresa Baker,56.0,Female,Diploma,HR,Data Analyst,22.0,3.0,No,Remote,Jaipur,Large,Single,2.0,,3,No,63654,148309,
146,Matthew Phillips,43.0,Female,Bachelor's,Marketing,QA Engineer,15.0,3.0,No,Office,Delhi,Startup,Married,1.0,74.0,7,Yes,143950,139612,
3059,Douglas Lambert,50.0,Female,Bachelor's,Customer Support,HR Executive,21.0,2.0,No,Office,Kolkata,Large,Married,3.0,73.0,0,No,106547,136224,
3623,Samuel Day,43.0,Female,Diploma,IT,Full Stack Developer,6.0,5.0,No,Office,Bangalore,Large,Married,2.0,82.0,5,No,150854,115933,
2051,Brittany Green,33.0,Male,,Finance,Sales Executive,8.0,3.0,No,Office,Indore,Startup,Single,2.0,97.0,8,No,118314,113253,
2525,Samantha Snow,27.0,Female,Bachelor's,Marketing,Finance Analyst,5.0,4.0,No,Office,Kolkata,Medium,Married,6.0,79.0,4,Yes,80157,120630,
4200,Timothy Harris,27.0,Male,Bachelor's,Sales,Database Administrator,6.0,1.0,No,Office,Pune,Large,Married,1.0,86.0,2,Yes,157921,124176,
151,Brenda Gibson,36.0,Female,High School,Finance,Cyber Security Analyst,16.0,2.0,No,Hybrid,Faridabad,Medium,Married,4.0,100.0,8,No,66403,128401,
2671,Philip Tanner,37.0,Female,Bachelor's,,QA Engineer,12.0,5.0,No,Hybrid,Noida,Medium,Single,9.0,53.0,8,Yes,171814,142395,
4426,Erin Jackson,28.0,Male,,Sales,Cloud Engineer,0.0,5.0,Yes,Office,Delhi,Startup,Single,6.0,57.0,0,No,66580,107408,
2097,Chris Williams,,Female,High School,,HR Executive,9.0,3.0,No,Remote,Bangalore,Enterprise,Married,8.0,92.0,7,No,59606,111337,
825,Melissa Garcia,22.0,Female,Master's,Research,Data Engineer,2.0,,No,Office,Jaipur,Medium,Single,1.0,63.0,0,No,52743,112802,
202,Haley Gallagher,37.0,Male,Bachelor's,Marketing,Sales Manager,5.0,3.0,No,Office,Mumbai,Large,Single,1.0,69.0,3,No,66163,115836,
3319,Miss Stephanie Clark,54.0,Female,Bachelor's,Operations,Full Stack Developer,26.0,1.0,Yes,Office,Mumbai,Enterprise,Divorced,1.0,88.0,7,No,168415,180102,
2503,Steven Thompson,55.0,Female,Bachelor's,Marketing,Finance Analyst,22.0,2.0,No,Office,Pune,Large,Married,8.0,93.0,2,Yes,156769,188903,
1320,Cynthia Jones,37.0,Female,Diploma,Sales,Backend Developer,10.0,,No,Hybrid,Ghaziabad,Medium,Single,7.0,68.0,1,No,44055,115987,
4610,Zachary Stark,35.0,Female,Bachelor's,Administration,Business Analyst,,1.0,No,Remote,Jaipur,Large,Single,9.0,48.0,7,No,131111,129462,
4492,Marc Mccoy,57.0,Female,Master's,Research,Backend Developer,11.0,5.0,No,Office,Jaipur,Medium,Married,10.0,97.0,3,Yes,74660,168927,
1028,Dustin Sanchez,47.0,Female,Bachelor's,Legal,Sales Manager,23.0,1.0,Yes,,Mumbai,Startup,Single,3.0,59.0,7,No,191030,160398,
2219,Thomas Willis,49.0,Female,Diploma,Marketing,Sales Manager,19.0,2.0,No,Remote,Bangalore,Medium,Single,7.0,43.0,12,Yes,134383,157395,
1205,Monica Porter,54.0,Male,Master's,HR,Database Administrator,3.0,1.0,No,Office,Indore,Large,Married,3.0,70.0,2,No,164499,115427,
2697,Mr. Dennis Schultz,37.0,Female,High School,,Business Analyst,3.0,1.0,No,Office,Lucknow,Medium,Single,2.0,76.0,2,Yes,195036,98079,
998,Susan Bennett,27.0,Male,Bachelor's,Finance,Data Engineer,7.0,4.0,Yes,Office,Bangalore,Enterprise,Married,9.0,51.0,1,No,197943,160021,
2813,Shannon Bailey,45.0,Male,Master's,Customer Support,Data Engineer,18.0,3.0,Yes,Hybrid,Ghaziabad,Startup,Married,2.0,,6,No,74491,169004,
2620,Catherine Gordon,49.0,Male,Diploma,Operations,DevOps Engineer,13.0,2.0,No,Remote,Delhi,Startup,Married,1.0,53.0,12,No,173614,117001,
2768,Keith Miller,57.0,Male,Diploma,Finance,Data Analyst,3.0,5.0,Yes,Remote,Mumbai,Startup,Single,7.0,100.0,1,No,159764,102575,
3197,Mr. Justin Lara,22.0,Female,Bachelor's,HR,Sales Manager,0.0,4.0,No,Hybrid,Noida,Startup,Married,1.0,,0,No,99778,91553,
4547,Gabriel Davis,29.0,Female,Bachelor's,,ML Engineer,4.0,1.0,Yes,,Noida,Large,Married,1.0,84.0,1,Yes,115830,145313,
2288,Alicia Jenkins,27.0,Male,Master's,Customer Support,Sales Executive,2.0,4.0,No,Hybrid,Kolkata,Large,Single,9.0,73.0,1,No,451420,348348,
2736,Brian Rojas,40.0,Male,Master's,Sales,Finance Analyst,18.0,4.0,No,Office,Gurgaon,Large,Single,9.0,92.0,8,No,93742,177051,
2409,Emily Franklin,24.0,Female,PhD,Operations,Software Engineer,3.0,1.0,Yes,Office,Ghaziabad,Startup,Married,3.0,52.0,0,Yes,64628,137814,
1467,Cheryl Aguilar,33.0,Male,Bachelor's,Customer Support,Backend Developer,1.0,5.0,No,Office,Pune,Medium,Married,0.0,96.0,1,No,28634,100554,
336,Lisa Jordan,32.0,Female,High School,HR,DevOps Engineer,5.0,2.0,No,Office,Lucknow,Large,Married,6.0,43.0,1,Yes,181897,117711,
3199,Grant Gutierrez,40.0,Female,Master's,Legal,Backend Developer,7.0,5.0,No,Office,Ghaziabad,Startup,Single,10.0,81.0,7,No,155449,133692,
4532,Deanna Ochoa,38.0,Male,Diploma,Operations,Software Engineer,14.0,5.0,Yes,Hybrid,Ghaziabad,Medium,Married,2.0,57.0,9,No,28221,131258,
3281,Lisa Harper,40.0,Female,Diploma,Finance,Finance Analyst,17.0,1.0,No,Office,Ghaziabad,Startup,Single,4.0,,8,Yes,31416,127052,
413,Andrea Cooper,,Male,Bachelor's,Operations,Business Analyst,10.0,3.0,No,Hybrid,Noida,Medium,Married,0.0,71.0,6,Yes,59339,120403,
4855,Casey Brown,29.0,Male,Bachelor's,Sales,Project Manager,0.0,1.0,Yes,Hybrid,Kolkata,Enterprise,Married,7.0,100.0,0,Yes,99067,147036,
4861,Angela Thompson,54.0,Female,Master's,Administration,Frontend Developer,31.0,2.0,Yes,Hybrid,Pune,Startup,Single,9.0,59.0,20,No,24549,189739,
2266,Lisa Lewis,21.0,Female,Bachelor's,HR,Cyber Security Analyst,1.0,1.0,No,Remote,Lucknow,Startup,Single,1.0,86.0,0,No,149443,90235,
204,Shane Kaufman,25.0,Female,Bachelor's,IT,HR Executive,1.0,4.0,Yes,Hybrid,Noida,Medium,Single,7.0,49.0,1,No,117718,87704,
1954,Alexander Miles,31.0,Male,Bachelor's,Research,Marketing Manager,10.0,5.0,No,Remote,Chennai,Startup,Married,9.0,74.0,3,No,111241,134035,
3733,Betty Schultz,48.0,Male,Diploma,Administration,Product Manager,7.0,5.0,No,Remote,Gurgaon,Startup,Single,,93.0,3,Yes,82900,154088,
4010,Jeremy Moore,44.0,Female,Bachelor's,Customer Support,Product Manager,18.0,2.0,Yes,Hybrid,Delhi,Startup,Married,4.0,96.0,2,No,69401,180635,
1656,Kyle Willis,30.0,Female,Master's,IT,Cloud Engineer,5.0,2.0,Yes,Remote,Hyderabad,Enterprise,Single,,69.0,2,Yes,179966,167764,
2940,Amanda Miranda,27.0,Female,Master's,Operations,Backend Developer,7.0,4.0,Yes,Hybrid,Mumbai,Medium,Married,3.0,85.0,1,No,23834,134937,
3297,Anna Esparza,43.0,Male,Bachelor's,Legal,Database Administrator,23.0,2.0,No,Remote,Indore,Large,Single,9.0,51.0,20,Yes,29048,171808,
1536,Erica Chandler,22.0,Female,Master's,Administration,Backend Developer,1.0,1.0,No,Office,Mumbai,Enterprise,Single,,50.0,0,No,48093,116030,
3500,Nicholas Lopez,31.0,Male,Bachelor's,Marketing,Data Scientist,8.0,1.0,Yes,Hybrid,Noida,Enterprise,Single,8.0,73.0,1,No,194953,154410,
4238,Casey Underwood,,Male,Bachelor's,Administration,Cloud Engineer,7.0,2.0,Yes,Hybrid,Pune,Enterprise,Single,2.0,59.0,2,Yes,43076,151751,
950,Lauren Velez,45.0,Female,Master's,Administration,QA Engineer,23.0,4.0,No,Office,Pune,Startup,Single,6.0,87.0,10,No,33872,159048,
4974,Sheryl Moore,52.0,Female,Diploma,IT,QA Engineer,17.0,5.0,No,Hybrid,Indore,Enterprise,Single,2.0,,17,No,115020,151104,
4391,Daniel Trujillo,29.0,Male,,Research,Backend Developer,9.0,3.0,No,Office,Ahmedabad,Medium,Married,10.0,100.0,4,Yes,161211,416946,
4752,Michael Miller,32.0,Male,,IT,Backend Developer,0.0,4.0,Yes,,Chennai,Medium,Single,,82.0,0,No,85148,102594,
1338,Stephanie Hayes,,Male,Bachelor's,Customer Support,Cloud Engineer,6.0,4.0,No,Remote,Faridabad,Medium,Married,6.0,74.0,6,Yes,105184,130549,
3472,Gwendolyn Perkins,42.0,Male,Bachelor's,Administration,DevOps Engineer,2.0,1.0,No,Hybrid,Chennai,Large,Single,3.0,84.0,0,No,39810,112419,
6,James Smith,37.0,Male,Master's,Marketing,Cloud Engineer,7.0,2.0,Yes,Remote,Pune,Medium,Single,,62.0,5,No,30965,147107,
1707,James Briggs,60.0,Female,Diploma,Finance,Data Analyst,19.0,1.0,No,Office,Lucknow,Large,Single,9.0,79.0,2,No,151996,129655,
2738,Darlene French,38.0,Female,,Research,Cyber Security Analyst,14.0,5.0,No,Hybrid,Kolkata,Large,Single,5.0,78.0,8,No,148619,157054,
2693,Tristan Hardy,58.0,Male,PhD,Finance,Cloud Engineer,24.0,5.0,Yes,Hybrid,Kolkata,Medium,Married,1.0,72.0,0,No,199722,218454,
2757,Jamie Parker,53.0,Male,Bachelor's,Customer Support,Business Analyst,9.0,3.0,No,Office,Kolkata,Large,Single,5.0,85.0,1,No,141444,132553,
2045,Laura Nicholson,24.0,Female,Master's,Legal,Sales Executive,3.0,2.0,No,Hybrid,Ghaziabad,Startup,Married,5.0,49.0,0,No,159344,96298,
1869,Chad Lowe,46.0,Male,Diploma,Legal,Data Analyst,11.0,1.0,No,Hybrid,Chennai,Startup,Single,7.0,93.0,1,No,98053,102001,
1757,Hunter Martin,,Female,Master's,Operations,Database Administrator,7.0,,No,,Lucknow,Medium,Single,0.0,61.0,5,No,175098,115578,
1318,Rick Park,46.0,Female,PhD,Administration,Backend Developer,22.0,2.0,No,Hybrid,Ahmedabad,Enterprise,Married,8.0,,14,Yes,159280,219650,
4350,Brian Mcdaniel,57.0,Male,Diploma,Marketing,QA Engineer,33.0,4.0,Yes,Remote,Faridabad,Large,Married,5.0,84.0,4,No,79226,201535,
1520,Philip Morgan,,Female,Diploma,HR,Project Manager,19.0,5.0,Yes,Office,Ahmedabad,Medium,Single,6.0,50.0,14,No,34388,166231,
1672,Matthew Morrow,22.0,Male,,Research,Cloud Engineer,2.0,5.0,No,Remote,Hyderabad,Medium,Married,8.0,91.0,2,No,84194,126359,
3530,Brandon Ford,32.0,Male,Master's,Customer Support,Sales Executive,2.0,1.0,Yes,Hybrid,Noida,Large,Married,3.0,93.0,1,No,87839,109876,
3141,Jocelyn Jefferson,53.0,Female,Master's,Research,Software Engineer,16.0,4.0,No,Office,Faridabad,Enterprise,Married,9.0,98.0,6,No,155955,186964,
3367,Gary Coleman,21.0,Female,High School,Customer Support,Software Engineer,1.0,5.0,No,Office,Chennai,Medium,Single,5.0,71.0,1,No,177022,96784,
3308,Christine Taylor,34.0,Female,,,Accountant,,5.0,No,Office,Ghaziabad,Enterprise,Married,9.0,84.0,2,No,175945,130249,
2873,David Fleming,39.0,Female,Bachelor's,Marketing,Backend Developer,,4.0,Yes,Hybrid,Mumbai,Large,Single,4.0,59.0,6,No,167944,130850,
2414,Mrs. Julie Huffman DVM,25.0,Male,Bachelor's,Customer Support,Sales Executive,2.0,,Yes,Office,Gurgaon,Medium,Single,,90.0,2,Yes,39533,119156,
1959,Shannon Kelly,54.0,Male,Bachelor's,Operations,Full Stack Developer,3.0,2.0,Yes,Office,Gurgaon,Large,Married,,41.0,1,Yes,162279,132241,
1259,Joyce Watson,21.0,Female,Bachelor's,HR,Frontend Developer,1.0,,Yes,Hybrid,Jaipur,Medium,Married,0.0,,1,No,151022,97084,
3824,Lisa Jones,27.0,Female,Master's,Finance,Database Administrator,6.0,4.0,Yes,Office,Jaipur,Enterprise,Single,8.0,94.0,4,No,99852,162467,
2536,Rachael Conley,55.0,Female,High School,HR,Network Engineer,23.0,4.0,No,Office,Ahmedabad,Medium,Married,7.0,48.0,19,No,136066,144707,
3647,Jose Thompson,49.0,Female,Bachelor's,Customer Support,HR Executive,19.0,1.0,No,Office,Gurgaon,Large,Married,5.0,94.0,12,Yes,97714,135935,
4971,Thomas Salas,45.0,Male,Bachelor's,Marketing,Cyber Security Analyst,19.0,2.0,No,Office,Ghaziabad,Medium,Married,1.0,97.0,0,No,104382,151722,
3830,Kimberly Roberts,24.0,Male,Master's,Legal,Marketing Manager,0.0,5.0,No,Hybrid,Pune,Large,Single,5.0,48.0,0,No,136264,120567,
126,Jonathan Cook,41.0,Female,Master's,Customer Support,Marketing Executive,7.0,4.0,Yes,Office,Bangalore,Enterprise,Married,1.0,41.0,4,No,75731,134494,
835,Kimberly Hamilton,44.0,Female,Diploma,Marketing,ML Engineer,,3.0,No,,Noida,Enterprise,Married,0.0,93.0,14,No,141988,178746,
3412,Jeffery Fischer,46.0,Male,Master's,HR,QA Engineer,2.0,4.0,No,Hybrid,Delhi,Large,Single,8.0,55.0,0,No,103726,112056,
1082,Kristen Cook,24.0,Male,,Research,Finance Analyst,0.0,3.0,No,Hybrid,Faridabad,Large,Married,9.0,,0,No,58079,83590,
1529,Margaret Patrick,57.0,Female,Diploma,Legal,Product Manager,6.0,3.0,No,Office,Kolkata,Large,Single,8.0,73.0,3,No,83492,135691,
2499,Daniel Sanders,48.0,Female,Bachelor's,Customer Support,Data Analyst,14.0,4.0,No,Office,Bangalore,Enterprise,Single,9.0,81.0,9,No,133141,156874,
675,Alicia David,60.0,Female,Bachelor's,Sales,Software Engineer,31.0,2.0,Yes,Office,Faridabad,Startup,Divorced,1.0,47.0,12,No,143573,153512,
1726,Lisa Welch,46.0,Male,Bachelor's,Sales,Accountant,6.0,2.0,No,Remote,Ghaziabad,Medium,Married,1.0,75.0,5,No,38964,90327,
3206,Marcus Stephenson,56.0,Male,Diploma,Legal,Cloud Engineer,24.0,2.0,Yes,Hybrid,Kolkata,Medium,Divorced,,40.0,0,Yes,168153,185794,
3919,Benjamin Johnson,60.0,Female,Bachelor's,Operations,Backend Developer,20.0,3.0,No,Hybrid,Bangalore,Large,Married,3.0,87.0,16,No,107866,163020,
2334,Derrick Stevenson,30.0,Male,Master's,IT,Software Engineer,6.0,5.0,No,Hybrid,Ahmedabad,Large,Single,5.0,91.0,0,No,106984,137532,
2790,Nicolas Hoffman,59.0,Male,,Administration,Full Stack Developer,19.0,1.0,Yes,Office,Lucknow,Startup,Single,8.0,62.0,18,No,115826,169588,
1387,Emily Dunlap,41.0,Female,Bachelor's,HR,HR Manager,,4.0,No,Office,Bangalore,Large,Married,8.0,70.0,1,No,156579,167223,
310,Jane Keith,59.0,Male,Master's,Sales,Project Manager,29.0,3.0,No,Remote,Ahmedabad,Large,Married,3.0,74.0,2,Yes,70906,214790,
3621,Brandon Walker,22.0,Female,Master's,HR,Project Manager,1.0,1.0,Yes,Office,Delhi,Large,Single,6.0,97.0,0,No,82784,139141,
2121,Katie Eaton,34.0,Female,Bachelor's,Marketing,Accountant,7.0,,Yes,Office,Jaipur,Startup,Married,0.0,69.0,6,No,178381,102030,
3821,Christopher Anderson,39.0,Male,Diploma,Marketing,Business Analyst,5.0,1.0,No,Office,Indore,Medium,Married,6.0,70.0,5,No,160841,98232,
2734,Vincent Clark,43.0,Male,High School,Finance,Data Scientist,20.0,1.0,Yes,Hybrid,Chennai,Startup,Single,9.0,54.0,17,No,120541,151313,
3869,Monica Jones,32.0,Male,Bachelor's,Administration,Data Engineer,8.0,2.0,No,Office,Ghaziabad,Medium,Married,2.0,84.0,5,No,175669,122485,
92,Sharon Bradley,56.0,Male,Master's,Operations,ML Engineer,1.0,2.0,No,Office,Ahmedabad,Medium,Married,7.0,60.0,0,Yes,39975,139373,
3758,Kathleen Dickerson,,Female,Bachelor's,Legal,HR Manager,16.0,3.0,No,Office,Gurgaon,Medium,Single,10.0,44.0,1,No,70220,125015,
4037,Mr. Luis Young,,Female,Diploma,Legal,Marketing Manager,1.0,4.0,No,Hybrid,Mumbai,Medium,Married,3.0,97.0,1,No,134345,101300,
1160,Isaac Sheppard,48.0,Female,Bachelor's,Administration,Data Analyst,11.0,3.0,Yes,Office,Mumbai,Startup,Single,4.0,94.0,7,No,36291,114174,
3267,Daniel Olson,37.0,Female,Diploma,IT,Data Scientist,0.0,4.0,No,Office,Noida,Startup,Married,3.0,,0,No,48983,98860,
4640,Shannon Hess,44.0,Female,,Research,HR Manager,21.0,5.0,Yes,Office,Pune,Large,Married,0.0,59.0,19,No,138983,174444,
1059,Ronald Smith,43.0,Female,Master's,IT,Data Scientist,6.0,,No,Office,Bangalore,Large,Single,8.0,49.0,2,No,151290,157014,
4343,Shannon Harper,50.0,Female,Bachelor's,,Business Analyst,22.0,1.0,No,Hybrid,Mumbai,Large,Married,1.0,87.0,4,Yes,27566,157371,
1164,Keith Beard,31.0,Female,Bachelor's,Operations,Marketing Manager,4.0,2.0,Yes,Remote,Kolkata,Medium,Single,2.0,41.0,4,No,179412,111608,
1674,John Coleman,34.0,Female,PhD,Finance,Full Stack Developer,10.0,2.0,No,Office,Jaipur,Medium,Divorced,7.0,93.0,5,No,176456,165521,
3315,Derrick Calderon,37.0,Male,Bachelor's,,Data Engineer,9.0,3.0,No,Office,Kolkata,Large,Married,3.0,61.0,0,No,156670,135797,
4405,Michelle Thompson,31.0,Male,Diploma,HR,Project Manager,8.0,2.0,Yes,Hybrid,Bangalore,Large,Married,2.0,82.0,5,Yes,40523,140975,
3385,Chelsea Collins,42.0,Female,Bachelor's,IT,Data Engineer,16.0,5.0,Yes,Office,Kolkata,Medium,Married,0.0,70.0,5,No,83235,150808,
1910,Anthony Mcdonald,40.0,Male,Bachelor's,Sales,Cyber Security Analyst,10.0,2.0,No,,Bangalore,Medium,Married,4.0,100.0,4,No,157113,132029,
4947,Kelly Odonnell,47.0,Male,PhD,IT,Business Analyst,5.0,3.0,Yes,Hybrid,Chennai,Medium,Single,9.0,40.0,3,Yes,138867,161747,
4616,Ashley Tapia,29.0,Female,Diploma,Customer Support,Marketing Executive,1.0,3.0,No,Office,Lucknow,Large,Married,9.0,43.0,1,Yes,88204,95492,
1130,Shane Jones,51.0,Male,Diploma,Operations,Backend Developer,18.0,5.0,Yes,Hybrid,Ahmedabad,Medium,Single,10.0,53.0,15,No,94363,151312,
3532,Anthony Mcgee,28.0,Female,Master's,Operations,QA Engineer,4.0,3.0,No,Office,Bangalore,Medium,Married,0.0,83.0,0,No,103795,112803,
4361,Karen Valentine,24.0,Female,Bachelor's,Research,Software Engineer,0.0,4.0,Yes,Office,Hyderabad,Large,Single,2.0,86.0,0,No,62894,113037,
4302,Anthony Bennett,35.0,Female,Master's,Legal,HR Executive,3.0,2.0,No,Hybrid,Kolkata,Medium,Single,4.0,86.0,2,No,43070,98194,
4603,Angela Sanders,40.0,Male,Bachelor's,HR,Sales Executive,11.0,4.0,No,Office,Pune,Large,Single,2.0,59.0,1,No,198158,112830,
4338,Dr. Christopher Kramer,48.0,Female,Bachelor's,HR,HR Manager,6.0,2.0,No,Hybrid,Hyderabad,Enterprise,Single,6.0,77.0,0,Yes,42834,134157,
3305,Natasha Hernandez,51.0,Female,Diploma,Research,Data Engineer,30.0,2.0,Yes,Hybrid,Gurgaon,Enterprise,Single,9.0,75.0,9,No,126156,215634,
2908,Matthew Hickman,37.0,Female,Bachelor's,Operations,Cyber Security Analyst,3.0,2.0,No,Remote,Gurgaon,Startup,Married,4.0,65.0,3,No,52577,97165,
3887,Ana Lopez,36.0,Female,Bachelor's,Marketing,Network Engineer,7.0,4.0,Yes,Office,Pune,Medium,Single,6.0,49.0,2,No,52439,116995,
2715,Christopher Ramirez,21.0,Male,Diploma,Research,QA Engineer,,3.0,No,Hybrid,Ghaziabad,Enterprise,Married,3.0,95.0,0,No,30802,99481,
4185,Amanda Fox,26.0,Male,Master's,Finance,HR Manager,5.0,2.0,No,Remote,Chennai,Medium,Single,10.0,100.0,1,No,115336,126017,
1298,Audrey Harrison,57.0,Female,Master's,IT,Cyber Security Analyst,24.0,1.0,Yes,Hybrid,Faridabad,Medium,Single,,44.0,12,Yes,27943,198711,
4312,Glenn Clark,55.0,Female,Master's,Finance,Database Administrator,9.0,4.0,No,Office,Mumbai,Large,Married,8.0,58.0,2,No,179827,151599,
4717,Christina Brewer,59.0,Male,Bachelor's,Finance,Marketing Executive,8.0,2.0,No,Hybrid,Hyderabad,Enterprise,Married,2.0,78.0,3,No,33490,118060,
2213,Olivia Perez,26.0,Male,Bachelor's,IT,ML Engineer,0.0,4.0,No,Office,Ghaziabad,Medium,Single,5.0,77.0,0,No,90657,118541,
374,Evan Mcconnell,54.0,Female,,Sales,Sales Manager,,5.0,Yes,Remote,Delhi,Enterprise,Married,9.0,100.0,20,No,263457,404222,
3022,Alicia Parker,31.0,Female,High School,Operations,Data Scientist,,1.0,No,Office,Jaipur,Medium,Single,0.0,88.0,1,Yes,26042,111109,
2308,Robert Walsh,54.0,Female,Bachelor's,Legal,Accountant,17.0,4.0,Yes,Office,Gurgaon,Large,Single,6.0,61.0,11,No,56190,135973,
2413,Sarah Beck,32.0,Male,PhD,HR,HR Manager,10.0,1.0,Yes,Office,Faridabad,Medium,Married,1.0,43.0,1,Yes,108625,155905,
1049,Michael Novak,37.0,Female,,Sales,Sales Manager,,3.0,No,Hybrid,Faridabad,Startup,Married,9.0,72.0,8,No,90679,125049,
1847,Monica Larsen,49.0,Male,PhD,Marketing,HR Executive,13.0,1.0,No,Office,Ahmedabad,Large,Married,2.0,56.0,5,No,155714,134256,
2357,Samantha Sheppard,,Female,Bachelor's,Customer Support,HR Manager,0.0,3.0,Yes,Hybrid,Ahmedabad,Medium,Married,10.0,55.0,0,No,125212,101482,
4902,Marvin Harper,37.0,Male,Diploma,Finance,Business Analyst,8.0,3.0,No,Hybrid,Indore,Medium,Single,0.0,87.0,4,No,159199,104721,
4336,Kimberly Miller,29.0,Female,Master's,,Full Stack Developer,6.0,5.0,Yes,Office,Faridabad,Startup,Married,4.0,58.0,0,No,67741,135733,
4337,Ryan Carey,30.0,Male,Master's,IT,Project Manager,3.0,3.0,Yes,,Hyderabad,Startup,Married,5.0,49.0,1,No,118723,131649,
3930,Christine Hale,54.0,Male,High School,Finance,Full Stack Developer,27.0,5.0,No,Hybrid,Indore,Large,Married,1.0,59.0,0,Yes,100239,181223,
2100,Lawrence Bryant,56.0,Female,,Customer Support,Data Analyst,2.0,5.0,No,Remote,Chennai,Large,Single,0.0,87.0,2,No,91185,114744,
2202,Todd Rogers,35.0,Female,Bachelor's,Finance,DevOps Engineer,5.0,2.0,Yes,Office,Pune,Startup,Single,7.0,78.0,3,No,89017,122725,
4939,John Vega,27.0,Male,Bachelor's,Legal,Backend Developer,0.0,,No,Hybrid,Jaipur,Startup,Married,2.0,89.0,0,No,95630,89395,
1404,Glenn Dunn,44.0,Female,Bachelor's,Finance,HR Executive,4.0,3.0,No,Hybrid,Hyderabad,Medium,Married,3.0,60.0,1,No,87186,234567,
435,Nicole Payne,24.0,Female,Master's,Customer Support,Finance Analyst,,2.0,No,Office,Delhi,Large,Married,1.0,78.0,2,No,177217,112250,
2836,Cody Short,,Female,Diploma,Customer Support,QA Engineer,35.0,3.0,No,,Hyderabad,Large,Single,1.0,,1,No,159716,172552,
156,Sarah Gordon,59.0,Female,Master's,Finance,Cyber Security Analyst,12.0,5.0,No,Office,Pune,Medium,Single,7.0,100.0,4,No,173504,163621,
826,Shawn Hogan,55.0,Female,Diploma,Research,Accountant,20.0,3.0,No,Hybrid,Indore,Medium,Married,5.0,41.0,16,Yes,64864,135777,
1018,Susan Hill,49.0,Female,PhD,Research,Project Manager,19.0,4.0,Yes,Office,Mumbai,Startup,Married,1.0,,15,No,113391,191850,
3863,Eric Medina,55.0,Male,PhD,,Cyber Security Analyst,14.0,3.0,No,Office,Gurgaon,Enterprise,Married,4.0,84.0,2,Yes,50875,208133,
223,Michael Wright,48.0,Male,Master's,Legal,HR Executive,,3.0,No,Hybrid,Chennai,Large,Married,9.0,51.0,5,No,36999,119876,
1851,Mark Lewis,26.0,Male,Master's,Finance,Product Manager,3.0,3.0,Yes,Remote,Mumbai,Startup,Married,,95.0,1,No,176974,152132,
3704,Jeffery Brown,56.0,Female,,Marketing,Business Analyst,7.0,4.0,No,Office,Pune,Large,Divorced,6.0,88.0,1,Yes,142840,132590,
2731,Christina Frye,21.0,Male,Bachelor's,Finance,Software Engineer,0.0,2.0,Yes,Office,Ahmedabad,Medium,Married,6.0,74.0,0,No,22112,94541,
4213,James Liu,31.0,Female,High School,Marketing,DevOps Engineer,8.0,1.0,No,Office,Faridabad,Large,Single,,43.0,0,No,127670,111129,
2929,Candice Leon,27.0,Male,Master's,Finance,Project Manager,5.0,3.0,No,Remote,Faridabad,Enterprise,Married,8.0,,3,No,32805,148440,
4588,Dylan Armstrong,28.0,Female,Diploma,HR,HR Manager,2.0,2.0,Yes,Hybrid,Indore,Medium,Single,7.0,97.0,2,No,177709,99132,
1278,Sarah Lee,33.0,Female,Bachelor's,Legal,HR Executive,13.0,2.0,No,Hybrid,Kolkata,Large,Married,,56.0,7,No,96566,120120,
3891,Michael Harris,46.0,Male,Master's,Marketing,Marketing Manager,23.0,1.0,No,Hybrid,Ahmedabad,Enterprise,Single,10.0,,0,Yes,20738,210309,
4022,Robert Rivera,22.0,Female,Bachelor's,IT,Sales Manager,1.0,4.0,No,Hybrid,Faridabad,Medium,Married,2.0,50.0,1,No,42860,93877,
2150,Denise Conner,55.0,Male,Bachelor's,Customer Support,Marketing Executive,16.0,2.0,No,Hybrid,Jaipur,Medium,Single,4.0,,16,No,166681,123063,
646,Megan Scott,55.0,Male,Bachelor's,Marketing,Marketing Executive,28.0,1.0,Yes,Office,Chennai,Large,Married,9.0,92.0,6,No,131688,190374,
2546,David Zhang,25.0,Male,Master's,Legal,Software Engineer,1.0,5.0,Yes,Remote,Hyderabad,Large,Married,10.0,89.0,1,No,115892,135523,
4494,Christine Moore,58.0,Male,PhD,IT,Marketing Executive,23.0,,No,Office,Delhi,Large,Married,0.0,78.0,13,No,62134,168374,
1128,Sarah Rodriguez,27.0,Female,Bachelor's,Customer Support,QA Engineer,5.0,,Yes,Office,Indore,Enterprise,Single,4.0,94.0,1,Yes,130164,139722,
906,Christopher Hunt,40.0,Female,Diploma,,Accountant,17.0,2.0,No,Office,Kolkata,Medium,Single,6.0,40.0,8,Yes,43557,126080,
713,Cheryl Pearson,39.0,Female,Diploma,Customer Support,Data Scientist,19.0,1.0,Yes,Office,Pune,Large,Single,5.0,73.0,7,Yes,165111,176571,
2300,Sandra Garza,26.0,Male,Diploma,Customer Support,Data Scientist,6.0,1.0,Yes,Office,Hyderabad,Enterprise,Married,6.0,56.0,2,No,59064,141006,
4126,Lisa Chavez,28.0,Male,Master's,Legal,Marketing Executive,8.0,5.0,No,Office,Ahmedabad,Medium,Married,2.0,93.0,0,No,146166,127520,
2244,Bryan Jensen,50.0,Female,Bachelor's,HR,Marketing Executive,,2.0,No,Office,Kolkata,Medium,Married,2.0,81.0,3,Yes,94504,108436,
4949,Aimee Mills,31.0,Male,High School,Legal,Product Manager,11.0,5.0,No,,Faridabad,Large,Married,1.0,86.0,10,No,86777,146299,
1017,Rachel Dorsey,41.0,Male,Bachelor's,IT,Business Analyst,1.0,5.0,No,,Hyderabad,Enterprise,Single,4.0,61.0,1,No,197074,122368,
3635,Chris Perez,33.0,Female,PhD,Sales,Finance Analyst,9.0,5.0,No,Hybrid,Jaipur,Medium,Married,9.0,81.0,6,No,39097,166994,
4742,Kristina Wright,36.0,Female,Master's,Operations,Frontend Developer,2.0,2.0,No,Remote,Mumbai,Large,Married,9.0,51.0,2,No,113155,109640,
687,Michelle Smith,46.0,Female,High School,Marketing,Software Engineer,26.0,4.0,No,Remote,Hyderabad,Enterprise,Married,0.0,64.0,7,No,125494,171348,
4033,Julie Tyler,43.0,Male,Master's,Marketing,Sales Executive,16.0,2.0,No,Remote,Noida,Large,Married,3.0,83.0,1,No,333964,448872,
4020,Michael Martin,44.0,Female,Bachelor's,Administration,Data Scientist,2.0,1.0,No,Office,Faridabad,Enterprise,Married,0.0,98.0,0,No,170195,127892,
2474,Rebecca Henry,44.0,Male,Bachelor's,Legal,Cyber Security Analyst,19.0,3.0,No,Remote,Jaipur,Large,Married,1.0,92.0,2,No,32190,162812,
3106,Shelby Smith,37.0,Male,Diploma,HR,Database Administrator,12.0,3.0,Yes,Hybrid,Lucknow,Startup,Single,6.0,96.0,0,No,134158,126723,
903,Amber Chavez,42.0,Female,High School,Operations,HR Manager,6.0,2.0,No,Hybrid,Chennai,Large,Married,6.0,40.0,2,No,114948,91145,
536,Lisa Lopez,,Male,Bachelor's,IT,Database Administrator,1.0,4.0,Yes,Hybrid,Hyderabad,Medium,Married,5.0,49.0,1,No,43241,100529,
1626,Melanie Hill,29.0,Male,Master's,IT,HR Executive,8.0,4.0,No,Office,Indore,Large,Married,9.0,78.0,6,No,91241,128781,
627,Scott Campbell,39.0,Male,Master's,Marketing,Cloud Engineer,17.0,4.0,No,Office,Indore,Startup,Married,9.0,51.0,10,No,87546,156566,
629,Terry Jones,47.0,Male,,Customer Support,Project Manager,21.0,3.0,No,Office,Jaipur,Startup,Single,0.0,61.0,16,No,179028,154436,
1339,John Meyers,43.0,Female,,Operations,Accountant,17.0,2.0,No,Hybrid,Faridabad,Large,Married,10.0,50.0,4,Yes,32669,133491,
3616,Katie Melton,52.0,Female,Master's,HR,Marketing Manager,24.0,1.0,No,Office,Mumbai,Startup,Single,8.0,71.0,15,No,106787,178649,
2105,Stephanie Phillips,38.0,Female,Master's,IT,Network Engineer,3.0,4.0,Yes,Office,Bangalore,Large,Married,8.0,43.0,2,No,156188,135468,
4767,Margaret Hall,38.0,Male,Diploma,Finance,Business Analyst,17.0,3.0,No,Office,Lucknow,Startup,Single,4.0,88.0,4,No,52553,128896,
1829,Stephanie Williams,48.0,Male,Bachelor's,HR,Marketing Executive,19.0,4.0,Yes,Office,Hyderabad,Medium,Single,2.0,96.0,4,No,128061,148896,
1625,Nathan Martin,56.0,Male,Diploma,Operations,Cyber Security Analyst,32.0,4.0,No,Remote,Chennai,Large,Single,8.0,53.0,7,No,199881,198048,
2349,Catherine Smith,37.0,Female,Bachelor's,Marketing,Sales Manager,0.0,2.0,No,Hybrid,Gurgaon,Large,Married,5.0,80.0,0,Yes,99601,119485,
4561,Richard Moreno,41.0,Male,Bachelor's,IT,Finance Analyst,20.0,4.0,Yes,Office,Pune,Medium,Married,3.0,69.0,1,No,181186,148346,
1417,John Davis MD,32.0,Male,Diploma,Finance,HR Executive,2.0,5.0,Yes,Office,Gurgaon,Medium,Single,8.0,,2,No,108273,93227,
532,Kristina Rivas,35.0,Female,Master's,Operations,Project Manager,14.0,2.0,No,Remote,Kolkata,Startup,Married,7.0,91.0,6,No,189564,163139,
4953,Casey Moran,55.0,Male,Master's,Customer Support,Frontend Developer,33.0,5.0,Yes,Remote,Indore,Large,Single,6.0,94.0,10,No,94619,208596,
2000,Stephanie Macias,47.0,Male,PhD,HR,Sales Executive,19.0,4.0,Yes,Office,Chennai,Startup,Single,7.0,41.0,9,No,29018,167280,
2243,Heather Brown,42.0,Male,,,Network Engineer,20.0,4.0,Yes,Office,Gurgaon,Medium,Single,9.0,65.0,15,No,132033,172795,
2269,Michelle Bailey,28.0,Male,Bachelor's,Customer Support,Project Manager,2.0,1.0,Yes,Office,Kolkata,Medium,Divorced,1.0,75.0,1,No,110292,116968,
2317,Amanda Bonilla,21.0,Female,Master's,Finance,Software Engineer,0.0,3.0,No,Remote,Ahmedabad,Large,Married,7.0,75.0,0,No,134738,114524,
1476,Victor Novak,46.0,Female,Bachelor's,Legal,Sales Executive,14.0,1.0,No,Office,Ahmedabad,Enterprise,Married,,52.0,10,No,105545,121914,
3161,Thomas Cook,22.0,Male,Master's,Marketing,ML Engineer,2.0,3.0,No,Office,Delhi,Medium,Single,10.0,82.0,0,Yes,29472,149189,
833,Kristi Lee,28.0,Male,Master's,HR,Full Stack Developer,1.0,4.0,No,Office,Hyderabad,Medium,Married,4.0,41.0,0,No,361090,346326,
2194,Curtis Tucker,50.0,Male,Master's,,Project Manager,22.0,4.0,Yes,Hybrid,Hyderabad,Medium,Married,6.0,41.0,17,No,23243,183909,
2727,Joanna Moon,32.0,Female,Master's,,Sales Executive,12.0,5.0,No,Hybrid,Chennai,Medium,Divorced,4.0,70.0,0,No,138609,135711,
4628,Jeffrey Owens,46.0,Male,PhD,Research,Product Manager,12.0,1.0,Yes,Office,Hyderabad,Startup,Married,2.0,86.0,3,No,102582,178503,
4725,Samantha Robles,42.0,Male,Bachelor's,Sales,Marketing Executive,4.0,4.0,No,Office,Gurgaon,Medium,Single,8.0,89.0,0,No,74249,102150,
4711,Dylan Huff,53.0,Male,Bachelor's,Research,Sales Executive,14.0,2.0,Yes,Hybrid,Mumbai,Medium,Married,3.0,92.0,11,No,108859,130930,
2654,Stephanie Gallagher,42.0,Female,Master's,Customer Support,Data Scientist,7.0,3.0,Yes,Remote,Indore,Startup,Married,2.0,52.0,0,No,195519,143542,
682,Patrick Smith,55.0,Female,Diploma,Customer Support,Product Manager,4.0,5.0,No,Remote,Bangalore,Large,Married,6.0,68.0,4,No,63168,135998,
1050,Kevin Johnson,56.0,Female,Master's,HR,Project Manager,6.0,2.0,Yes,Office,Indore,Large,Single,10.0,95.0,1,No,153206,162614,
3578,Chelsea Daniel,35.0,Female,Master's,HR,Sales Executive,,4.0,Yes,,Faridabad,Startup,Single,3.0,41.0,1,Yes,20037,120068,
1598,Alexis Koch,48.0,Female,Diploma,Research,Data Engineer,20.0,5.0,Yes,Office,Ghaziabad,Medium,Single,2.0,83.0,8,Yes,99363,178720,
2725,Madison Cook,48.0,Male,High School,Research,Cloud Engineer,5.0,3.0,Yes,Office,Pune,Medium,Married,9.0,73.0,2,No,182730,120578,
1816,Mark Owen,45.0,Female,Master's,HR,Accountant,22.0,5.0,Yes,Office,Kolkata,Medium,Married,8.0,60.0,17,No,21133,165625,
200,Gary Mullen,24.0,Male,Master's,Research,Software Engineer,,1.0,No,Office,Ghaziabad,Large,Married,2.0,58.0,2,No,76408,102155,
1149,Annette Sutton,54.0,Female,Bachelor's,Customer Support,Sales Manager,21.0,2.0,No,Office,Mumbai,Enterprise,Married,1.0,40.0,14,No,164475,161246,
3814,Ryan Smith,23.0,Male,Bachelor's,Sales,Data Scientist,0.0,1.0,Yes,Hybrid,Kolkata,Enterprise,Married,,63.0,0,No,76004,128455,
613,Nicholas White,57.0,Male,Diploma,,Business Analyst,33.0,1.0,No,Remote,Delhi,Medium,Single,4.0,75.0,6,No,105015,168910,
1093,Darrell Cooper,,Male,Diploma,IT,Accountant,14.0,2.0,Yes,Remote,Lucknow,Medium,Married,10.0,40.0,11,No,154257,119048,
1251,Stacy King,51.0,Male,Bachelor's,Operations,Project Manager,16.0,5.0,No,Remote,Ahmedabad,Large,Single,7.0,92.0,14,No,172852,186181,
2967,Charles Williams,47.0,Male,Bachelor's,Administration,Database Administrator,21.0,3.0,No,Remote,Indore,Enterprise,Single,8.0,100.0,0,No,131178,185333,
3204,Stephanie Lamb,45.0,Female,Bachelor's,Operations,Finance Analyst,22.0,5.0,Yes,Hybrid,Gurgaon,Enterprise,Single,4.0,95.0,14,Yes,102931,187641,
4070,Christine Anderson,56.0,Female,,Administration,Cyber Security Analyst,4.0,4.0,Yes,Remote,Indore,Medium,Married,0.0,87.0,4,No,84475,119378,
2217,Christopher Robertson,34.0,Male,Bachelor's,Research,Marketing Manager,9.0,4.0,No,Hybrid,Bangalore,Enterprise,Single,10.0,91.0,2,No,140138,160055,
4240,Tara Martin,48.0,Male,Bachelor's,Legal,QA Engineer,4.0,1.0,Yes,Hybrid,Kolkata,Startup,Married,10.0,79.0,1,No,101894,105082,
3565,Claudia Bush,46.0,Male,Master's,,Data Analyst,22.0,1.0,No,Hybrid,Delhi,Medium,Married,,61.0,9,Yes,151935,160972,
4649,Casey Vasquez,43.0,Female,Bachelor's,IT,ML Engineer,11.0,3.0,Yes,Hybrid,Hyderabad,Medium,Single,8.0,72.0,2,Yes,23732,173470,
2526,Stephanie Hernandez,46.0,Male,Master's,IT,Accountant,3.0,2.0,No,Remote,Pune,Large,Single,6.0,83.0,0,No,120167,113749,
4463,Gary Fuller,24.0,Female,Bachelor's,Legal,Finance Analyst,3.0,1.0,Yes,Office,Chennai,Medium,Married,5.0,44.0,2,No,22245,94220,
4937,Adam Romero,30.0,Female,Bachelor's,IT,HR Manager,8.0,4.0,No,Office,Bangalore,Medium,Married,8.0,54.0,4,Yes,94935,124178,
305,Terri Grant,51.0,Female,Bachelor's,Research,Sales Executive,8.0,3.0,Yes,Office,Ahmedabad,Medium,Single,4.0,49.0,7,Yes,52966,110314,
2541,Joe Scott,34.0,Female,Bachelor's,Marketing,Frontend Developer,8.0,5.0,No,Office,Jaipur,Enterprise,Single,7.0,56.0,2,No,29939,134430,
4958,James Miller MD,45.0,Male,Master's,IT,Frontend Developer,0.0,5.0,No,Office,Indore,Startup,Single,3.0,65.0,0,Yes,68879,108219,
1527,Michael Jennings,29.0,Male,Diploma,Administration,Cloud Engineer,0.0,3.0,Yes,Office,Gurgaon,Large,Married,8.0,86.0,0,Yes,97263,134115,
3457,Diane Bridges,31.0,Female,Bachelor's,Administration,HR Executive,0.0,5.0,No,Remote,Lucknow,Startup,Married,2.0,54.0,0,No,39917,77567,
2892,Alexander Fitzpatrick,21.0,Male,Bachelor's,Administration,Database Administrator,1.0,4.0,Yes,Office,Noida,Startup,Single,10.0,46.0,0,No,125664,104608,
4699,Jordan Flores,26.0,Male,Master's,Administration,Project Manager,2.0,5.0,No,Remote,Gurgaon,Startup,Single,10.0,42.0,1,Yes,22696,140894,
2417,Denise Ruiz,39.0,Female,Bachelor's,HR,Sales Executive,,2.0,No,Office,Gurgaon,Enterprise,Single,9.0,59.0,2,No,90466,113813,
4838,Richard Mcpherson,48.0,Male,Bachelor's,Sales,Database Administrator,18.0,2.0,Yes,Hybrid,Ahmedabad,Medium,Married,9.0,83.0,5,No,150677,157981,
3777,Jeffery Edwards,59.0,Male,,Administration,Accountant,23.0,5.0,No,Office,Bangalore,Enterprise,Married,7.0,73.0,20,No,134521,172786,
3221,James Nguyen Jr.,24.0,Female,Diploma,IT,Frontend Developer,1.0,1.0,No,Remote,Gurgaon,Medium,Single,8.0,59.0,0,No,191953,81136,
471,Diana Allen,31.0,Female,Diploma,Marketing,Accountant,11.0,1.0,No,Office,Mumbai,Startup,Married,8.0,74.0,3,No,114488,98091,
3944,Eric Williamson,60.0,Male,Bachelor's,Research,Data Engineer,14.0,5.0,Yes,Hybrid,Indore,Medium,Single,0.0,49.0,12,Yes,71706,169839,
3265,Jaclyn Le,26.0,Male,High School,Sales,Project Manager,,3.0,No,Hybrid,Pune,Enterprise,Married,4.0,47.0,2,No,174205,124395,
1599,Kathleen Wilson,22.0,Female,Diploma,Finance,Frontend Developer,1.0,2.0,No,Office,Indore,Large,Divorced,1.0,84.0,1,Yes,108484,99357,
2008,Kristopher Reid,21.0,Male,,Administration,Marketing Manager,1.0,4.0,No,Hybrid,Chennai,Large,Married,2.0,50.0,1,No,58708,93111,
1135,Benjamin Carroll,31.0,Male,Bachelor's,Customer Support,Sales Manager,9.0,3.0,No,Office,Gurgaon,Startup,Single,8.0,95.0,1,No,101823,119771,
15,Daniel Thomas,55.0,Male,Diploma,IT,Full Stack Developer,15.0,1.0,No,Office,Pune,Large,Married,,72.0,15,Yes,191890,138775,
1271,Lisa Everett,56.0,Male,Diploma,HR,Data Engineer,34.0,3.0,No,,Hyderabad,Enterprise,Single,2.0,71.0,18,Yes,42129,200252,
1581,Robin Paul MD,34.0,Male,High School,Marketing,Database Administrator,,3.0,No,Hybrid,Gurgaon,Large,Married,0.0,41.0,9,No,140659,112227,
4499,Devin Holmes,56.0,Male,PhD,Sales,Cyber Security Analyst,,4.0,No,Office,Ahmedabad,Large,Single,0.0,95.0,7,No,143578,205514,
486,Zachary French,41.0,Male,Diploma,Operations,Software Engineer,12.0,5.0,Yes,Hybrid,Ghaziabad,Startup,Single,9.0,44.0,9,No,188161,122954,
4792,James Goodwin,53.0,Male,Bachelor's,Marketing,ML Engineer,18.0,2.0,No,Hybrid,Hyderabad,Medium,Married,7.0,85.0,12,No,37388,160865,
3664,Matthew Herring,59.0,Male,PhD,Sales,Product Manager,5.0,2.0,No,Office,Jaipur,Enterprise,Married,4.0,80.0,1,No,33885,179442,
3284,Thomas Alvarez,59.0,Male,Diploma,Customer Support,Frontend Developer,19.0,3.0,No,Hybrid,Faridabad,Medium,Married,10.0,71.0,3,No,82146,130122,
2853,Scott Chandler,22.0,Male,Master's,Legal,Software Engineer,0.0,4.0,No,Office,Lucknow,Large,Single,0.0,,0,Yes,141071,125285,
2007,Lisa Bean,34.0,Male,Master's,IT,Marketing Manager,13.0,5.0,No,Hybrid,Lucknow,Large,Single,6.0,,7,No,165713,158273,
2005,Robert Francis,34.0,Female,Bachelor's,Finance,Data Analyst,1.0,4.0,Yes,Office,Faridabad,Large,Married,3.0,42.0,0,Yes,164356,112527,
4253,Carlos Morrison,35.0,Female,Master's,Sales,QA Engineer,14.0,2.0,No,Hybrid,Noida,Enterprise,Married,5.0,63.0,14,No,118081,150446,
1261,Katherine Fox,58.0,Male,Bachelor's,IT,ML Engineer,12.0,2.0,Yes,,Ghaziabad,Startup,Married,1.0,82.0,0,No,218132,451434,
3849,Jacob Benjamin,40.0,Male,High School,Legal,Product Manager,0.0,5.0,Yes,Hybrid,Chennai,Enterprise,Single,3.0,83.0,0,No,117563,136381,
3070,Angelica Rhodes,49.0,Female,Bachelor's,Marketing,QA Engineer,0.0,5.0,No,Hybrid,Bangalore,Medium,Single,3.0,71.0,0,No,189522,95231,
683,Sherry Washington,43.0,Male,Diploma,Administration,Sales Manager,9.0,,No,Hybrid,Kolkata,Large,Single,3.0,91.0,4,No,182586,127477,
1868,Tiffany Thompson,45.0,Female,Diploma,Customer Support,Data Scientist,6.0,3.0,No,Office,Pune,Large,Married,10.0,99.0,5,Yes,161473,158348,
2477,Laura Booth,23.0,Male,Bachelor's,Legal,QA Engineer,1.0,1.0,No,Office,Hyderabad,Medium,Single,4.0,,0,No,65246,85011,
973,Jennifer King,50.0,Male,Bachelor's,Research,Project Manager,7.0,1.0,Yes,Hybrid,Hyderabad,Large,Married,7.0,87.0,7,Yes,41601,153387,
3537,Jeffrey Davis,38.0,Male,Bachelor's,IT,Database Administrator,3.0,5.0,No,,Faridabad,Medium,Married,9.0,,2,No,102957,119761,
4379,Christopher Payne,37.0,Female,Master's,HR,Marketing Executive,11.0,5.0,No,Remote,Jaipur,Medium,Married,,99.0,2,No,53826,137248,
4919,Mitchell Avila,44.0,Male,Diploma,HR,QA Engineer,8.0,1.0,No,Office,Ahmedabad,Medium,Single,1.0,100.0,8,Yes,163597,106730,
2771,Randall Gould,43.0,Male,Bachelor's,Legal,Data Analyst,23.0,1.0,No,Office,Ahmedabad,Large,Married,7.0,41.0,7,Yes,59056,156222,
4944,Sarah Serrano,,Female,Master's,IT,Sales Executive,10.0,4.0,Yes,Hybrid,Ahmedabad,Large,Married,8.0,67.0,1,No,254642,418326,
955,Daniel Glenn,33.0,Female,,Legal,HR Manager,7.0,5.0,No,Office,Delhi,Medium,Divorced,6.0,77.0,0,Yes,53799,117207,
802,Leslie Johnson,42.0,Female,Master's,Research,Software Engineer,14.0,3.0,Yes,Office,Ahmedabad,Startup,Single,7.0,57.0,14,No,23051,138514,
199,Carly Jensen,,Male,,Customer Support,Software Engineer,0.0,1.0,No,Office,Faridabad,Medium,Single,3.0,74.0,0,Yes,129369,111069,
1307,Nicole Boyer,52.0,Male,Bachelor's,Sales,Full Stack Developer,20.0,3.0,Yes,Office,Ghaziabad,Startup,Single,7.0,79.0,16,No,124249,160325,
1987,Brandi Clark,50.0,Male,Bachelor's,IT,Data Scientist,5.0,2.0,No,Office,Kolkata,Medium,Married,10.0,85.0,2,Yes,83891,141177,
2206,Katie Huber,44.0,Female,Diploma,HR,HR Executive,0.0,3.0,No,Office,Chennai,Large,Married,,,0,Yes,46084,96377,
3388,Timothy Shannon,26.0,Male,Bachelor's,Marketing,Marketing Manager,0.0,3.0,No,Office,Lucknow,Startup,Married,4.0,80.0,0,Yes,148984,310845,
4736,William Reyes,43.0,Male,High School,Customer Support,Finance Analyst,10.0,1.0,No,Hybrid,Ghaziabad,Large,Single,10.0,89.0,8,No,183269,119062,
2339,Shelia Vincent,25.0,Male,Bachelor's,Legal,Data Scientist,2.0,2.0,No,Remote,Faridabad,Startup,Single,8.0,40.0,1,No,158126,107771,
1894,Julia Weaver,40.0,Male,Bachelor's,Administration,Data Analyst,7.0,1.0,No,Office,Faridabad,Large,Single,7.0,67.0,3,No,95253,100314,
2083,Rebecca Rodriguez,59.0,Female,Bachelor's,,Data Scientist,27.0,1.0,No,,Pune,Large,Single,5.0,46.0,11,No,47280,517503,
4934,Patrick Ramsey,26.0,Female,Bachelor's,Finance,Business Analyst,2.0,2.0,Yes,Hybrid,Jaipur,Large,Single,3.0,42.0,1,No,173317,103397,
3080,Craig Simmons,48.0,Male,High School,Sales,Cyber Security Analyst,18.0,3.0,No,Office,Chennai,Enterprise,Single,1.0,,15,No,87879,150881,
3260,Andrew Hernandez,56.0,Female,Bachelor's,Sales,Business Analyst,19.0,5.0,No,Office,Noida,Medium,Married,2.0,47.0,18,No,147455,139406,
392,Tanner Davis,31.0,Male,High School,Administration,Finance Analyst,7.0,2.0,Yes,Office,Mumbai,Startup,Married,0.0,86.0,7,No,138623,97267,
637,Crystal Allen,37.0,Male,Diploma,Legal,Project Manager,16.0,2.0,No,Office,Chennai,Medium,Divorced,10.0,93.0,12,No,196283,144465,
3878,Christine Powell,36.0,Female,Bachelor's,Operations,Accountant,14.0,2.0,No,Office,Faridabad,Medium,Single,2.0,92.0,4,Yes,124726,127226,
4804,Robert Reese,33.0,Female,Bachelor's,Customer Support,HR Executive,7.0,3.0,Yes,Remote,Jaipur,Large,Single,5.0,40.0,1,No,190294,108678,
1154,Mrs. Sonia Blanchard,,Female,,Operations,Software Engineer,,1.0,No,Office,Chennai,Startup,Single,4.0,55.0,7,Yes,123429,119321,
3244,Robert Hall,29.0,Female,Bachelor's,HR,Cloud Engineer,3.0,4.0,No,Office,Lucknow,Large,Married,0.0,97.0,3,No,138158,120443,
1119,Megan Brennan,28.0,Female,Bachelor's,Legal,Data Scientist,,5.0,No,Hybrid,Delhi,Medium,Married,2.0,53.0,0,Yes,175732,123683,
2587,Chelsey Harrison DDS,39.0,Male,Master's,Administration,Cloud Engineer,13.0,4.0,No,,Chennai,Enterprise,Single,9.0,45.0,10,No,33077,177281,
3001,Thomas Ramsey,39.0,Male,Diploma,Operations,Network Engineer,18.0,2.0,No,Remote,Mumbai,Large,Single,8.0,96.0,7,Yes,132542,159463,
3378,Jacqueline Ray,47.0,Female,Master's,HR,Backend Developer,24.0,1.0,Yes,Office,Bangalore,Large,Single,,46.0,16,No,338883,533772,
1346,Brenda Delgado,39.0,Male,,,Accountant,18.0,2.0,Yes,Office,Jaipur,Large,Single,1.0,62.0,5,No,81338,129839,
1378,Tiffany Miller,,Male,Bachelor's,Research,Frontend Developer,14.0,5.0,Yes,Office,Ghaziabad,Enterprise,Single,5.0,46.0,2,No,119427,151667,
4177,Scott Nielsen,22.0,Male,Bachelor's,Legal,ML Engineer,1.0,4.0,No,Remote,Jaipur,Enterprise,Married,0.0,90.0,1,No,163420,142989,
4643,Diana Murphy,38.0,Male,Master's,IT,Data Scientist,7.0,2.0,No,Office,Ahmedabad,Large,Single,10.0,97.0,1,No,108816,475677,
1213,Steven Johnson,51.0,Male,Master's,Administration,Cyber Security Analyst,25.0,5.0,No,Hybrid,Jaipur,Enterprise,Single,3.0,42.0,5,No,72136,197924,
3419,Sarah Crawford,52.0,Male,Master's,HR,Cloud Engineer,2.0,1.0,No,Office,Indore,Large,Single,2.0,58.0,0,No,156120,122216,
1670,Shawn Holmes,45.0,Male,Diploma,Sales,Finance Analyst,24.0,3.0,No,Office,Noida,Medium,Married,2.0,67.0,5,No,70356,131973,
4303,Catherine Faulkner,21.0,Female,High School,Operations,Finance Analyst,0.0,1.0,Yes,Office,Gurgaon,Large,Single,10.0,68.0,0,No,103606,93286,
1347,Patrick Perez,57.0,Female,High School,,Data Engineer,2.0,4.0,No,,Bangalore,Large,Single,4.0,70.0,0,No,28894,108468,
3079,Matthew Henderson,57.0,Male,PhD,IT,Accountant,7.0,1.0,Yes,Remote,Faridabad,Enterprise,Married,6.0,83.0,0,No,184211,161139,
1741,Jennifer Perez,39.0,Male,High School,Customer Support,Frontend Developer,19.0,4.0,No,Hybrid,Hyderabad,Large,Divorced,10.0,68.0,11,No,146986,143618,
2482,William Mccann,22.0,Female,Diploma,IT,Network Engineer,,1.0,Yes,Remote,Kolkata,Startup,Single,0.0,76.0,0,No,33558,74560,
253,Stacy Wise,45.0,Male,High School,Marketing,Database Administrator,19.0,5.0,No,Office,Ahmedabad,Large,Single,10.0,87.0,1,No,165083,162846,
1108,Patrick Perry,47.0,Female,Diploma,Marketing,Sales Manager,24.0,2.0,No,Hybrid,Bangalore,Enterprise,Single,4.0,100.0,15,No,88446,178167,
3875,Mariah Brooks,38.0,Female,Bachelor's,Sales,DevOps Engineer,7.0,5.0,No,Hybrid,Jaipur,Startup,Married,6.0,52.0,4,No,70372,118865,
266,Ethan Washington II,,Male,Bachelor's,Administration,QA Engineer,6.0,5.0,No,Remote,Ahmedabad,Medium,Single,7.0,44.0,1,Yes,114837,124637,
1442,Lisa Edwards,50.0,Female,Bachelor's,Finance,HR Manager,29.0,4.0,No,Remote,Faridabad,Startup,Single,6.0,47.0,12,No,60685,163603,
2301,Jennifer Chambers,59.0,Male,Master's,Customer Support,DevOps Engineer,18.0,4.0,No,Office,Pune,Medium,Single,9.0,54.0,4,No,55166,175291,
1009,Katherine Simon,46.0,Female,Bachelor's,IT,HR Executive,18.0,1.0,No,Remote,Ahmedabad,Medium,Married,1.0,84.0,17,No,172050,111830,
123,Amy Freeman,30.0,Male,High School,IT,Data Engineer,5.0,1.0,No,Hybrid,Gurgaon,Startup,Married,8.0,80.0,0,No,106205,105720,
3628,Lawrence Davis,43.0,Male,,Customer Support,DevOps Engineer,13.0,3.0,No,Office,Mumbai,Medium,Single,9.0,70.0,10,No,59917,136502,
3745,Sarah Boone,,Male,High School,IT,Sales Executive,31.0,,No,Office,Chennai,Enterprise,Single,,100.0,14,No,73446,170953,
2268,Gregory Boyle,,Male,Diploma,Sales,Full Stack Developer,25.0,2.0,No,Office,Gurgaon,Large,Single,8.0,76.0,6,No,139602,162630,
3043,Allison Snyder,47.0,Male,Master's,Legal,Finance Analyst,11.0,1.0,Yes,Office,Jaipur,Enterprise,Married,7.0,45.0,7,Yes,458919,317902,
226,Alexander Carroll,53.0,Female,,Operations,Data Scientist,27.0,5.0,No,Office,Ghaziabad,Large,Married,5.0,64.0,13,No,167175,192914,
350,Matthew Davis,58.0,Female,High School,Research,Full Stack Developer,22.0,2.0,No,Office,Lucknow,Startup,Single,7.0,87.0,18,No,122326,151799,
4786,David Mosley,28.0,Male,Bachelor's,Finance,HR Executive,4.0,5.0,No,Hybrid,Pune,Large,Married,9.0,67.0,4,No,162391,102047,
1056,Denise James,26.0,Female,Bachelor's,Operations,QA Engineer,5.0,2.0,Yes,Office,Mumbai,Large,Married,2.0,56.0,3,No,118972,101552,
614,Joseph Clark,37.0,Female,Diploma,Legal,Product Manager,4.0,,No,Office,Gurgaon,Medium,Single,5.0,65.0,0,No,65704,117661,
4395,Benjamin Perry,43.0,Male,Diploma,Sales,Marketing Manager,8.0,3.0,No,Office,Faridabad,Large,Single,3.0,90.0,2,No,194218,116657,
2987,Christopher Richmond,41.0,Female,PhD,IT,Data Scientist,1.0,3.0,No,Office,Indore,Large,Single,5.0,64.0,0,No,110545,152700,
217,Anthony Baker,53.0,Male,Bachelor's,Legal,Software Engineer,18.0,5.0,No,Office,Bangalore,Large,Single,0.0,92.0,6,Yes,91696,156561,
1051,Ian Medina,52.0,Male,Bachelor's,HR,Finance Analyst,28.0,1.0,Yes,Hybrid,Chennai,Large,Single,10.0,73.0,11,No,66479,181362,
272,Samantha Merritt,46.0,Female,High School,,QA Engineer,10.0,3.0,No,Hybrid,Noida,Large,Single,5.0,69.0,3,No,134456,108644,
320,Jennifer Wright,54.0,Male,Bachelor's,HR,Marketing Executive,0.0,2.0,Yes,Office,Mumbai,Large,Married,2.0,95.0,0,No,191947,96528,
4900,Austin Davis,,Female,Diploma,Finance,DevOps Engineer,1.0,5.0,Yes,Office,Hyderabad,Medium,Single,0.0,79.0,0,No,133198,104981,
2264,Lindsey Bradford,22.0,Female,Diploma,Sales,Business Analyst,2.0,1.0,Yes,Remote,Gurgaon,Medium,Single,3.0,60.0,1,No,78039,91562,
2441,Michael Chambers,52.0,Female,Bachelor's,Operations,Project Manager,15.0,2.0,Yes,Office,Jaipur,Startup,Married,7.0,53.0,0,No,105251,150299,
4263,James Wade,,Male,Bachelor's,Legal,Data Engineer,,4.0,Yes,Hybrid,Lucknow,Startup,Married,4.0,62.0,3,No,142510,119299,
2316,John Wiggins,58.0,Female,Bachelor's,Operations,Sales Executive,32.0,3.0,No,Hybrid,Hyderabad,Medium,Single,3.0,78.0,1,No,58807,159217,
88,Erika Good,58.0,Female,Bachelor's,HR,Cloud Engineer,25.0,,Yes,Hybrid,Gurgaon,Enterprise,Married,8.0,78.0,8,No,122215,209780,
3306,Christina Johnson DDS,39.0,Male,Bachelor's,Research,Cyber Security Analyst,17.0,1.0,No,Office,Lucknow,Large,Married,4.0,50.0,5,No,99823,151683,
196,Julie Morales,50.0,Male,Master's,Finance,Business Analyst,29.0,1.0,No,Remote,Bangalore,Medium,Single,5.0,,20,Yes,77615,189392,
2745,Jonathan Yang,27.0,Male,Master's,Research,DevOps Engineer,6.0,4.0,No,Remote,Ghaziabad,Startup,Single,5.0,40.0,3,No,20448,121932,
2472,Benjamin Griffin,52.0,Female,Master's,HR,Marketing Executive,25.0,5.0,No,Office,Kolkata,Large,Married,4.0,76.0,3,Yes,101535,196142,
2893,Rebecca Joseph,52.0,Male,Master's,Sales,Frontend Developer,29.0,4.0,No,Hybrid,Jaipur,Large,Married,0.0,93.0,6,No,136689,194777,
517,Tracie Lara,39.0,Female,Diploma,HR,Data Engineer,0.0,3.0,No,Hybrid,Jaipur,Medium,Single,7.0,48.0,0,No,161918,102951,
2311,Christopher Garcia,54.0,Male,High School,IT,QA Engineer,4.0,2.0,No,Office,Lucknow,Medium,Married,3.0,89.0,0,Yes,120788,97899,
753,Linda Reilly,40.0,Male,,Legal,ML Engineer,5.0,4.0,Yes,Office,Bangalore,Medium,Married,,79.0,4,No,181430,151790,
1233,Holly Moore,30.0,Male,PhD,HR,Data Engineer,6.0,3.0,No,Hybrid,Faridabad,Large,Married,3.0,53.0,5,Yes,85036,171942,
761,Dana Wilson,59.0,Female,Master's,Sales,Product Manager,7.0,5.0,No,Hybrid,Mumbai,Medium,Single,9.0,43.0,5,Yes,80840,161556,
3250,Kim Williams,33.0,Female,Master's,Administration,Marketing Manager,7.0,2.0,Yes,Office,Lucknow,Startup,Single,10.0,,0,No,56397,139551,
51,Henry Klein,58.0,Male,Bachelor's,IT,Network Engineer,32.0,1.0,No,Office,Lucknow,Startup,Single,6.0,90.0,5,No,116646,164448,
1983,Mary Williams,40.0,Male,Diploma,Research,Sales Executive,2.0,1.0,Yes,Office,Bangalore,Medium,Married,3.0,96.0,2,Yes,78074,97140,
4161,Jeffrey Nelson,53.0,Female,Bachelor's,Administration,Project Manager,,,No,Office,Kolkata,Large,Married,4.0,91.0,4,No,88851,137650,
3026,Lisa Huang,53.0,Female,Bachelor's,Administration,Data Analyst,19.0,4.0,Yes,Remote,Pune,Medium,Single,5.0,59.0,7,Yes,37763,153355,
1226,Jessica Martin,38.0,Male,Bachelor's,Operations,Finance Analyst,,1.0,Yes,Hybrid,Noida,Startup,Married,2.0,70.0,0,No,134731,81699,
2074,Anna Bauer,51.0,Male,High School,Customer Support,Backend Developer,28.0,4.0,Yes,Office,Pune,Medium,Married,3.0,81.0,17,No,145545,175928,
10,Jason Howell,52.0,Male,Bachelor's,IT,Accountant,23.0,4.0,Yes,Hybrid,Delhi,Startup,Divorced,10.0,88.0,1,No,132181,172245,
2710,Larry Grant,33.0,Female,Master's,Legal,HR Executive,13.0,2.0,Yes,Office,Indore,Medium,Single,9.0,65.0,13,No,48797,125334,
3293,Christopher Carrillo,49.0,Female,Diploma,,Data Scientist,15.0,,No,Remote,Kolkata,Large,Single,1.0,71.0,4,No,69930,154677,
3329,Courtney Hudson,60.0,Female,Diploma,Administration,DevOps Engineer,8.0,4.0,Yes,Office,Lucknow,Enterprise,Single,9.0,74.0,1,No,47451,145247,
622,Gabriel Mclean,33.0,Male,Bachelor's,Marketing,Project Manager,13.0,1.0,No,Office,Gurgaon,Enterprise,Single,3.0,72.0,4,No,186471,154569,
3165,Morgan Castro,53.0,Male,Master's,,Frontend Developer,27.0,1.0,No,Remote,Ghaziabad,Enterprise,Married,6.0,96.0,7,Yes,115408,196312,
2314,Michael Morales,50.0,Male,Master's,HR,Network Engineer,6.0,1.0,No,Hybrid,Gurgaon,Startup,Married,7.0,52.0,2,Yes,27990,115500,
3406,Jamie Abbott,47.0,Male,Bachelor's,Legal,Sales Executive,6.0,2.0,No,Hybrid,Lucknow,Medium,Single,0.0,91.0,3,No,184353,89938,
764,Patricia Mckinney,23.0,Female,Bachelor's,Finance,Database Administrator,0.0,1.0,No,Office,Noida,Startup,Married,,,0,No,161503,84720,
369,Michael Fisher,36.0,Male,Diploma,Operations,Marketing Executive,11.0,3.0,No,Office,Bangalore,Large,Single,0.0,68.0,7,No,66705,101334,
4144,Carl Kelly,21.0,Male,Bachelor's,,HR Manager,1.0,,No,Hybrid,Hyderabad,Enterprise,Married,6.0,42.0,1,No,62452,113473,
1187,David Miller,32.0,Female,PhD,Finance,Data Analyst,0.0,5.0,No,Hybrid,Faridabad,Large,Single,2.0,52.0,0,No,140931,121820,
2630,Jeffrey Phelps,28.0,Male,Master's,Legal,Data Analyst,6.0,,No,Hybrid,Mumbai,Enterprise,Divorced,2.0,96.0,0,Yes,147749,138377,
4389,Luke Moore,47.0,Female,Master's,Research,Project Manager,20.0,4.0,No,Office,Gurgaon,Large,Single,10.0,93.0,19,No,27541,189830,
4300,Jonathon Carpenter,22.0,Male,Diploma,HR,Cloud Engineer,1.0,4.0,No,,Ghaziabad,Large,Married,0.0,90.0,1,Yes,165649,123001,
1413,Katie Garcia,34.0,Male,Bachelor's,Legal,Project Manager,4.0,3.0,Yes,Hybrid,Jaipur,Large,Single,10.0,41.0,3,No,199828,134674,
874,Lee Hernandez,44.0,Male,,HR,Accountant,2.0,5.0,No,Hybrid,Chennai,Large,Single,2.0,46.0,0,Yes,155673,98561,
4122,Sarah Davis,54.0,Female,Master's,Finance,Finance Analyst,15.0,4.0,Yes,Office,Hyderabad,Startup,Single,10.0,94.0,1,No,152363,157123,
2116,Anne Anderson,57.0,Male,Master's,Administration,Network Engineer,1.0,3.0,Yes,Office,Kolkata,Medium,Married,7.0,43.0,1,No,46440,115902,
2024,Mr. Perry Benson MD,34.0,Female,Bachelor's,IT,ML Engineer,10.0,4.0,No,,Gurgaon,Large,Single,3.0,77.0,8,No,199865,153512,
4089,Michelle Roach,49.0,Male,Master's,Customer Support,Product Manager,20.0,,Yes,Office,Lucknow,Medium,Divorced,0.0,41.0,6,Yes,83301,192275,
2365,Savannah Murillo,28.0,Female,Diploma,Legal,Data Engineer,1.0,4.0,No,Hybrid,Gurgaon,Startup,Single,10.0,75.0,0,No,58321,101356,
3520,Dr. Kelli Hartman,36.0,Female,High School,Marketing,Marketing Manager,,5.0,No,Office,Hyderabad,Medium,Married,7.0,50.0,0,No,29744,99307,
3078,Katherine Robinson,42.0,Female,Bachelor's,Marketing,Backend Developer,17.0,5.0,No,Hybrid,Lucknow,Large,Married,3.0,51.0,1,No,89246,142183,
4808,Jennifer Hopkins,59.0,Female,Bachelor's,Finance,Full Stack Developer,2.0,2.0,No,Remote,Lucknow,Medium,Married,4.0,60.0,0,Yes,83263,107422,
3622,Jonathan Warren,56.0,Male,Bachelor's,,Data Scientist,24.0,5.0,No,Hybrid,Bangalore,Medium,Married,9.0,55.0,16,No,95063,174461,
1906,Cole Johnson,51.0,Female,High School,HR,Data Engineer,1.0,5.0,No,Remote,Jaipur,Startup,Married,1.0,53.0,0,No,193239,97080,
1099,Nicole Perez,38.0,Female,Master's,Sales,HR Manager,6.0,3.0,No,Office,Bangalore,Enterprise,Married,9.0,52.0,6,Yes,151692,148520,
2151,Thomas Hoffman,35.0,Male,PhD,IT,Database Administrator,7.0,2.0,No,Hybrid,Indore,Medium,Married,8.0,100.0,0,Yes,22655,159967,
3323,Larry Ward,51.0,Male,Master's,,Data Engineer,7.0,5.0,No,Office,Pune,Enterprise,Married,6.0,90.0,4,No,28742,170343,
4173,Felicia Porter,56.0,Male,Bachelor's,HR,HR Executive,27.0,5.0,Yes,Office,Bangalore,Large,Married,2.0,75.0,0,No,49708,169333,
4404,Kenneth King,21.0,Male,Bachelor's,Marketing,Cyber Security Analyst,1.0,5.0,No,Office,Faridabad,Medium,Single,,78.0,1,No,72766,113230,
4098,James Cole,48.0,Male,Bachelor's,Administration,Sales Manager,28.0,1.0,No,Hybrid,Gurgaon,Startup,Married,,76.0,0,Yes,173631,189932,
3465,Stacey Conrad,56.0,Female,Master's,Administration,Database Administrator,3.0,3.0,No,Office,Chennai,Startup,Married,8.0,42.0,0,No,49444,108676,
265,Robert Dickerson,38.0,Male,Master's,Operations,Network Engineer,2.0,4.0,Yes,,Chennai,Large,Single,,93.0,1,Yes,142778,148334,
4390,Shelby Medina,25.0,Male,Bachelor's,Sales,HR Manager,0.0,5.0,No,Hybrid,Bangalore,Medium,Married,2.0,78.0,0,No,74088,93672,
808,Shannon Ross,56.0,Male,Bachelor's,HR,HR Manager,25.0,1.0,Yes,Office,Indore,Large,Married,0.0,90.0,20,No,146675,161943,
1855,Shelia Page,48.0,Male,Diploma,Operations,Business Analyst,0.0,4.0,No,Hybrid,Bangalore,Large,Single,1.0,84.0,0,Yes,33582,100974,
2515,Frank Mitchell,28.0,Male,Diploma,IT,HR Manager,1.0,5.0,No,Remote,Hyderabad,Large,Married,5.0,69.0,0,Yes,84770,108600,
1850,Gina Thomas,25.0,Male,,Marketing,Data Analyst,4.0,2.0,Yes,Office,Gurgaon,Enterprise,Single,0.0,77.0,0,Yes,140834,137625,
2332,Jasmin Spears,46.0,Male,Bachelor's,Marketing,ML Engineer,23.0,2.0,No,Hybrid,Delhi,Large,Single,,65.0,15,No,180434,195921,
32,Melinda Reyes,40.0,Male,Master's,Customer Support,Software Engineer,7.0,3.0,No,Remote,Indore,Medium,Single,0.0,77.0,4,No,56395,122004,
163,Ryan Haney,23.0,Male,Bachelor's,Operations,Cyber Security Analyst,2.0,3.0,Yes,Office,Kolkata,Startup,Married,9.0,76.0,1,Yes,28036,130127,
101,Maria Garza,45.0,Male,,Finance,QA Engineer,0.0,2.0,No,Office,Lucknow,Large,Married,2.0,60.0,0,No,186703,84787,
4124,Michael Walters,30.0,Male,Bachelor's,Marketing,Marketing Manager,1.0,2.0,Yes,Remote,Faridabad,Startup,Married,7.0,59.0,0,No,76148,96393,
2468,Lauren Kim,40.0,Male,High School,Sales,Marketing Manager,16.0,4.0,No,Office,Chennai,Startup,Married,10.0,41.0,3,No,36964,127180,
2166,William Herrera,40.0,Male,Bachelor's,Legal,Marketing Executive,20.0,1.0,No,Office,Lucknow,Startup,Married,6.0,78.0,9,No,172759,129865,
329,Betty Stanton,49.0,Female,Bachelor's,Administration,Marketing Manager,3.0,3.0,Yes,Office,Kolkata,Medium,Single,,65.0,3,No,62137,109774,
2062,Danielle Sanchez,38.0,Male,Bachelor's,HR,Marketing Executive,10.0,5.0,No,Office,Faridabad,Medium,Divorced,10.0,51.0,3,No,181165,113922,
800,Michael Nelson,48.0,Female,Master's,Research,ML Engineer,22.0,4.0,No,Office,Ahmedabad,Large,Married,5.0,,6,Yes,69079,208444,
4876,David Hess,34.0,Female,Diploma,IT,Data Scientist,7.0,5.0,No,Hybrid,Ahmedabad,Large,Single,2.0,43.0,5,No,164685,131020,
819,Brady Banks,49.0,Male,High School,HR,Product Manager,11.0,2.0,No,Hybrid,Chennai,Startup,Married,3.0,82.0,5,No,130240,123324,
1800,Shelby Gordon,50.0,Male,Master's,Legal,Frontend Developer,22.0,2.0,No,Remote,Gurgaon,Enterprise,Married,0.0,90.0,12,No,124593,179704,
2834,Alexander Gregory,25.0,Male,Bachelor's,Finance,Cloud Engineer,1.0,2.0,No,Remote,Ghaziabad,Startup,Single,0.0,92.0,1,No,135671,99059,
4604,Margaret James,41.0,Female,Master's,Operations,HR Manager,11.0,2.0,No,,Mumbai,Medium,Single,5.0,84.0,10,No,118706,135183,
4110,Tyler Curtis,56.0,Male,Bachelor's,Legal,Backend Developer,14.0,1.0,Yes,Remote,Ghaziabad,Large,Married,5.0,94.0,0,No,178563,143732,
3415,James Walker,56.0,Male,Bachelor's,Finance,Data Engineer,23.0,2.0,No,Office,Indore,Medium,Single,,73.0,9,No,64339,153593,
2692,Kathryn Williams,25.0,Female,Bachelor's,,Marketing Executive,1.0,2.0,Yes,Remote,Jaipur,Medium,Married,,52.0,0,No,128672,86426,
2445,John Huff,38.0,Female,High School,Sales,Cyber Security Analyst,12.0,3.0,No,Office,Jaipur,Large,Married,4.0,99.0,3,No,189998,138182,
3201,Melissa Benton,50.0,Male,Bachelor's,Marketing,Finance Analyst,23.0,2.0,No,Remote,Gurgaon,Enterprise,Married,8.0,97.0,15,No,122142,168758,
1045,Jerry Miller,54.0,Female,High School,Operations,HR Manager,32.0,3.0,Yes,Remote,Bangalore,Large,Married,4.0,91.0,8,Yes,105275,186473,
2077,Mr. Andrew Frost,30.0,Male,Master's,Marketing,Full Stack Developer,7.0,3.0,Yes,Office,Hyderabad,Large,Married,2.0,96.0,5,No,73201,148749,
373,Amber George,47.0,Male,Bachelor's,IT,Frontend Developer,3.0,3.0,No,Remote,Mumbai,Large,Married,2.0,41.0,1,Yes,119273,110734,
1776,Devin Patel,29.0,Female,Bachelor's,Customer Support,QA Engineer,1.0,4.0,No,,Indore,Enterprise,Married,2.0,47.0,0,No,143293,103148,
2721,Dale Hampton,42.0,Male,Bachelor's,Finance,HR Executive,1.0,1.0,No,Hybrid,Ahmedabad,Startup,Single,0.0,66.0,1,No,168994,63889,
2152,Alexis Spencer,34.0,Male,Bachelor's,Operations,HR Manager,3.0,,No,Hybrid,Bangalore,Enterprise,Married,0.0,60.0,2,No,155239,107592,
1201,Grace Green,40.0,Female,Bachelor's,Administration,Backend Developer,10.0,3.0,No,Remote,Kolkata,Large,Married,4.0,65.0,5,No,107181,125933,
2821,Adam Roy,41.0,Female,Bachelor's,Legal,HR Manager,11.0,3.0,No,Office,Lucknow,Medium,Single,4.0,53.0,2,No,123726,115507,
3716,Todd Barr,57.0,Female,Bachelor's,HR,Sales Executive,6.0,5.0,No,Hybrid,Gurgaon,Startup,Single,8.0,86.0,5,No,178374,109458,
1762,Cindy Smith,36.0,Female,Bachelor's,Customer Support,Data Engineer,5.0,4.0,No,Office,Ghaziabad,Startup,Married,8.0,69.0,3,No,125635,122230,
3782,Julian Andersen,36.0,Male,High School,Legal,Data Engineer,8.0,5.0,Yes,Office,Chennai,Medium,Married,,81.0,4,No,71758,138037,
4597,Kristopher Parker,36.0,Male,Bachelor's,Operations,Accountant,10.0,1.0,No,Office,Ghaziabad,Enterprise,Single,,53.0,0,No,94821,117213,
2650,Daisy Nguyen,29.0,Male,Master's,Marketing,DevOps Engineer,2.0,3.0,Yes,Office,Mumbai,Medium,Married,8.0,93.0,0,Yes,86683,148504,
159,Scott Blake DVM,26.0,Male,Master's,Operations,Frontend Developer,2.0,2.0,Yes,Office,Gurgaon,Medium,Single,9.0,76.0,0,No,139006,117535,
1938,Rachael Bruce,40.0,Female,Bachelor's,Legal,Product Manager,10.0,4.0,No,Office,Lucknow,Startup,Married,8.0,99.0,10,Yes,43998,166955,
2290,Luis Bennett,49.0,Male,Bachelor's,Sales,QA Engineer,28.0,2.0,Yes,Hybrid,Pune,Enterprise,Married,9.0,77.0,0,No,34746,198224,
4566,Shawn Jones,51.0,Female,Diploma,,Finance Analyst,7.0,1.0,Yes,Office,Mumbai,Large,Married,1.0,61.0,3,No,168576,199386,
994,Kimberly Miller,30.0,Female,Diploma,Operations,Network Engineer,5.0,2.0,No,Office,Ahmedabad,Large,Married,3.0,60.0,4,No,139451,102822,
4539,Regina Wilson,55.0,Male,Bachelor's,Research,Data Analyst,30.0,1.0,Yes,Office,Faridabad,Large,Single,8.0,100.0,12,No,52968,178484,
404,Erin Walters,,Male,Bachelor's,Sales,Data Analyst,17.0,4.0,Yes,Hybrid,Chennai,Large,Married,0.0,72.0,16,No,178698,148710,
4481,John Myers,57.0,Male,PhD,,Finance Analyst,0.0,,No,,Indore,Medium,Married,6.0,80.0,0,Yes,36644,143561,
4653,Melody Lopez,21.0,Male,Master's,Finance,Cyber Security Analyst,1.0,5.0,Yes,Office,Mumbai,Large,Married,9.0,66.0,0,Yes,133697,157770,
678,Robert Briggs MD,56.0,Male,Diploma,Sales,Business Analyst,3.0,2.0,Yes,Remote,Ghaziabad,Medium,Married,1.0,66.0,3,No,108771,89077,
48,Nancy Christian,46.0,Female,High School,Sales,Database Administrator,13.0,3.0,No,Office,Pune,Startup,Single,1.0,52.0,7,No,28512,99180,
2654,Stephanie Gallagher,42.0,Female,Master's,Customer Support,Data Scientist,7.0,3.0,Yes,Remote,Indore,Startup,Married,2.0,52.0,0,No,195519,143542,
4642,Edward Butler,46.0,Male,,IT,Cyber Security Analyst,11.0,2.0,Yes,Hybrid,Hyderabad,Startup,Single,2.0,41.0,4,Yes,34969,127974,
2069,Ellen Smith,48.0,Male,Diploma,Sales,HR Executive,,1.0,No,Office,Ghaziabad,Large,Married,,99.0,5,No,94564,98570,
4409,April Henderson,50.0,Male,PhD,,ML Engineer,21.0,5.0,No,Hybrid,Mumbai,Large,Single,0.0,76.0,1,Yes,170645,218087,
4483,Ryan Norton,52.0,Female,Bachelor's,Customer Support,Data Scientist,21.0,4.0,No,Remote,Kolkata,Medium,Married,1.0,91.0,6,No,100038,185148,
1454,Adam Berry,39.0,Female,,Operations,Database Administrator,8.0,3.0,No,Remote,Ahmedabad,Medium,Single,4.0,43.0,4,Yes,62115,125014,
1574,Michael Collins,45.0,Female,Bachelor's,Operations,Cyber Security Analyst,16.0,5.0,Yes,Office,Indore,Enterprise,Married,5.0,83.0,15,No,53095,183480,
1498,Michael Williams,47.0,Female,Master's,HR,Finance Analyst,14.0,1.0,No,Hybrid,Delhi,Large,Single,0.0,,3,Yes,59293,150514,
4976,Bruce Rose,53.0,Male,Bachelor's,Research,Cyber Security Analyst,10.0,3.0,No,Office,Delhi,Large,Married,6.0,78.0,6,No,110938,142611,
1929,Lindsay Serrano,45.0,Female,Diploma,IT,Database Administrator,23.0,4.0,Yes,Office,Gurgaon,Startup,Married,8.0,97.0,9,No,127864,167780,
4519,Christopher Powell,39.0,Male,PhD,,Software Engineer,7.0,1.0,No,Office,Delhi,Enterprise,Married,5.0,49.0,1,No,32697,148647,
3463,Brent Carter,23.0,Female,Bachelor's,Administration,HR Manager,0.0,1.0,No,Office,Bangalore,Medium,Single,6.0,42.0,0,No,119630,83793,
3467,Katie Nelson,32.0,Female,Bachelor's,Marketing,Marketing Manager,9.0,4.0,No,Office,Ahmedabad,Medium,Married,8.0,93.0,3,No,147944,134724,
4267,Tracy Clayton,54.0,Female,Bachelor's,IT,Sales Manager,0.0,5.0,Yes,Office,Noida,Enterprise,Married,7.0,40.0,0,No,151245,119591,
1145,Dana Grant,44.0,Male,,Customer Support,Data Analyst,20.0,2.0,Yes,Office,Lucknow,Medium,Single,1.0,89.0,12,No,112635,148788,
818,Tammy Fisher,,Male,Diploma,Marketing,Database Administrator,2.0,1.0,No,Office,Lucknow,Enterprise,Single,,51.0,0,No,122985,105584,
1948,Shelley Madden,36.0,Female,Diploma,Legal,Business Analyst,12.0,4.0,Yes,Office,Kolkata,Medium,Married,7.0,42.0,4,Yes,35813,130019,
4014,Sara Peters,48.0,Male,Diploma,Legal,Data Engineer,20.0,1.0,No,Remote,Noida,Enterprise,Divorced,1.0,58.0,17,No,84294,302300,
3107,Sharon Cordova,60.0,Male,High School,Research,Marketing Executive,8.0,4.0,Yes,Remote,Noida,Startup,Single,5.0,67.0,7,No,180141,96501,
3793,Beth White,56.0,Male,Bachelor's,Finance,Marketing Manager,26.0,,Yes,,Pune,Medium,Single,4.0,92.0,14,No,64152,187393,
74,Scott Sanchez,26.0,Female,,Administration,Cyber Security Analyst,6.0,5.0,No,Hybrid,Faridabad,Medium,Married,5.0,,2,No,97129,134787,
937,Cristina Chang,35.0,Female,Bachelor's,Administration,HR Manager,4.0,2.0,No,Hybrid,Faridabad,Medium,Married,1.0,63.0,2,No,77013,90942,
1563,Michael Clayton,57.0,Male,Master's,Customer Support,Full Stack Developer,11.0,4.0,No,Office,Lucknow,Large,Single,1.0,88.0,5,Yes,134200,161091,
2680,Christopher Sanders,38.0,Male,Bachelor's,HR,Backend Developer,14.0,4.0,No,Hybrid,Chennai,Large,Single,9.0,64.0,6,No,140023,152278,
3009,Noah Johnson,56.0,Female,Master's,,HR Manager,30.0,5.0,Yes,Remote,Jaipur,Large,Married,8.0,62.0,12,No,118249,205148,
3916,Alexandra Smith,29.0,Female,Diploma,Customer Support,Cyber Security Analyst,3.0,,No,Hybrid,Ahmedabad,Enterprise,Single,8.0,49.0,3,No,194410,124904,
285,John Garrett,50.0,Male,Master's,Administration,Network Engineer,19.0,3.0,Yes,,Ghaziabad,Medium,Married,,62.0,9,No,193904,167253,
852,Anita Smith,27.0,Male,Bachelor's,Customer Support,HR Executive,0.0,3.0,No,Remote,Bangalore,Medium,Single,5.0,81.0,0,No,192022,82918,
2993,Thomas Davis,42.0,Female,Diploma,IT,Sales Executive,22.0,3.0,No,Office,Pune,Startup,Married,1.0,84.0,14,No,61004,124120,
4901,Wyatt Duran,,Male,Master's,,Finance Analyst,14.0,,No,Office,Noida,Large,Married,2.0,52.0,5,Yes,170903,151166,
961,Daniel Campbell,46.0,Female,Bachelor's,Customer Support,DevOps Engineer,4.0,1.0,No,Hybrid,Lucknow,Large,Single,2.0,77.0,3,Yes,187655,128219,
1999,Justin Torres,58.0,Male,High School,HR,Project Manager,24.0,5.0,No,Remote,Faridabad,Large,Married,9.0,54.0,1,No,58941,164718,
210,Nathan Alexander,23.0,Female,Master's,Administration,Business Analyst,1.0,3.0,No,Office,Ahmedabad,Large,Married,0.0,99.0,1,No,338124,228762,
2279,William Marquez,23.0,Female,High School,IT,QA Engineer,3.0,1.0,No,Hybrid,Ghaziabad,Startup,Single,,87.0,2,No,149278,69858,
769,Joseph Galloway,27.0,Male,,IT,Full Stack Developer,3.0,5.0,No,Remote,Noida,Large,Married,7.0,82.0,3,No,177615,139591,
247,Danielle Wheeler,58.0,Male,Diploma,Finance,Cyber Security Analyst,7.0,1.0,Yes,Office,Pune,Enterprise,Single,,45.0,2,Yes,21051,136678,
3032,Linda Hoffman,58.0,Female,Bachelor's,,Project Manager,10.0,2.0,No,Office,Jaipur,Medium,Married,8.0,69.0,1,Yes,135565,143147,
4784,Tracy Newman,45.0,Female,Bachelor's,Operations,Product Manager,6.0,2.0,No,Office,Indore,Startup,Married,1.0,69.0,0,No,90255,125547,
1685,Garrett Thompson,50.0,Male,Master's,Operations,Data Analyst,26.0,4.0,No,Office,Kolkata,Medium,Married,7.0,87.0,20,No,228663,513288,
2331,Tina Stevens,22.0,Female,High School,Sales,Data Analyst,2.0,1.0,No,Hybrid,Pune,Startup,Single,6.0,53.0,1,No,154443,69560,
59,Brandy Beard,38.0,Female,Master's,HR,Backend Developer,0.0,4.0,No,Hybrid,Gurgaon,Startup,Single,6.0,78.0,0,No,123177,105798,
3747,Rebecca Stevens,54.0,Female,Bachelor's,Research,HR Manager,30.0,1.0,Yes,Remote,Faridabad,Enterprise,Single,9.0,,5,No,56208,207129,
3473,James Jenkins,28.0,Male,Diploma,Administration,Project Manager,2.0,3.0,No,Office,Hyderabad,Large,Divorced,0.0,59.0,0,No,64040,110195,
3823,Jeremy Martinez,35.0,Female,PhD,Legal,Database Administrator,7.0,2.0,No,Office,Kolkata,Startup,Divorced,9.0,42.0,0,Yes,155249,151968,
2632,Stephen Martinez,54.0,Female,Bachelor's,Research,Frontend Developer,20.0,2.0,No,Office,Chennai,Large,Single,2.0,73.0,4,Yes,39126,148101,
3249,Ricardo Nelson,37.0,Male,Master's,Marketing,Frontend Developer,2.0,,No,Hybrid,Noida,Large,Single,8.0,73.0,0,No,121243,122496,
4556,Joshua Hull,44.0,Female,Master's,Operations,Data Analyst,20.0,3.0,No,Hybrid,Hyderabad,Enterprise,Married,6.0,86.0,6,No,96861,181023,
510,Douglas Compton,47.0,Male,,Marketing,QA Engineer,,1.0,No,Office,Bangalore,Large,Married,8.0,57.0,17,Yes,191866,180897,
3081,Rick Johnston,26.0,Female,Bachelor's,Customer Support,HR Executive,0.0,,No,Office,Kolkata,Startup,Single,3.0,44.0,0,Yes,195574,78155,
2093,Margaret Moore,40.0,Female,Bachelor's,IT,Finance Analyst,5.0,3.0,No,Remote,Bangalore,Enterprise,Married,,82.0,3,No,196784,128348,
4671,Jason Mcdowell,51.0,Male,Master's,Sales,Frontend Developer,23.0,,Yes,Office,Indore,Large,Married,9.0,,14,No,107887,181015,
288,Joseph Moore,46.0,Male,Bachelor's,Operations,Cyber Security Analyst,15.0,2.0,No,Remote,Noida,Medium,Single,,,9,No,146700,141602,
550,Jessica Hall,40.0,Male,Bachelor's,Marketing,Cloud Engineer,15.0,5.0,No,Office,Hyderabad,Medium,Single,9.0,74.0,8,No,58138,159755,
2352,Diana Davis,45.0,Male,PhD,Administration,QA Engineer,6.0,1.0,No,Office,Delhi,Enterprise,Married,5.0,56.0,4,No,128034,149770,
3568,Jennifer House,45.0,Female,High School,Sales,Data Scientist,1.0,5.0,No,Hybrid,Delhi,Medium,Single,5.0,83.0,1,No,40734,116994,
2359,Anna Warren,55.0,Male,Bachelor's,Finance,Accountant,20.0,2.0,No,Hybrid,Kolkata,Medium,Married,7.0,61.0,15,No,32057,141772,
2351,Emily Levine,30.0,Female,Bachelor's,Sales,Software Engineer,8.0,4.0,No,Remote,Indore,Large,Married,3.0,40.0,2,No,181699,119270,
1424,Gabriela Rivera,33.0,Female,Bachelor's,Customer Support,Data Engineer,8.0,2.0,Yes,Hybrid,Ahmedabad,Enterprise,Married,1.0,83.0,6,No,198445,144346,
2296,Amy Brown,51.0,Male,Master's,Legal,Cloud Engineer,4.0,4.0,No,Office,Ghaziabad,Medium,Divorced,7.0,41.0,3,No,50412,125581,
2443,Sherri Murphy,59.0,Female,Bachelor's,Research,Sales Manager,0.0,4.0,No,Office,Jaipur,Enterprise,Single,5.0,83.0,0,No,89901,121645,
2737,Rachel Webster,43.0,Female,Bachelor's,Customer Support,Accountant,22.0,3.0,Yes,Remote,Mumbai,Medium,Single,9.0,97.0,8,No,94732,160848,
4728,Alyssa Gregory,56.0,Female,Master's,,Finance Analyst,8.0,3.0,Yes,Office,Mumbai,Enterprise,Married,7.0,88.0,8,No,77080,152902,
4273,Kathryn Thomas,43.0,Female,,Research,Cyber Security Analyst,7.0,5.0,No,Office,Pune,Enterprise,Married,5.0,59.0,7,No,56389,144611,
456,Dustin Lloyd,26.0,Male,High School,Sales,Project Manager,5.0,1.0,No,Office,Faridabad,Enterprise,Married,8.0,61.0,3,No,126538,123745,
1519,Jessica Robles,29.0,Male,Master's,Customer Support,DevOps Engineer,5.0,5.0,Yes,Office,Mumbai,Enterprise,Married,1.0,49.0,4,No,133742,147336,
475,Steven Lopez,49.0,Male,Diploma,IT,Data Scientist,17.0,4.0,Yes,Remote,Chennai,Startup,Single,6.0,97.0,8,Yes,89103,171113,
3409,Robert Park,34.0,Female,,,Sales Executive,6.0,5.0,Yes,,Faridabad,Enterprise,Single,4.0,62.0,0,No,238251,418008,
3773,Jason Morgan,24.0,Male,Master's,,Marketing Manager,1.0,5.0,Yes,Remote,Lucknow,Enterprise,Divorced,4.0,,1,No,91894,146858,
1580,Dennis Adams,57.0,Male,Bachelor's,HR,Marketing Manager,4.0,3.0,Yes,Office,Chennai,Startup,Married,5.0,62.0,1,No,155249,107879,
124,Cody Brock,41.0,Female,Bachelor's,HR,Sales Manager,3.0,5.0,No,Hybrid,Jaipur,Startup,Single,0.0,79.0,1,Yes,173240,118737,
859,Leslie Perry,47.0,Male,Master's,IT,Software Engineer,13.0,2.0,No,Hybrid,Ghaziabad,Large,Married,1.0,89.0,3,No,153485,148448,
1325,Andrea Barry,38.0,Male,,Finance,Product Manager,14.0,,Yes,Office,Noida,Enterprise,Single,10.0,,1,Yes,89400,201028,
2306,Krystal Dunlap,45.0,Male,Diploma,Operations,Database Administrator,24.0,4.0,No,Office,Bangalore,Medium,Married,6.0,51.0,10,No,173561,167298,
7,Donald Ponce,57.0,Male,Master's,,Marketing Executive,13.0,3.0,No,Office,Chennai,Medium,Single,6.0,88.0,3,No,107939,142853,
4085,Molly Walls,60.0,Female,Bachelor's,Marketing,Frontend Developer,2.0,3.0,Yes,Office,Kolkata,Startup,Single,0.0,91.0,2,No,75170,87239,
4998,Erica Davila,29.0,Male,,Administration,Business Analyst,6.0,3.0,No,Office,Pune,Large,Single,3.0,55.0,6,No,76911,144362,
4442,Tiffany Patton,54.0,Male,Bachelor's,Marketing,Data Scientist,4.0,3.0,No,Hybrid,Ghaziabad,Startup,Single,6.0,65.0,2,No,88645,121847,
3371,Peter Anderson,42.0,Male,Master's,Administration,Backend Developer,9.0,5.0,No,Office,Delhi,Startup,Single,5.0,63.0,6,Yes,35895,141402,
1627,Andrew Rivas,44.0,Female,High School,Marketing,Sales Executive,1.0,2.0,No,Remote,Gurgaon,Medium,Married,9.0,93.0,1,Yes,80447,87560,
1607,Patricia Clark,57.0,Male,,Administration,Software Engineer,4.0,1.0,No,Office,Kolkata,Medium,Married,8.0,89.0,2,No,79418,116647,
4121,James Williamson,25.0,Male,Bachelor's,HR,Data Scientist,5.0,4.0,No,Hybrid,Faridabad,Large,Single,7.0,59.0,2,No,70892,132071,
520,Benjamin King,33.0,Female,Bachelor's,Operations,Software Engineer,6.0,5.0,Yes,Office,Hyderabad,Large,Married,2.0,84.0,4,No,131301,126343,
3169,Emily Lewis,23.0,Male,Bachelor's,IT,Marketing Manager,3.0,1.0,Yes,Remote,Bangalore,Large,Single,8.0,59.0,1,No,165086,120758,
1326,Shawn Buck,32.0,Male,Bachelor's,,Frontend Developer,7.0,1.0,Yes,Office,Mumbai,Large,Divorced,1.0,94.0,7,No,30322,110431,
3370,Maria Carson,40.0,Female,Bachelor's,Customer Support,Data Analyst,18.0,,No,,Pune,Medium,Married,8.0,98.0,16,No,42699,146254,
2110,Alfred Delgado,43.0,Male,Bachelor's,Finance,Data Analyst,18.0,5.0,Yes,Hybrid,Ahmedabad,Enterprise,Married,0.0,100.0,4,No,179262,168347,
2638,Andrew Garcia,56.0,Male,Diploma,Legal,HR Manager,,3.0,No,Remote,Kolkata,Medium,Married,10.0,84.0,4,No,90913,108161,
3509,Catherine Harvey,38.0,Male,PhD,,Frontend Developer,18.0,2.0,Yes,Hybrid,Kolkata,Medium,Single,9.0,74.0,16,No,86940,185160,
1849,Peter Santiago,22.0,Female,Master's,Legal,Cyber Security Analyst,2.0,3.0,No,Office,Kolkata,Medium,Married,4.0,60.0,1,No,175780,121607,
4709,Belinda Kirk,,Male,PhD,Customer Support,QA Engineer,7.0,2.0,Yes,Remote,Mumbai,Medium,Married,,79.0,0,Yes,196408,149952,
4737,Mary Fisher,59.0,Male,Bachelor's,Legal,Project Manager,3.0,1.0,Yes,Hybrid,Indore,Startup,Married,5.0,63.0,2,No,228270,222900,
174,Adam Callahan,28.0,Female,Bachelor's,HR,Business Analyst,5.0,2.0,No,Remote,Pune,Medium,Married,3.0,52.0,2,No,94763,100576,
1125,Brandon Marshall,40.0,Female,,IT,Marketing Executive,10.0,5.0,No,Office,Pune,Large,Single,1.0,64.0,0,No,128988,111349,
3816,Eric Jones,,Female,Bachelor's,Customer Support,Product Manager,2.0,3.0,No,Office,Mumbai,Large,Divorced,3.0,55.0,2,No,48728,119392,
1787,Kimberly Oneal,22.0,Male,Diploma,IT,Network Engineer,1.0,2.0,Yes,Hybrid,Bangalore,Medium,Single,4.0,76.0,1,Yes,73532,108185,
1589,Jacob Mullins,55.0,Female,PhD,Research,HR Executive,24.0,4.0,No,Hybrid,Bangalore,Enterprise,Married,2.0,80.0,3,Yes,108414,197166,
2535,Jasmine Thompson,40.0,Female,Bachelor's,Finance,ML Engineer,5.0,3.0,No,Office,Hyderabad,Medium,Single,8.0,85.0,0,No,111364,134924,
4959,Cheryl Hart,52.0,Female,,Administration,Cyber Security Analyst,31.0,5.0,No,Office,Gurgaon,Startup,Married,4.0,75.0,4,No,114092,222702,
1591,Andrea Parker,22.0,Male,Diploma,IT,HR Manager,0.0,5.0,No,,Hyderabad,Medium,Married,5.0,46.0,0,No,162349,80001,
3498,Tyler Butler,30.0,Male,Master's,IT,QA Engineer,3.0,4.0,No,Office,Delhi,Large,Married,5.0,70.0,0,No,169819,117118,
4904,Barbara Garcia,53.0,Male,Diploma,Customer Support,Marketing Manager,14.0,5.0,No,Remote,Ghaziabad,Startup,Single,2.0,88.0,14,No,56539,128348,
2524,Anthony Bryant,,Female,High School,Marketing,Accountant,5.0,4.0,No,Office,Noida,Enterprise,Single,7.0,46.0,3,Yes,187414,113784,
395,James Taylor,42.0,Male,Bachelor's,Administration,HR Manager,18.0,1.0,No,Office,Ghaziabad,Medium,Single,3.0,41.0,12,No,188993,129214,
913,Lisa Hendricks,28.0,Male,High School,Legal,Backend Developer,8.0,3.0,No,Remote,Ghaziabad,Medium,Single,3.0,82.0,4,No,135594,103696,
61,Gary Sanchez,54.0,Female,,Administration,Business Analyst,34.0,3.0,No,Remote,Bangalore,Medium,Single,1.0,46.0,9,Yes,22198,203212,
549,Laura Medina,55.0,Female,Diploma,Legal,Data Analyst,32.0,2.0,Yes,Office,Indore,Medium,Married,3.0,46.0,15,Yes,62235,158611,
4701,Jeffery Flores,22.0,Male,Master's,Legal,HR Executive,1.0,5.0,Yes,Office,Pune,Medium,Single,5.0,,0,No,166314,104434,
2023,Teresa Stanley,23.0,Female,Diploma,Legal,Data Analyst,2.0,3.0,Yes,Office,Indore,Medium,Married,2.0,72.0,1,Yes,21243,94740,
3210,Denise Fitzgerald,31.0,Male,,Operations,Full Stack Developer,2.0,5.0,Yes,Hybrid,Bangalore,Large,Single,0.0,,0,No,199518,116861,
3784,Jennifer Schwartz,42.0,Male,Diploma,,Software Engineer,11.0,1.0,Yes,Office,Delhi,Medium,Married,10.0,72.0,4,No,160302,367386,
54,Joseph Goodwin DVM,,Female,Bachelor's,Administration,Marketing Executive,9.0,2.0,No,Office,Ahmedabad,Startup,Single,0.0,86.0,7,No,190987,99751,
261,Philip Kline,49.0,Female,Diploma,HR,Product Manager,22.0,2.0,No,Office,Faridabad,Medium,Married,2.0,81.0,10,No,191103,162107,
193,Gina Mcgrath,25.0,Female,Master's,Legal,Accountant,4.0,2.0,Yes,Hybrid,Mumbai,Medium,Married,8.0,66.0,3,No,196098,111683,
3393,Jessica Mcclure,28.0,Male,Bachelor's,Sales,Full Stack Developer,0.0,1.0,No,Hybrid,Delhi,Medium,Married,3.0,41.0,0,No,183784,90462,
3123,Scott Ray,36.0,Female,Master's,Marketing,Data Scientist,13.0,3.0,No,Hybrid,Chennai,Large,Single,10.0,66.0,5,No,99063,166564,
1782,Carmen Ruiz,29.0,Male,Bachelor's,HR,Sales Executive,3.0,2.0,Yes,Hybrid,Lucknow,Medium,Married,10.0,49.0,0,No,59380,94827,
3279,William Robinson,45.0,Male,Diploma,,Database Administrator,16.0,4.0,No,Office,Kolkata,Enterprise,Married,3.0,69.0,3,No,20411,142092,
872,Kara Garrison,,Female,Bachelor's,IT,Marketing Manager,27.0,1.0,No,Remote,Noida,Enterprise,Married,1.0,41.0,9,No,173415,167249,
4411,Destiny Dawson,21.0,Female,Diploma,Administration,Sales Executive,0.0,5.0,No,Remote,Faridabad,Medium,Married,9.0,100.0,0,No,194430,92547,
2606,Heather Green,31.0,Male,Bachelor's,Sales,Sales Executive,5.0,1.0,No,Hybrid,Kolkata,Startup,Married,,92.0,5,Yes,187396,108841,
945,Edwin Villanueva,29.0,Male,Diploma,Research,Sales Executive,9.0,1.0,No,Hybrid,Pune,Enterprise,Single,6.0,46.0,3,No,142790,108361,
4665,Elizabeth Pratt,38.0,Female,Bachelor's,Marketing,Finance Analyst,8.0,5.0,No,,Faridabad,Startup,Married,3.0,83.0,8,No,41544,113428,
1902,Justin Richardson,58.0,Male,Bachelor's,Legal,Sales Manager,34.0,4.0,No,Office,Indore,Medium,Single,,97.0,19,No,130859,218288,
2491,Charlotte Smith,50.0,Male,Diploma,Operations,Data Analyst,27.0,2.0,Yes,Hybrid,Ghaziabad,Large,Divorced,6.0,76.0,6,Yes,23816,178740,
179,Johnny Hicks,31.0,Female,Bachelor's,Sales,Database Administrator,5.0,5.0,Yes,,Pune,Large,Married,5.0,83.0,3,No,67591,137385,
2685,James Olson,60.0,Male,Master's,Research,Cloud Engineer,18.0,2.0,Yes,Hybrid,Jaipur,Startup,Single,6.0,82.0,1,Yes,190920,185281,
3242,Kayla Park,44.0,Female,,Marketing,Project Manager,20.0,4.0,Yes,Hybrid,Pune,Medium,Married,5.0,57.0,7,Yes,164806,175184,
822,Jesse Castro,28.0,Female,Master's,Marketing,Project Manager,5.0,5.0,No,Office,Ghaziabad,Enterprise,Married,7.0,70.0,4,Yes,129383,171079,
3788,Heather Lee,,Male,PhD,Customer Support,HR Manager,3.0,,No,Office,Faridabad,Medium,Single,7.0,62.0,3,No,177316,134866,
3576,Katherine Brooks,29.0,Female,Bachelor's,IT,Sales Manager,3.0,5.0,Yes,Hybrid,Ghaziabad,Medium,Single,8.0,85.0,1,No,96947,126104,
1555,Stephen Ramos,39.0,Female,Bachelor's,IT,Cloud Engineer,0.0,3.0,Yes,Office,Indore,Large,Married,5.0,65.0,0,No,133417,118880,
3677,Benjamin Gonzalez,24.0,Female,Bachelor's,Legal,HR Executive,3.0,4.0,Yes,Hybrid,Noida,Startup,Married,4.0,71.0,1,No,90704,89380,
405,Michael Donaldson,49.0,Female,Master's,Customer Support,Marketing Manager,19.0,5.0,No,Office,Delhi,Large,Single,0.0,71.0,16,No,114533,178909,
4827,Melanie Fuentes,54.0,Male,Bachelor's,Research,Cloud Engineer,28.0,4.0,No,Hybrid,Ahmedabad,Enterprise,Married,7.0,59.0,15,No,100231,195862,
2864,Theresa Rivera,36.0,Female,Master's,Sales,Cloud Engineer,2.0,2.0,Yes,Hybrid,Pune,Startup,Married,10.0,72.0,1,No,168434,127770,
2426,Michael Coleman,28.0,Female,,Sales,Sales Manager,5.0,1.0,No,,Ghaziabad,Startup,Single,4.0,94.0,5,Yes,176820,134528,
2975,Ronald Davis,55.0,Male,Bachelor's,Research,Frontend Developer,,1.0,No,Office,Bangalore,Large,Married,2.0,97.0,17,No,30652,135486,
3128,Lisa Woodard,52.0,Female,High School,Legal,Marketing Manager,29.0,1.0,No,Remote,Ghaziabad,Medium,Married,8.0,82.0,16,No,73570,171952,
3187,Brett Jennings,32.0,Female,Bachelor's,Operations,Marketing Executive,0.0,5.0,Yes,Remote,Chennai,Large,Single,5.0,95.0,0,Yes,117078,122585,
3527,Jennifer Carter,22.0,Male,Bachelor's,Sales,Cyber Security Analyst,2.0,1.0,No,Office,Gurgaon,Large,Divorced,2.0,54.0,0,No,63785,103515,
1360,Shane Wilson,38.0,Female,Master's,Legal,QA Engineer,11.0,3.0,No,Hybrid,Ahmedabad,Enterprise,Married,8.0,76.0,4,No,522141,313138,
640,Karen Murphy,35.0,Female,Bachelor's,Marketing,QA Engineer,3.0,2.0,No,Remote,Pune,Medium,Single,0.0,50.0,2,Yes,36350,98635,
795,Emily Jones,57.0,Female,Master's,Marketing,Cyber Security Analyst,29.0,4.0,No,Hybrid,Noida,Enterprise,Married,6.0,73.0,5,Yes,37373,227773,
4102,Brad Ortiz,36.0,Male,Bachelor's,Operations,Business Analyst,0.0,4.0,No,Office,Jaipur,Medium,Married,2.0,47.0,0,No,167968,85612,
4691,Christopher Browning,33.0,Male,Master's,Legal,Data Analyst,6.0,3.0,No,Office,Bangalore,Enterprise,Married,1.0,45.0,2,No,129745,124178,
1565,Dustin Noble,51.0,Female,PhD,Research,Data Scientist,28.0,3.0,Yes,Office,Hyderabad,Medium,Married,5.0,89.0,14,No,28072,223673,
3262,Michael Johnson,37.0,Female,Diploma,Customer Support,Frontend Developer,12.0,5.0,No,Office,Ghaziabad,Medium,Single,1.0,82.0,11,Yes,103090,132658,
3959,Michael Anderson,35.0,Male,PhD,Research,Sales Manager,6.0,2.0,No,Remote,Ghaziabad,Large,Married,8.0,80.0,6,No,50149,151187,
255,Brooke Hughes,57.0,Male,Diploma,Legal,Sales Manager,0.0,2.0,No,Remote,Bangalore,Enterprise,Married,0.0,56.0,0,No,148652,96327,
4569,Nathan Sanchez,60.0,Female,Master's,Customer Support,Cloud Engineer,29.0,3.0,No,Office,Bangalore,Large,Single,5.0,76.0,9,Yes,181082,225931,
1895,Juan Henry,,Female,Bachelor's,Research,Frontend Developer,9.0,2.0,No,Office,Faridabad,Medium,Married,9.0,77.0,2,No,151717,119687,
4797,Krista Byrd DDS,24.0,Male,Master's,Operations,Finance Analyst,2.0,1.0,Yes,Hybrid,Gurgaon,Large,Single,10.0,90.0,2,No,166867,128926,
2295,Amanda Mckee,42.0,Female,Bachelor's,IT,Data Engineer,15.0,3.0,Yes,Office,Noida,Enterprise,Married,7.0,89.0,3,No,35665,178182,
2791,Lucas Hines,25.0,Male,Bachelor's,Finance,Database Administrator,3.0,2.0,No,Office,Jaipur,Medium,Single,6.0,93.0,1,Yes,50666,115526,
289,Stephen Brown,28.0,Female,,HR,Data Analyst,7.0,1.0,No,Office,Jaipur,Enterprise,Single,8.0,93.0,4,Yes,46140,128753,
1512,Alex Miller,58.0,Male,,Finance,Marketing Executive,33.0,3.0,No,Office,Ahmedabad,Large,Married,7.0,79.0,12,No,113644,182289,
1380,Gary Cummings,29.0,Female,Diploma,Marketing,Sales Manager,6.0,5.0,No,Remote,Mumbai,Enterprise,Married,6.0,49.0,0,No,178239,131858,
4459,Kayla Miller,29.0,Female,Diploma,Marketing,HR Executive,4.0,5.0,Yes,Office,Ahmedabad,Large,Married,5.0,68.0,3,No,103292,97498,
108,Stephen Patel,44.0,Male,Bachelor's,Operations,Cloud Engineer,13.0,5.0,Yes,Office,Delhi,Large,Single,0.0,98.0,5,No,135395,166358,
4759,Jodi Hanson,33.0,Female,Diploma,Customer Support,Full Stack Developer,0.0,,Yes,Office,Gurgaon,Large,Married,6.0,76.0,0,Yes,20702,114123,
4578,Dorothy Church,36.0,Male,Diploma,Customer Support,Cyber Security Analyst,4.0,4.0,No,Remote,Hyderabad,Enterprise,Single,2.0,58.0,3,No,173739,125687,
4406,Alejandro Williams,27.0,Male,Bachelor's,Administration,Data Engineer,6.0,3.0,Yes,Office,Kolkata,Startup,Single,5.0,90.0,3,No,89164,128652,
4488,Paul Francis,25.0,Female,Master's,HR,Marketing Manager,2.0,3.0,No,Hybrid,Gurgaon,Medium,Married,1.0,64.0,1,No,28162,105067,
110,David Williams,42.0,Female,PhD,Research,Marketing Executive,11.0,2.0,Yes,Hybrid,Jaipur,Medium,Married,3.0,42.0,6,No,68231,141548,
1291,Jennifer Smith,56.0,Female,Bachelor's,Research,Data Analyst,7.0,5.0,Yes,Hybrid,Pune,Large,Married,3.0,57.0,0,Yes,129429,130013,
676,Mary Lambert,43.0,Male,Bachelor's,IT,Business Analyst,8.0,1.0,No,Office,Indore,Medium,Single,6.0,88.0,1,No,166874,114616,
1303,Brandon Reynolds,32.0,Female,Master's,,ML Engineer,6.0,5.0,No,Hybrid,Bangalore,Medium,Married,,90.0,2,No,72545,154203,
2559,Lisa Schmidt,54.0,Female,Bachelor's,,Sales Manager,19.0,3.0,Yes,Remote,Jaipur,Medium,Married,8.0,,15,No,104247,153825,
2857,Jordan Gill,34.0,Female,Diploma,Legal,Sales Manager,13.0,5.0,No,Remote,Indore,Enterprise,Single,5.0,94.0,4,Yes,110997,165537,
4005,Vincent Stewart,49.0,Male,Bachelor's,IT,Database Administrator,4.0,4.0,No,Office,Mumbai,Large,Single,2.0,74.0,2,No,20956,112366,
1202,Gina Austin,22.0,Male,Master's,Operations,ML Engineer,0.0,4.0,No,Hybrid,Pune,Medium,Married,2.0,76.0,0,No,153479,134308,
1603,Larry Goodman,29.0,Female,Bachelor's,Finance,Project Manager,6.0,3.0,Yes,Hybrid,Kolkata,Large,Single,5.0,85.0,2,No,123510,143575,
3539,Joseph Hawkins,57.0,Female,Diploma,Customer Support,Backend Developer,0.0,2.0,No,Office,Kolkata,Enterprise,Single,2.0,52.0,0,Yes,117181,102608,
65,Sharon Ali,47.0,Male,Master's,Administration,Backend Developer,24.0,4.0,No,Hybrid,Chennai,Enterprise,Single,9.0,85.0,1,Yes,170322,221664,
631,Rodney Campos,45.0,Female,Diploma,Legal,Accountant,20.0,2.0,Yes,Remote,Kolkata,Large,Single,0.0,87.0,12,No,134515,137477,
989,Mr. Keith Allen,41.0,Female,Bachelor's,Operations,Data Analyst,8.0,1.0,Yes,Office,Jaipur,Large,Single,5.0,84.0,4,No,167089,116675,
2483,Luke Bell,58.0,Female,Bachelor's,Customer Support,Product Manager,1.0,1.0,Yes,Hybrid,Hyderabad,Medium,Single,3.0,51.0,1,Yes,181987,124824,
1306,Nancy Garcia,32.0,Female,Master's,Marketing,Marketing Manager,1.0,3.0,Yes,Hybrid,Indore,Large,Single,6.0,87.0,0,Yes,172350,144861,
969,Ryan Torres,,Male,Bachelor's,Customer Support,Business Analyst,,2.0,No,Hybrid,Lucknow,Large,Single,2.0,43.0,0,No,93480,108432,
1798,Andrew Meadows,28.0,Male,Bachelor's,Administration,HR Executive,6.0,3.0,No,Office,Mumbai,Large,Married,7.0,96.0,6,No,117095,103721,
3119,Jermaine Bryan,39.0,Male,Diploma,Finance,Data Engineer,8.0,5.0,No,Office,Gurgaon,Large,Single,2.0,99.0,3,No,195912,136727,
3717,Emily Figueroa,48.0,Female,Diploma,Sales,Backend Developer,1.0,1.0,No,Remote,Kolkata,Large,Single,8.0,47.0,0,No,59238,88204,
1235,Tracy Dawson,39.0,Male,Diploma,Administration,Frontend Developer,14.0,1.0,No,Office,Indore,Medium,Married,6.0,93.0,11,No,26586,115601,
1826,Karina White,28.0,Male,High School,Research,Backend Developer,4.0,1.0,No,Hybrid,Delhi,Medium,Single,5.0,59.0,1,No,196779,82815,
3938,Adriana Monroe,24.0,Male,Bachelor's,Research,Network Engineer,1.0,2.0,Yes,Hybrid,Chennai,Medium,Single,5.0,50.0,1,Yes,53472,108181,
1471,John Miller,36.0,Male,Master's,Customer Support,Network Engineer,10.0,3.0,No,Hybrid,Ghaziabad,Startup,Single,7.0,63.0,1,No,33617,133932,
500,Steven Reed,34.0,Female,Bachelor's,Operations,HR Executive,11.0,4.0,No,Hybrid,Delhi,Medium,Single,8.0,87.0,0,No,143351,109892,
4214,Amy Nolan,22.0,Female,Bachelor's,Finance,Full Stack Developer,2.0,3.0,No,Hybrid,Noida,Large,Married,7.0,80.0,1,No,147725,114407,
2705,Alexa Wagner,56.0,Male,Bachelor's,Administration,Accountant,8.0,3.0,No,Office,Mumbai,Large,Married,3.0,99.0,0,Yes,53773,124157,
3926,Pamela Diaz,43.0,Male,Bachelor's,HR,Project Manager,9.0,4.0,No,Office,Ghaziabad,Medium,Married,1.0,67.0,4,No,110093,136968,
1284,Tara Atkinson,57.0,Male,PhD,Operations,Product Manager,2.0,3.0,Yes,Office,Pune,Medium,Single,0.0,87.0,1,No,27139,161162,
686,Peter Marquez,27.0,Male,Master's,Operations,Accountant,,,No,Remote,Chennai,Medium,Married,10.0,81.0,2,No,62628,120885,
584,Melissa Cherry,53.0,Female,Master's,Finance,Network Engineer,29.0,1.0,Yes,Office,Jaipur,Medium,Single,9.0,47.0,19,No,113254,192091,
238,Sonya Oconnell,51.0,Female,Master's,Legal,Sales Executive,30.0,2.0,No,Hybrid,Noida,Large,Married,9.0,54.0,14,No,106694,182172,
3646,Mr. Larry George,49.0,Female,Master's,Sales,Sales Executive,0.0,2.0,No,,Ahmedabad,Medium,Divorced,,87.0,0,No,104477,94093,
2642,Dr. Chelsea Prince,52.0,Female,Bachelor's,Customer Support,HR Manager,25.0,4.0,No,Office,Jaipur,Large,Divorced,9.0,94.0,16,Yes,138026,182529,
1333,Christina Irwin,42.0,Male,Bachelor's,Finance,Project Manager,22.0,5.0,Yes,Hybrid,Lucknow,Startup,Single,8.0,62.0,7,No,69185,182893,
4116,Jacob Beck,27.0,Male,Master's,Marketing,Full Stack Developer,4.0,1.0,No,Remote,Ahmedabad,Enterprise,Single,0.0,50.0,1,No,35322,121257,
4146,Brianna Haley,43.0,Male,Bachelor's,Operations,Network Engineer,13.0,4.0,No,Remote,Jaipur,Medium,Single,7.0,98.0,6,Yes,178987,145915,
2239,Michael Anderson,23.0,Female,Bachelor's,Marketing,Full Stack Developer,2.0,4.0,No,Office,Hyderabad,Large,Single,9.0,67.0,2,No,75259,119627,
2649,Megan Willis,48.0,Male,Master's,Legal,Backend Developer,1.0,1.0,No,Remote,Delhi,Large,Married,7.0,58.0,1,No,132917,112215,
4516,Sarah Nixon,,Female,High School,Legal,Sales Manager,4.0,4.0,Yes,Hybrid,Jaipur,Medium,Married,8.0,78.0,2,No,52844,110731,
3943,Michael Fuller,48.0,Female,Bachelor's,Administration,Data Scientist,9.0,3.0,Yes,Hybrid,Ghaziabad,Medium,Married,9.0,82.0,5,No,65722,150373,
4197,Scott Hernandez,50.0,Male,PhD,HR,Software Engineer,8.0,5.0,Yes,Office,Kolkata,Startup,Married,6.0,96.0,6,No,57420,161076,
2709,Dr. Stephanie Diaz DVM,39.0,Male,PhD,Research,Project Manager,1.0,3.0,No,Office,Noida,Large,Single,5.0,99.0,1,No,23388,155983,
189,Michael James,44.0,Female,Master's,,Data Analyst,17.0,,No,Office,Jaipur,Medium,Married,7.0,81.0,7,No,194535,153539,
3450,John Stone,,Male,High School,Marketing,Cyber Security Analyst,21.0,1.0,No,Hybrid,Pune,Medium,Single,10.0,65.0,20,No,104572,134826,
985,Kristin Peters,29.0,Male,Diploma,Customer Support,Full Stack Developer,3.0,5.0,Yes,Office,Hyderabad,Enterprise,Single,4.0,45.0,2,No,199695,127590,
620,Anthony Martinez,43.0,Male,Bachelor's,Administration,Project Manager,14.0,1.0,Yes,Office,Ghaziabad,Enterprise,Single,1.0,65.0,7,No,55198,148820,
3099,Kayla Rose,22.0,Female,Bachelor's,Customer Support,Data Scientist,2.0,5.0,No,Office,Ahmedabad,Startup,Single,2.0,48.0,2,No,182553,115365,
4909,Monique Rodriguez,33.0,Male,Bachelor's,IT,Software Engineer,4.0,3.0,No,Remote,Delhi,Enterprise,Single,4.0,52.0,0,Yes,98053,123382,
749,Paul Vincent,46.0,Female,Bachelor's,Customer Support,Database Administrator,22.0,3.0,Yes,Hybrid,Chennai,Medium,Married,10.0,84.0,2,Yes,176516,192413,
4231,Toni Ward,52.0,Male,Master's,,Product Manager,30.0,4.0,No,Hybrid,Indore,Startup,Single,7.0,42.0,17,No,46815,201294,
4669,Denise Garcia,27.0,Male,Bachelor's,Sales,Accountant,6.0,2.0,Yes,Hybrid,Lucknow,Medium,Married,7.0,66.0,6,No,155371,103738,
3303,Robert Miller,28.0,Female,Bachelor's,HR,Project Manager,1.0,5.0,Yes,Remote,Gurgaon,Large,Single,9.0,93.0,0,Yes,96630,152482,
1397,Michelle Cantrell,29.0,Female,Master's,Administration,Backend Developer,5.0,5.0,No,Hybrid,Delhi,Medium,Married,4.0,,1,No,25322,122531,
1005,Shannon Lucas DVM,38.0,Female,Bachelor's,Marketing,Marketing Manager,2.0,3.0,Yes,Hybrid,Hyderabad,Startup,Married,6.0,,0,Yes,144438,125361,
1047,Colleen Roberts,,Female,Diploma,Administration,Marketing Executive,35.0,3.0,No,Hybrid,Ghaziabad,Medium,Married,1.0,84.0,13,No,62851,157060,
1582,Tina Anderson,33.0,Female,Bachelor's,Finance,Full Stack Developer,12.0,,Yes,Office,Ahmedabad,Startup,Married,4.0,42.0,9,No,148767,135754,
4292,Carrie Wilkinson,37.0,Female,,Legal,Frontend Developer,9.0,3.0,No,Office,Bangalore,Enterprise,Single,4.0,100.0,5,Yes,135334,164989,
2190,Dr. Olivia Garcia,31.0,Male,Diploma,Marketing,HR Manager,7.0,1.0,No,Office,Pune,Large,Single,4.0,51.0,2,No,91227,95591,
1315,Melanie Clarke,40.0,Male,Diploma,Administration,QA Engineer,9.0,3.0,No,Office,Mumbai,Medium,Single,2.0,76.0,6,No,53152,97969,
2061,Justin West,48.0,Male,Bachelor's,Legal,HR Executive,11.0,2.0,No,Office,Gurgaon,Medium,Single,9.0,74.0,10,No,480546,321855,
3103,Charles Cohen,52.0,Female,Master's,Research,Marketing Manager,25.0,4.0,No,Office,Pune,Enterprise,Single,3.0,97.0,10,No,194843,206307,
4878,Willie Robertson,33.0,Male,Bachelor's,Administration,Business Analyst,2.0,5.0,No,Remote,Ghaziabad,Startup,Married,5.0,,2,No,28808,102205,
2014,Carlos Maynard,55.0,Male,High School,Operations,Software Engineer,32.0,5.0,No,Remote,Bangalore,Enterprise,Married,6.0,,5,No,111168,181665,
4318,Mr. Matthew Mitchell,28.0,Female,Bachelor's,HR,Sales Executive,3.0,2.0,No,Remote,Delhi,Medium,Married,6.0,50.0,2,No,88421,85138,
3252,Jeffrey Hardin,39.0,Female,Diploma,Finance,ML Engineer,9.0,2.0,No,Remote,Noida,Medium,Married,6.0,95.0,8,No,84800,138452,
2653,Kurt Beck,60.0,Male,Master's,Operations,HR Executive,10.0,1.0,No,Office,Hyderabad,Startup,Single,7.0,65.0,1,No,54520,108809,
878,Sarah Evans,24.0,Female,Diploma,Administration,ML Engineer,0.0,3.0,Yes,Office,Ahmedabad,Medium,Married,1.0,67.0,0,No,86013,107298,
3841,Henry Stone,29.0,Male,High School,Operations,Sales Executive,1.0,2.0,No,Remote,Gurgaon,Medium,Single,9.0,98.0,1,Yes,166096,95856,
58,Heather Goodwin,40.0,Male,Bachelor's,Operations,Data Engineer,8.0,1.0,Yes,Office,Lucknow,Large,Single,2.0,71.0,0,Yes,110397,146264,
1735,Colleen Bean,44.0,Female,Bachelor's,Customer Support,Data Analyst,17.0,5.0,No,Hybrid,Mumbai,Medium,Married,2.0,45.0,10,No,79097,131960,
4162,Donald Johnston,28.0,Male,Bachelor's,Customer Support,Product Manager,,1.0,No,Office,Lucknow,Large,Married,4.0,97.0,0,No,179430,144362,
4540,Ann Long,50.0,Male,Bachelor's,Marketing,Marketing Manager,13.0,4.0,No,Office,Delhi,Large,Single,10.0,70.0,5,No,27332,152504,
1756,Jose Hobbs,43.0,Male,Bachelor's,Finance,Network Engineer,23.0,5.0,No,Hybrid,Ahmedabad,Medium,Divorced,1.0,45.0,8,No,156687,151076,
1422,Abigail Stewart,45.0,Male,Master's,Research,Finance Analyst,8.0,2.0,No,,Delhi,Large,Married,3.0,97.0,6,Yes,168133,142273,
1209,Stacey Warren,55.0,Male,Bachelor's,Customer Support,DevOps Engineer,0.0,2.0,Yes,Remote,Lucknow,Enterprise,Single,7.0,77.0,0,No,57972,123551,
2969,Tonya Cruz,,Male,Diploma,Customer Support,Sales Executive,14.0,5.0,No,Remote,Hyderabad,Enterprise,Single,5.0,55.0,11,No,143608,134855,
1878,Mr. Christopher Burke MD,58.0,Female,Bachelor's,,Data Engineer,,2.0,No,Office,Kolkata,Medium,Single,5.0,53.0,9,No,52199,136382,
3914,Garrett Aguirre,54.0,Female,,Marketing,Cyber Security Analyst,16.0,1.0,No,Hybrid,Ahmedabad,Enterprise,Single,3.0,41.0,4,No,134380,142124,
1491,Adam Burton,26.0,Female,PhD,,Finance Analyst,6.0,1.0,Yes,Office,Kolkata,Medium,Single,7.0,60.0,5,Yes,30248,155984,
1405,Jesse Davis,48.0,Male,Diploma,Marketing,Product Manager,27.0,1.0,Yes,Office,Indore,Startup,Single,3.0,59.0,20,No,27871,167530,
3316,Heather Buchanan,42.0,Male,Bachelor's,HR,Marketing Executive,20.0,2.0,No,Hybrid,Mumbai,Large,Married,,89.0,8,No,225380,438228,
1374,Karen Trevino,52.0,Male,Diploma,Research,Frontend Developer,28.0,5.0,Yes,Hybrid,Delhi,Large,Divorced,8.0,67.0,15,Yes,30535,197249,
2894,Scott Rice,46.0,Female,Bachelor's,Administration,Project Manager,17.0,1.0,No,Hybrid,Noida,Startup,Married,9.0,62.0,14,Yes,30499,156864,
1891,Joel Horne,37.0,Female,Diploma,Customer Support,Cloud Engineer,12.0,5.0,No,Office,Faridabad,Medium,Married,9.0,96.0,11,No,279873,440481,
446,Walter Moore,43.0,Female,High School,Operations,Accountant,20.0,2.0,No,Office,Pune,Large,Single,7.0,99.0,12,No,130284,142664,
1723,Jeffrey Cortez,59.0,Male,Bachelor's,Sales,Accountant,2.0,3.0,No,Office,Pune,Large,Married,8.0,42.0,1,No,173120,270807,
2476,Peter Moss,29.0,Female,Master's,Customer Support,Backend Developer,0.0,5.0,Yes,Office,Pune,Medium,Single,6.0,42.0,0,No,185765,125238,
4659,Richard Thompson,53.0,Female,Bachelor's,Customer Support,Data Engineer,6.0,5.0,Yes,Hybrid,Hyderabad,Medium,Married,1.0,69.0,6,Yes,188604,139911,
78,Julie Johnson,23.0,Female,Bachelor's,IT,Data Scientist,3.0,3.0,No,Office,Kolkata,Enterprise,Married,10.0,84.0,0,No,106206,146400,
96,Stephanie Morales,40.0,Female,High School,Marketing,Accountant,17.0,2.0,Yes,Office,Bangalore,Startup,Single,0.0,88.0,13,No,192307,113571,
1874,Ashley Jordan,41.0,Male,PhD,Administration,Backend Developer,16.0,1.0,Yes,Remote,Hyderabad,Startup,Married,9.0,88.0,15,No,102816,167466,
2545,April Potts,44.0,Male,Master's,,Product Manager,16.0,4.0,No,Hybrid,Kolkata,Large,Married,8.0,78.0,0,No,52967,188039,
46,Amanda Smith,41.0,Female,Diploma,Sales,Cyber Security Analyst,5.0,1.0,Yes,,Pune,Large,Divorced,5.0,41.0,3,No,142883,110729,
2002,Christopher Barnes,60.0,Female,Bachelor's,IT,Full Stack Developer,34.0,5.0,No,Remote,Ghaziabad,Medium,Married,1.0,97.0,1,No,153271,198267,
3898,Suzanne Mendez,47.0,Male,Master's,Operations,Finance Analyst,8.0,3.0,No,Hybrid,Noida,Startup,Single,10.0,52.0,2,No,64012,127654,
1911,Shane Cooley,42.0,Male,Diploma,Administration,Cloud Engineer,10.0,3.0,No,Office,Indore,Medium,Single,8.0,60.0,4,No,46600,128935,
4464,Louis Randolph,41.0,Male,Master's,Finance,Cyber Security Analyst,16.0,3.0,No,Hybrid,Delhi,Medium,Married,0.0,73.0,9,No,83719,149578,
4969,Alex Mendez,41.0,Male,Bachelor's,Finance,ML Engineer,15.0,3.0,No,Hybrid,Kolkata,Startup,Married,6.0,96.0,12,No,179292,160431,
2904,Yolanda Martinez,36.0,Male,High School,HR,Sales Manager,,1.0,No,Office,Lucknow,Large,Divorced,4.0,53.0,2,Yes,108232,114656,
1778,Timothy Figueroa,44.0,Female,Master's,Sales,Project Manager,10.0,3.0,No,Hybrid,Faridabad,Startup,Single,7.0,96.0,8,No,170025,157304,
2458,Terry Lee,48.0,Female,Diploma,Legal,Frontend Developer,10.0,2.0,No,Office,Chennai,Large,Single,0.0,41.0,9,Yes,28182,117294,
2143,Jennifer Reilly,50.0,Male,High School,Research,Project Manager,,1.0,No,Hybrid,Lucknow,Medium,Single,6.0,48.0,0,No,146625,101565,
22,Joseph Higgins,39.0,Female,,Customer Support,DevOps Engineer,4.0,4.0,No,Office,Delhi,Medium,Single,5.0,87.0,0,No,134548,158222,
1638,Michele Page,55.0,Male,High School,Marketing,Database Administrator,28.0,3.0,Yes,Office,Delhi,Medium,Married,9.0,,10,No,25108,170452,
284,Daniel Frank,31.0,Female,Bachelor's,Customer Support,HR Manager,,4.0,No,Office,Mumbai,Startup,Single,3.0,53.0,2,No,53040,113631,
1892,Carla Norman,52.0,Female,High School,Finance,Sales Manager,24.0,1.0,Yes,Hybrid,Lucknow,Startup,Single,0.0,51.0,16,No,28461,132895,
4899,Edward Gonzalez,44.0,Male,Bachelor's,Research,Cyber Security Analyst,21.0,3.0,Yes,Remote,Bangalore,Enterprise,Divorced,,100.0,8,No,161892,186971,
2148,Mary Palmer,25.0,Male,High School,Sales,Data Engineer,2.0,3.0,Yes,Hybrid,Faridabad,Enterprise,Married,10.0,,1,No,171829,131909,
4607,Luis Thompson,54.0,Male,Bachelor's,Sales,Data Analyst,0.0,3.0,No,Hybrid,Gurgaon,Medium,Married,2.0,93.0,0,No,26458,83739,
1691,Theresa Pena,39.0,Female,Master's,Administration,Cloud Engineer,10.0,2.0,No,Office,Delhi,Enterprise,Married,4.0,78.0,6,No,90377,155592,
2037,Travis Riley,46.0,Male,Bachelor's,Finance,DevOps Engineer,24.0,4.0,Yes,Office,Gurgaon,Large,Divorced,9.0,,9,No,107994,190131,
554,Leslie Hernandez,37.0,Male,High School,Administration,DevOps Engineer,8.0,3.0,Yes,Hybrid,Kolkata,Startup,Married,9.0,52.0,4,No,162897,119957,
4602,Kenneth Wallace,24.0,Male,Diploma,Sales,Software Engineer,4.0,4.0,No,Office,Mumbai,Large,Divorced,6.0,85.0,3,No,100908,110235,
4905,Benjamin Sutton,54.0,Male,Master's,IT,Cyber Security Analyst,16.0,1.0,No,Hybrid,Noida,Medium,Married,,62.0,1,Yes,94445,159098,
4826,Amanda Russell,49.0,Male,Bachelor's,Marketing,Database Administrator,20.0,1.0,No,Office,Indore,Medium,Married,1.0,98.0,15,No,195076,144222,
4879,Dr. Stephanie Rodriguez,45.0,Male,Bachelor's,Finance,Database Administrator,7.0,,No,Remote,Ahmedabad,Enterprise,Single,5.0,48.0,3,Yes,65783,141025,
2553,Mary Howard,40.0,Male,Master's,Administration,Business Analyst,2.0,4.0,Yes,Hybrid,Bangalore,Large,Single,1.0,52.0,0,No,36482,120078,
3212,Cory Guerrero,59.0,Female,Diploma,Administration,HR Manager,28.0,3.0,No,Office,Ahmedabad,Large,Married,,66.0,1,Yes,69760,174411,
940,Ashley Coleman,34.0,Female,Master's,Legal,Frontend Developer,12.0,4.0,Yes,Hybrid,Gurgaon,Large,Single,4.0,99.0,10,No,105411,155557,
2500,Ryan Tran,,Male,Bachelor's,Marketing,Finance Analyst,21.0,4.0,Yes,Hybrid,Hyderabad,Large,Married,,53.0,16,No,89694,181371,
2209,Monica Allen,54.0,Male,Bachelor's,IT,Data Analyst,25.0,,Yes,Office,Jaipur,Large,Married,10.0,73.0,17,No,128269,169834,
2537,Christopher Bennett,58.0,Male,PhD,Marketing,Frontend Developer,11.0,5.0,Yes,Office,Noida,Large,Single,2.0,81.0,4,No,146549,173050,
3790,Stacy Stewart,44.0,Female,PhD,Finance,Frontend Developer,18.0,2.0,No,Office,Hyderabad,Medium,Single,2.0,68.0,1,No,163373,155264,
2040,Michael Hester,28.0,Female,PhD,IT,Cloud Engineer,1.0,2.0,No,Hybrid,Faridabad,Startup,Married,0.0,83.0,1,Yes,70984,138813,
1717,Paul Duke,42.0,Male,Master's,Finance,Sales Manager,13.0,2.0,Yes,Office,Pune,Startup,Married,7.0,49.0,5,No,166121,149245,
3136,Sabrina Freeman,30.0,Female,Bachelor's,Operations,Data Scientist,7.0,,No,Office,Hyderabad,Startup,Married,1.0,46.0,2,Yes,160806,131457,
2111,Suzanne Bond,34.0,Male,Bachelor's,Legal,Data Scientist,10.0,5.0,Yes,Remote,Hyderabad,Enterprise,Single,8.0,41.0,8,No,134140,175518,
865,Alexander Griffith,40.0,Female,Diploma,Finance,Business Analyst,13.0,5.0,No,Remote,Mumbai,Enterprise,Married,4.0,84.0,5,Yes,148788,163468,
3144,David Lloyd,,Male,Master's,,Finance Analyst,6.0,5.0,Yes,Office,Jaipur,Medium,Single,8.0,72.0,4,Yes,21816,140514,
2390,Michelle Hunt,41.0,Female,Bachelor's,Sales,Data Engineer,12.0,5.0,Yes,Hybrid,Pune,Medium,Married,4.0,54.0,2,No,121393,150695,
4375,Michael Atkins,30.0,Female,Bachelor's,Finance,Sales Manager,0.0,5.0,No,Hybrid,Mumbai,Large,Single,9.0,65.0,0,No,132603,114951,
812,Kara Johnson,38.0,Female,Bachelor's,IT,ML Engineer,17.0,3.0,Yes,Remote,Faridabad,Large,Married,4.0,91.0,5,No,20037,187973,
4076,Diane Martin,30.0,Female,Master's,Operations,Cloud Engineer,8.0,1.0,No,Hybrid,Mumbai,Startup,Single,0.0,55.0,7,No,175661,117410,
1428,Joshua Dennis,59.0,Female,Bachelor's,Marketing,Cloud Engineer,4.0,4.0,Yes,,Chennai,Large,Single,8.0,79.0,2,No,51052,136858,
559,Christopher Thomas,34.0,Female,Master's,IT,QA Engineer,10.0,3.0,Yes,,Bangalore,Medium,Divorced,7.0,64.0,3,Yes,81860,147499,
1098,Leah Lopez,37.0,Male,Bachelor's,Marketing,Network Engineer,9.0,2.0,No,Office,Kolkata,Large,Married,4.0,84.0,3,No,42163,121872,
2245,Katie Ellis,34.0,Female,Bachelor's,HR,ML Engineer,14.0,1.0,Yes,Office,Indore,Startup,Married,5.0,68.0,6,Yes,108240,159332,
1423,Rachel Leonard,23.0,Male,Bachelor's,HR,Frontend Developer,0.0,5.0,No,Office,Ghaziabad,Startup,Married,2.0,46.0,0,No,198979,87978,
3392,Michele Freeman,56.0,Female,Diploma,IT,Data Analyst,5.0,1.0,No,Hybrid,Bangalore,Medium,Single,3.0,52.0,1,No,79153,75273,
2461,Joseph Baker,47.0,Male,Bachelor's,Finance,Marketing Manager,21.0,2.0,Yes,,Chennai,Startup,Single,6.0,79.0,16,No,82030,165385,
1864,Charles Rogers,21.0,Male,Diploma,Marketing,Cloud Engineer,1.0,3.0,No,Remote,Mumbai,Enterprise,Single,10.0,49.0,1,No,23981,117203,
2408,Sean Koch,48.0,Male,Master's,Sales,Accountant,8.0,1.0,No,Hybrid,Delhi,Medium,Married,3.0,,2,No,190938,110219,
3248,Lindsay Huerta,32.0,Male,High School,Customer Support,Finance Analyst,1.0,3.0,No,Remote,Jaipur,Medium,Married,10.0,53.0,0,No,114015,86649,
480,John Holland,44.0,Male,Master's,Finance,Sales Executive,,3.0,No,Office,Ahmedabad,Enterprise,Married,3.0,81.0,12,Yes,84555,158517,
4778,Dale Nolan,32.0,Male,Diploma,Sales,Sales Executive,12.0,4.0,No,Office,Chennai,Enterprise,Single,7.0,50.0,12,Yes,190222,138382,
1700,Brian Thomas,,Male,Bachelor's,HR,Data Engineer,17.0,5.0,Yes,Office,Faridabad,Large,Married,1.0,61.0,13,Yes,29390,176479,
2356,Benjamin Martinez,22.0,Male,Bachelor's,IT,Backend Developer,0.0,1.0,No,Office,Kolkata,Startup,Married,9.0,76.0,0,No,178359,87577,
588,Robert Nelson,28.0,Male,Diploma,Marketing,Frontend Developer,6.0,2.0,No,Office,Bangalore,Large,Single,3.0,87.0,1,No,137969,101569,
1012,Jacob Owens,59.0,Male,Bachelor's,Research,DevOps Engineer,30.0,5.0,Yes,Hybrid,Jaipur,Enterprise,Married,10.0,88.0,20,No,152047,232998,
595,Daniel Jones,24.0,Male,PhD,Customer Support,Accountant,1.0,1.0,No,Office,Delhi,Startup,Married,8.0,41.0,0,No,36259,106971,
4580,Joshua Guerra,26.0,Male,Bachelor's,Administration,Network Engineer,3.0,2.0,No,Office,Hyderabad,Medium,Married,6.0,44.0,3,Yes,89397,106837,
2885,Gregory Johnson,42.0,Female,Master's,HR,HR Manager,22.0,4.0,No,Office,Lucknow,Startup,Divorced,4.0,55.0,8,Yes,66943,162378,
2157,Willie Underwood,56.0,Male,Master's,HR,Business Analyst,4.0,2.0,No,Office,Indore,Startup,Single,,79.0,3,Yes,127941,129585,
4386,Jeremiah Casey,54.0,Male,,Legal,Data Scientist,31.0,4.0,Yes,Hybrid,Faridabad,Large,Single,4.0,97.0,6,No,36106,215586,
4148,Margaret Prince,,Female,Bachelor's,Research,Project Manager,15.0,2.0,Yes,Hybrid,Jaipur,Medium,Married,3.0,85.0,11,No,187488,305232,
2950,Raymond Potter,,Female,High School,IT,ML Engineer,,1.0,No,Hybrid,Bangalore,Large,Single,10.0,50.0,7,No,134467,132647,
3806,Amy Thompson,27.0,Male,High School,Legal,Accountant,2.0,3.0,No,Hybrid,Pune,Medium,Single,6.0,89.0,2,Yes,124579,95316,
838,Stacey Miller,31.0,Male,,Finance,Backend Developer,4.0,5.0,No,Hybrid,Gurgaon,Medium,Married,,93.0,4,No,37829,135569,
4818,Steven Rice,51.0,Female,,Finance,Data Scientist,24.0,5.0,No,Remote,Pune,Medium,Married,10.0,84.0,9,No,163285,211336,
909,Robert Zuniga,,Female,,,Sales Manager,7.0,1.0,Yes,Office,Indore,Large,Married,9.0,82.0,1,Yes,70314,154505,
843,David Lucas,52.0,Female,Bachelor's,Marketing,Cloud Engineer,12.0,1.0,No,Office,Mumbai,Large,Divorced,3.0,47.0,12,Yes,149022,145260,
1086,Stacy Christensen,50.0,Female,Bachelor's,Finance,Network Engineer,20.0,2.0,Yes,Remote,Chennai,Enterprise,Divorced,8.0,47.0,1,No,152933,167449,
2628,Bryan Allen,23.0,Male,Bachelor's,Marketing,Backend Developer,3.0,4.0,No,Hybrid,Ghaziabad,Enterprise,Single,1.0,78.0,2,Yes,92672,131696,
3389,Edward Bailey MD,42.0,Male,PhD,Sales,Product Manager,5.0,2.0,Yes,Hybrid,Jaipur,Medium,Married,0.0,51.0,2,No,48343,161901,
3563,Blake Liu,26.0,Female,Bachelor's,Marketing,Sales Executive,6.0,3.0,No,Remote,Noida,Large,Single,2.0,96.0,2,No,61308,106516,
714,Cathy Robinson,22.0,Male,Diploma,Customer Support,Sales Executive,1.0,5.0,Yes,Office,Hyderabad,Large,Single,9.0,75.0,1,Yes,35376,118777,
4217,Justin Shaw,52.0,Male,Bachelor's,,Cyber Security Analyst,23.0,4.0,No,Hybrid,Faridabad,Startup,Married,9.0,80.0,14,Yes,76790,182225,
2010,Sheila Steele,30.0,Female,Bachelor's,Operations,Frontend Developer,9.0,4.0,No,Office,Bangalore,Large,Married,8.0,62.0,5,Yes,106063,139247,
3776,Dawn Brown,43.0,Female,High School,IT,Full Stack Developer,21.0,3.0,Yes,Hybrid,Delhi,Startup,Married,,,16,No,157846,149451,
1345,Elizabeth Bell,37.0,Female,Diploma,Customer Support,Backend Developer,14.0,2.0,Yes,Remote,Lucknow,Startup,Single,5.0,51.0,2,No,46999,127041,
2054,Jacob Wolf,34.0,Male,Master's,Marketing,Full Stack Developer,,5.0,No,Office,Lucknow,Medium,Married,9.0,100.0,3,Yes,75770,150893,
1609,Lori Blanchard,25.0,Male,Bachelor's,Legal,Data Scientist,1.0,3.0,No,Hybrid,Indore,Large,Married,7.0,43.0,0,No,166517,123608,
2052,Alison Stewart,28.0,Female,Bachelor's,Sales,Full Stack Developer,5.0,2.0,Yes,Remote,Bangalore,Large,Married,8.0,66.0,1,No,173371,128830,
4478,Amanda Thompson,48.0,Female,Bachelor's,Administration,HR Manager,,3.0,No,Remote,Chennai,Startup,Married,0.0,87.0,7,No,153962,109818,
3432,Mr. Roger Daniel MD,25.0,Male,High School,Marketing,Data Scientist,1.0,2.0,Yes,Office,Delhi,Medium,Married,6.0,68.0,0,No,61566,109293,
3546,Crystal Fisher,51.0,Male,Master's,Marketing,HR Manager,0.0,1.0,Yes,Remote,Indore,Medium,Married,0.0,41.0,0,Yes,83499,105842,
3044,Jeremy Lopez,56.0,Female,Bachelor's,Legal,Network Engineer,33.0,3.0,No,Hybrid,Gurgaon,Medium,Single,1.0,62.0,15,Yes,111470,172406,
3013,Wayne Herrera,58.0,Male,High School,,Database Administrator,15.0,1.0,No,Office,Gurgaon,Startup,Married,1.0,50.0,0,No,125464,101378,
2774,Gwendolyn Johnson,30.0,Female,Master's,Marketing,Frontend Developer,2.0,3.0,Yes,Hybrid,Lucknow,Large,Single,6.0,83.0,1,No,76677,126057,
3310,Amy Ramirez,25.0,Female,Diploma,Customer Support,Marketing Manager,5.0,4.0,Yes,Remote,Mumbai,Startup,Single,6.0,49.0,1,No,186406,111338,
1270,Amber Velasquez,21.0,Male,High School,Legal,ML Engineer,0.0,3.0,Yes,Office,Indore,Enterprise,Single,5.0,67.0,0,Yes,134576,138361,
636,Kyle Allen,,Male,High School,Operations,Project Manager,7.0,4.0,No,Remote,Indore,Startup,Married,5.0,42.0,4,Yes,117356,118877,
4218,Jason Peck,56.0,Female,Diploma,IT,Frontend Developer,15.0,4.0,Yes,Remote,Jaipur,Startup,Single,6.0,71.0,12,No,59198,124725,
4843,Cody Moody,50.0,Male,Master's,Finance,Database Administrator,24.0,1.0,Yes,Office,Faridabad,Large,Single,8.0,53.0,1,No,144615,174068,
183,Joshua Taylor,31.0,Male,Bachelor's,Administration,Data Engineer,7.0,5.0,No,,Gurgaon,Large,Married,1.0,67.0,4,No,69067,132356,
3217,Briana Anderson,23.0,Female,Master's,Marketing,Finance Analyst,1.0,1.0,No,Remote,Ghaziabad,Medium,Married,1.0,86.0,0,No,91540,95314,
2027,Kimberly Hill,,Male,Bachelor's,Research,Data Analyst,34.0,4.0,Yes,Office,Jaipur,Medium,Married,3.0,100.0,12,No,181713,181061,
1934,Bobby Delgado,43.0,Female,Bachelor's,Research,Data Scientist,10.0,,No,Office,Bangalore,Medium,Single,2.0,63.0,7,No,175631,129115,
2724,Lisa Parker,59.0,Male,Bachelor's,Marketing,HR Manager,23.0,3.0,No,Remote,Indore,Medium,Divorced,1.0,96.0,16,No,156484,152150,
2779,Abigail Trevino,31.0,Female,High School,IT,Data Engineer,3.0,3.0,Yes,Office,Mumbai,Medium,Married,4.0,71.0,3,No,153241,111787,
1189,Dorothy Russell,22.0,Female,,Administration,Data Engineer,1.0,3.0,No,Office,Pune,Enterprise,Married,3.0,97.0,1,No,503796,277898,
2282,Christine Beasley,54.0,Female,,HR,Software Engineer,24.0,1.0,No,Office,Ahmedabad,Startup,Married,4.0,,13,No,99139,136871,
879,Crystal Griffith,44.0,Female,Diploma,Operations,Data Analyst,24.0,3.0,No,Office,Jaipur,Startup,Single,8.0,,7,Yes,133532,156859,
3427,Laurie Dickson,46.0,Male,,Research,DevOps Engineer,0.0,3.0,No,Office,Ahmedabad,Large,Single,7.0,,0,No,105056,129683,
1096,Micheal Logan,48.0,Female,Master's,Administration,Data Analyst,11.0,4.0,No,,Lucknow,Medium,Married,1.0,63.0,5,No,65635,127422,
4558,Maria Miller,56.0,Female,High School,Operations,Data Scientist,26.0,5.0,No,Office,Hyderabad,Startup,Married,6.0,85.0,5,No,81439,175144,
4365,Elijah Coleman,41.0,Female,Bachelor's,Sales,Backend Developer,17.0,1.0,No,Office,Chennai,Medium,Single,10.0,48.0,2,Yes,69199,139388,
1846,Savannah Jones,56.0,Male,Diploma,Marketing,Software Engineer,5.0,5.0,No,Office,Faridabad,Enterprise,Married,1.0,56.0,3,No,115238,115233,
4159,Matthew Nelson,46.0,Male,Bachelor's,Sales,Marketing Manager,1.0,3.0,Yes,Office,Kolkata,Large,Married,7.0,75.0,1,No,160556,121541,
1180,Natasha Torres,28.0,Female,Bachelor's,Marketing,Software Engineer,2.0,5.0,Yes,Office,Indore,Medium,Married,9.0,53.0,2,No,101863,113127,
3889,Jeffrey Randall,60.0,Female,Master's,Sales,Cloud Engineer,27.0,5.0,No,Hybrid,Mumbai,Large,Single,1.0,100.0,10,Yes,95327,226576,
3995,Elizabeth Taylor,25.0,Female,Master's,Marketing,ML Engineer,4.0,3.0,Yes,Hybrid,Mumbai,Large,Married,,96.0,0,No,179873,162528,
2133,Brittany Hardin,49.0,Female,Bachelor's,Customer Support,Data Engineer,6.0,1.0,Yes,Hybrid,Pune,Large,Married,0.0,99.0,6,Yes,28594,142170,
766,Daniel Martin,35.0,Male,Diploma,Administration,Database Administrator,11.0,1.0,No,Office,Jaipur,Startup,Single,4.0,50.0,7,Yes,116226,110152,
660,Michael Price,57.0,Female,Master's,Sales,ML Engineer,32.0,1.0,No,Office,Hyderabad,Enterprise,Single,9.0,57.0,18,No,188641,229066,
4503,Kendra Patterson,49.0,Male,High School,Research,Sales Manager,14.0,,No,Office,Ghaziabad,Startup,Married,3.0,48.0,4,Yes,84407,123680,
726,Elizabeth Miller,36.0,Male,Bachelor's,HR,Cloud Engineer,15.0,5.0,Yes,Office,Jaipur,Medium,Divorced,2.0,57.0,12,No,40773,165094,
3981,Stephen Campbell,35.0,Female,Bachelor's,Sales,ML Engineer,11.0,5.0,No,Hybrid,Faridabad,Startup,Married,10.0,46.0,10,No,159121,152955,
4774,Paul Harvey,42.0,Female,Bachelor's,IT,Full Stack Developer,14.0,1.0,No,Office,Faridabad,Medium,Single,5.0,,14,No,141868,129889,
2109,Rachel Meza,47.0,Male,Diploma,Finance,ML Engineer,27.0,5.0,Yes,Remote,Ghaziabad,Medium,Married,9.0,67.0,4,No,151324,208166,
3935,Jason Johnson,50.0,Male,Master's,Sales,Marketing Executive,0.0,2.0,Yes,Office,Pune,Medium,Married,7.0,76.0,0,No,199317,109576,
755,Miranda Chang,41.0,Male,Diploma,Administration,Cloud Engineer,7.0,3.0,No,Hybrid,Delhi,Large,Single,10.0,56.0,7,No,157457,122316,
3990,Samuel Callahan,40.0,Male,Master's,Customer Support,Project Manager,3.0,1.0,Yes,Hybrid,Kolkata,Large,Single,3.0,90.0,2,No,172173,279582,
4007,Stephanie Ewing,28.0,Female,PhD,Sales,Data Engineer,2.0,3.0,No,Hybrid,Ahmedabad,Startup,Married,9.0,40.0,2,No,87433,140150,
3554,Renee Anderson,32.0,Male,High School,Administration,HR Executive,3.0,1.0,Yes,Office,Faridabad,Large,Married,9.0,93.0,2,No,173146,95382,
4850,Michael Logan,42.0,Female,,Research,HR Executive,14.0,4.0,Yes,Hybrid,Indore,Medium,Divorced,4.0,95.0,2,No,47705,137586,
103,William Leblanc,35.0,Female,Master's,Sales,Sales Executive,,,No,Office,Ahmedabad,Large,Married,10.0,68.0,2,No,134793,133413,
3513,Jessica Quinn,41.0,Male,Master's,Sales,HR Executive,9.0,2.0,No,Hybrid,Bangalore,Startup,Single,8.0,74.0,0,No,188535,119167,
3337,Chad Valdez,57.0,Female,Master's,Marketing,Product Manager,18.0,1.0,Yes,Hybrid,Faridabad,Large,Married,10.0,76.0,17,No,38636,188718,
1496,Caleb Callahan,46.0,Female,Bachelor's,Sales,Sales Manager,13.0,5.0,No,Hybrid,Indore,Enterprise,Single,8.0,68.0,10,No,64857,155024,
1322,George Marsh,31.0,Female,Diploma,Customer Support,ML Engineer,4.0,,Yes,Hybrid,Ghaziabad,Enterprise,Married,10.0,57.0,0,Yes,174268,163574,
3491,Melanie Costa,26.0,Female,Bachelor's,Administration,HR Executive,1.0,3.0,Yes,Remote,Jaipur,Enterprise,Married,0.0,90.0,1,No,59308,105947,
3173,Richard Gilmore,48.0,Female,Diploma,,Sales Executive,8.0,2.0,No,Hybrid,Chennai,Enterprise,Married,7.0,96.0,8,No,89126,110106,
3349,Glenn Vargas,43.0,Female,PhD,IT,Marketing Manager,10.0,5.0,No,Hybrid,Ahmedabad,Enterprise,Single,6.0,97.0,4,No,166601,187733,
1518,Christine Ford,49.0,Male,Bachelor's,Finance,HR Manager,29.0,4.0,Yes,Hybrid,Indore,Medium,Married,0.0,72.0,0,No,86696,165298,
4690,Jessica Davis,37.0,Male,Diploma,Administration,QA Engineer,6.0,5.0,No,Hybrid,Bangalore,Medium,Single,7.0,50.0,5,No,172078,102771,
4680,Angela Hernandez,23.0,Male,Master's,Marketing,Full Stack Developer,1.0,2.0,No,Hybrid,Faridabad,Medium,Married,2.0,85.0,0,Yes,101113,126025,
1485,Michelle Pierce,50.0,Male,Diploma,Legal,Software Engineer,30.0,4.0,No,Hybrid,Faridabad,Large,Married,5.0,90.0,14,No,196800,188280,
2803,Dalton Brooks,38.0,Female,High School,,Network Engineer,14.0,1.0,Yes,Hybrid,Ghaziabad,Startup,Married,7.0,90.0,2,No,123761,114295,
4138,Maria Jones,60.0,Female,High School,Customer Support,Sales Manager,16.0,4.0,No,Hybrid,Faridabad,Startup,Married,8.0,97.0,16,No,132809,127783,
698,David Rogers,26.0,Female,Diploma,Customer Support,Network Engineer,,1.0,Yes,Office,Jaipur,Enterprise,Married,8.0,49.0,1,No,193549,107627,
175,Kari Turner,54.0,Male,Master's,Research,HR Executive,10.0,2.0,No,,Bangalore,Large,Single,1.0,47.0,8,No,100811,113583,
4299,Kathleen Robertson,55.0,Female,Master's,Sales,Data Engineer,7.0,2.0,Yes,Hybrid,Noida,Medium,Single,2.0,81.0,4,Yes,164827,154794,
1078,Justin Hendricks,53.0,Male,High School,IT,Business Analyst,20.0,,No,,Noida,Medium,Divorced,8.0,86.0,7,No,107986,135065,
3701,Allison Brown,60.0,Female,Master's,Sales,HR Executive,15.0,2.0,No,Office,Delhi,Medium,Married,2.0,89.0,15,Yes,60635,135876,
1752,Robert Hughes,29.0,Female,Master's,Marketing,HR Executive,3.0,1.0,Yes,Remote,Kolkata,Large,Married,8.0,46.0,3,No,80475,106158,
2694,William Matthews,39.0,Female,Bachelor's,Administration,ML Engineer,11.0,4.0,Yes,Office,Bangalore,Startup,Married,0.0,87.0,10,No,45702,148190,
4906,Rebecca Cook,27.0,Female,Bachelor's,Operations,Backend Developer,0.0,,No,Hybrid,Noida,Startup,Divorced,2.0,55.0,0,No,42558,70909,
2480,Nicole Spencer,34.0,Male,PhD,,Data Engineer,2.0,1.0,No,Hybrid,Bangalore,Large,Married,1.0,77.0,2,No,145815,144586,
4013,Jeremy Hall,36.0,Male,Diploma,HR,Network Engineer,6.0,4.0,No,Hybrid,Noida,Startup,Divorced,5.0,,0,No,144146,101763,
1214,Eric Fleming,,Male,Bachelor's,Marketing,QA Engineer,11.0,,No,Hybrid,Noida,Large,Married,8.0,45.0,5,Yes,85364,133132,
650,Craig Ellis,32.0,Female,Bachelor's,HR,Sales Manager,0.0,1.0,No,Office,Chennai,Medium,Married,4.0,90.0,0,No,138115,96099,
2493,Donald Collins,56.0,Female,Bachelor's,IT,Marketing Manager,7.0,2.0,No,Office,Gurgaon,Medium,Married,0.0,79.0,0,No,159245,110690,
345,Michelle Kennedy,35.0,Female,Master's,Administration,Frontend Developer,9.0,4.0,No,Hybrid,Kolkata,Large,Married,6.0,68.0,4,No,59148,133982,
3737,Garrett Bryant,,Male,Diploma,Finance,HR Executive,34.0,1.0,No,Office,Hyderabad,Large,Divorced,6.0,79.0,18,No,32441,177011,
165,Amanda Ross,41.0,Male,Diploma,Customer Support,Full Stack Developer,13.0,3.0,Yes,Hybrid,Ahmedabad,Medium,Married,,75.0,2,No,210180,280332,
1352,Cynthia Brown,44.0,Male,Diploma,Administration,Product Manager,22.0,4.0,Yes,Office,Indore,Medium,Married,7.0,83.0,2,No,178183,190699,
3534,Jill Turner,25.0,Female,Bachelor's,IT,Sales Executive,5.0,4.0,Yes,Office,Delhi,Enterprise,Divorced,,75.0,1,No,39365,126170,
4025,Ian Salas,36.0,Male,Diploma,Finance,Database Administrator,8.0,3.0,No,,Ghaziabad,Large,Married,7.0,61.0,6,No,140653,119854,
3383,Teresa Smith,43.0,Male,High School,Legal,Accountant,13.0,1.0,No,Office,Faridabad,Startup,Single,6.0,,1,No,145433,87261,
1975,Teresa Bennett,50.0,Male,Diploma,Finance,DevOps Engineer,,2.0,Yes,Remote,Chennai,Large,Single,1.0,94.0,1,No,195767,125600,
2984,Michael Thomas,57.0,Male,Diploma,Customer Support,QA Engineer,33.0,4.0,No,Hybrid,Indore,Startup,Married,8.0,73.0,19,Yes,80099,187473,
4041,Steven Jackson,29.0,Female,High School,Marketing,QA Engineer,0.0,5.0,No,Office,Ahmedabad,Startup,Married,0.0,,0,No,98397,67186,
1158,Dylan Sullivan,36.0,Male,Bachelor's,Customer Support,Sales Executive,5.0,1.0,Yes,Hybrid,Hyderabad,Large,Single,,66.0,5,Yes,42211,119277,
1023,Dr. Nancy Miller,35.0,Male,Bachelor's,Finance,Data Analyst,15.0,2.0,No,Office,Mumbai,Large,Married,,50.0,5,No,194460,134075,
1350,Michael Ross,49.0,Male,Bachelor's,Marketing,Marketing Executive,13.0,4.0,No,Hybrid,Ahmedabad,Enterprise,Married,4.0,82.0,2,No,43074,141700,
2973,Donna Holmes,41.0,Female,Diploma,Marketing,Data Scientist,13.0,2.0,No,Hybrid,Mumbai,Medium,Single,4.0,86.0,9,No,511794,840090,
4438,Samuel Lowery,53.0,Male,Bachelor's,HR,Accountant,12.0,2.0,Yes,Remote,Ghaziabad,Medium,Single,1.0,40.0,3,No,183143,111465,
360,Sheila Maldonado,55.0,Male,Bachelor's,Sales,Software Engineer,21.0,5.0,Yes,Hybrid,Indore,Startup,Single,6.0,99.0,17,No,256317,298594,
1919,Michael Oconnor,35.0,Male,Master's,Operations,Backend Developer,7.0,5.0,No,Office,Hyderabad,Large,Single,9.0,70.0,7,No,123115,144335,
1296,Frank Johnson,27.0,Female,Master's,HR,DevOps Engineer,3.0,2.0,No,Office,Ghaziabad,Large,Married,8.0,92.0,0,No,188774,134159,
2561,Carlos Lawson,37.0,Male,Bachelor's,Administration,Data Analyst,6.0,5.0,No,Office,Kolkata,Medium,Married,6.0,83.0,5,No,119482,107645,
3750,Carolyn Wilson,46.0,Male,Bachelor's,Finance,Accountant,0.0,2.0,Yes,Office,Bangalore,Large,Married,3.0,42.0,0,No,21719,81447,
2924,Kelly Smith,23.0,Female,Bachelor's,HR,Business Analyst,1.0,3.0,Yes,Office,Ahmedabad,Medium,Single,,71.0,0,No,138967,98513,
2838,Kelsey Becker,35.0,Female,Bachelor's,Operations,Business Analyst,11.0,4.0,Yes,Hybrid,Jaipur,Large,Single,10.0,44.0,9,No,92800,139682,
2073,James Taylor,46.0,Male,Bachelor's,Sales,HR Executive,26.0,1.0,No,Office,Kolkata,Enterprise,Single,3.0,73.0,8,No,55517,145365,
4468,Kimberly Foster,37.0,Female,High School,HR,Software Engineer,10.0,4.0,No,Office,Chennai,Medium,Divorced,0.0,66.0,8,No,54008,105569,
3775,Nicholas Cline,39.0,Male,High School,Research,Network Engineer,10.0,1.0,Yes,Office,Indore,Startup,Single,8.0,48.0,0,No,170869,108254,
3740,Diana Adams,36.0,Male,Master's,,Marketing Executive,1.0,4.0,No,Remote,Hyderabad,Large,Single,2.0,56.0,0,No,190998,105280,
1438,Mary Clark,43.0,Male,Master's,Research,Data Analyst,22.0,1.0,Yes,Office,Gurgaon,Medium,Single,2.0,78.0,7,Yes,108309,156603,
927,Mr. Justin Gordon PhD,49.0,Female,Bachelor's,HR,Network Engineer,27.0,3.0,No,Office,Lucknow,Large,Single,3.0,88.0,2,No,26544,175173,
1366,Michelle White,31.0,Male,Master's,Administration,Marketing Executive,8.0,1.0,No,Office,Lucknow,Medium,Married,1.0,75.0,1,Yes,181866,122550,
4867,William Peters,31.0,Male,Bachelor's,Customer Support,Finance Analyst,,1.0,No,Hybrid,Delhi,Enterprise,Married,9.0,82.0,8,No,41264,137235,
4236,Dana Carter,29.0,Male,Diploma,Finance,Product Manager,9.0,3.0,No,Office,Indore,Medium,Married,10.0,93.0,0,No,71027,138839,
3360,David Wood,38.0,Female,PhD,Finance,Product Manager,9.0,4.0,No,Remote,Bangalore,Enterprise,Married,5.0,65.0,3,No,114034,185361,
4040,Katherine Taylor,58.0,Male,Master's,Customer Support,Data Analyst,,4.0,No,Hybrid,Bangalore,Large,Married,3.0,94.0,1,Yes,121563,128283,
2695,Amy Schwartz,35.0,Female,High School,Administration,Data Analyst,9.0,1.0,No,Office,Ghaziabad,Medium,Married,5.0,65.0,5,Yes,107926,98794,
3373,Spencer Smith,27.0,Male,Bachelor's,,Backend Developer,3.0,5.0,No,,Gurgaon,Large,Married,8.0,95.0,3,No,119172,126036,
4030,Austin Nielsen,22.0,Female,Bachelor's,Sales,Marketing Executive,1.0,1.0,No,Office,Lucknow,Medium,Married,8.0,97.0,0,No,175222,87484,
1087,Lindsay Knapp,41.0,Male,Diploma,Research,Software Engineer,21.0,4.0,No,Hybrid,Bangalore,Medium,Married,4.0,95.0,10,No,54623,148221,
798,Anthony Roberts,25.0,Female,Master's,HR,QA Engineer,1.0,3.0,Yes,Office,Delhi,Startup,Married,7.0,83.0,0,No,124663,114472,
2059,Karen Pratt,40.0,Male,Bachelor's,Research,Database Administrator,6.0,4.0,Yes,Office,Chennai,Large,Married,9.0,56.0,4,Yes,30487,138719,
4058,Stephen Blackwell,38.0,Female,Bachelor's,Marketing,QA Engineer,12.0,5.0,No,Remote,Kolkata,Startup,Married,2.0,73.0,7,No,26726,118135,
3483,Cassandra Zamora,41.0,Female,Master's,IT,Cyber Security Analyst,1.0,1.0,No,Office,Pune,Medium,Single,8.0,69.0,1,No,70545,118532,
3459,Kelsey Taylor,48.0,Male,Master's,Research,Data Scientist,7.0,4.0,No,Office,Mumbai,Enterprise,Married,10.0,43.0,2,No,170501,165494,
3695,Rodney Jimenez,25.0,Female,Master's,HR,Cloud Engineer,3.0,3.0,Yes,Remote,Kolkata,Large,Single,2.0,67.0,0,No,79801,137479,
3102,Margaret Stone,59.0,Female,Bachelor's,IT,DevOps Engineer,26.0,2.0,No,Hybrid,Faridabad,Startup,Single,5.0,81.0,4,No,127668,175507,
3354,Adam Montoya,41.0,Male,Bachelor's,HR,Network Engineer,9.0,3.0,No,Remote,Lucknow,Large,Married,3.0,72.0,2,No,23441,127739,
956,Thomas Ponce,39.0,Female,High School,Sales,HR Manager,0.0,2.0,No,Remote,Indore,Large,Married,10.0,58.0,0,Yes,137952,101344,
4252,Justin Matthews MD,31.0,Female,Bachelor's,,Marketing Executive,3.0,2.0,Yes,Hybrid,Mumbai,Medium,Single,4.0,88.0,1,No,74292,95935,
4930,Matthew Gallegos,26.0,Male,Diploma,Finance,Network Engineer,0.0,5.0,No,Hybrid,Faridabad,Medium,Single,9.0,79.0,0,Yes,170802,105951,
3980,Julia Lee,26.0,Male,Master's,Operations,Product Manager,3.0,3.0,No,Hybrid,Noida,Large,Married,10.0,75.0,0,No,129090,148651,
2382,Stephanie Salas,52.0,Female,Diploma,Legal,Finance Analyst,32.0,5.0,No,Office,Faridabad,Medium,Single,5.0,63.0,16,Yes,142879,199495,
3663,Rebecca Hernandez,33.0,Male,Bachelor's,Research,Cloud Engineer,1.0,3.0,Yes,Remote,Pune,Medium,Married,7.0,49.0,0,Yes,36863,128591,
3475,Angela Hull,54.0,Female,Master's,Customer Support,Finance Analyst,22.0,2.0,No,Office,Hyderabad,Enterprise,Single,10.0,74.0,16,No,161763,198642,
1331,Diane Adams,56.0,Female,Diploma,Sales,QA Engineer,15.0,1.0,No,Hybrid,Indore,Medium,Married,8.0,53.0,3,No,64023,116622,
4724,Chad Ferguson,32.0,Female,Diploma,Finance,Software Engineer,11.0,4.0,No,Hybrid,Hyderabad,Enterprise,Single,5.0,71.0,11,No,170364,142822,
4634,Miguel Tran,53.0,Female,Bachelor's,Sales,HR Manager,19.0,3.0,Yes,Remote,Delhi,Startup,Single,8.0,98.0,18,No,245316,439404,
3240,April Cook,40.0,Female,Bachelor's,Research,Sales Executive,0.0,3.0,No,Hybrid,Gurgaon,Medium,Single,8.0,66.0,0,No,111810,89693,
4249,Lisa Herrera,24.0,Female,Diploma,Sales,Cloud Engineer,3.0,1.0,Yes,Office,Indore,Large,Married,3.0,70.0,2,No,118967,110094,
1305,Jerry Gregory,47.0,Female,High School,Research,QA Engineer,25.0,2.0,No,Hybrid,Bangalore,Medium,Married,10.0,,15,No,155278,133805,
4505,Darlene Vega,,Male,Diploma,,Data Analyst,0.0,3.0,No,Office,Indore,Large,Married,8.0,89.0,0,No,153485,94928,
2770,John Kent,46.0,Male,Bachelor's,IT,QA Engineer,12.0,4.0,No,Office,Kolkata,Medium,Single,8.0,51.0,12,No,27179,121761,
2970,Andrea Turner,,Female,Master's,HR,HR Manager,12.0,3.0,Yes,Hybrid,Gurgaon,Medium,Single,7.0,43.0,4,No,104202,135512,
107,Sandra Smith,55.0,Male,Bachelor's,Legal,DevOps Engineer,27.0,5.0,No,Hybrid,Noida,Medium,Married,,,9,No,51910,182354,
4407,Corey Henry,48.0,Male,Bachelor's,Legal,Product Manager,7.0,2.0,No,Hybrid,Mumbai,Startup,Single,10.0,91.0,5,No,49941,130049,
4486,Wanda Schmitt,55.0,Female,Master's,Customer Support,Full Stack Developer,11.0,3.0,No,Remote,Noida,Medium,Married,5.0,58.0,2,No,96250,138026,
2019,Jennifer Stark,38.0,Female,Master's,HR,Accountant,2.0,5.0,No,Hybrid,Gurgaon,Large,Single,10.0,,1,No,108790,126041,
1952,Danielle Dean,27.0,Female,Bachelor's,IT,DevOps Engineer,2.0,4.0,No,Office,Indore,Medium,Married,4.0,96.0,2,No,131924,113738,
2939,Wanda Welch PhD,26.0,Male,PhD,Sales,Marketing Executive,2.0,2.0,Yes,Office,Bangalore,Startup,Single,4.0,50.0,1,No,114522,120861,
966,Christopher Ross,58.0,Male,Bachelor's,Marketing,Data Analyst,33.0,1.0,No,Office,Hyderabad,Medium,Single,0.0,42.0,20,No,144221,155199,
4345,Andrew Edwards,60.0,Male,Master's,IT,Data Analyst,16.0,2.0,No,Hybrid,Kolkata,Large,Married,0.0,93.0,4,No,161608,138543,
3435,Andrew Williams,55.0,Female,Bachelor's,Marketing,Cyber Security Analyst,18.0,1.0,No,Hybrid,Indore,Enterprise,Married,3.0,55.0,9,No,117355,158464,
3535,Ross Ray,43.0,Male,Bachelor's,Finance,Cyber Security Analyst,20.0,3.0,Yes,Hybrid,Ahmedabad,Medium,Single,4.0,47.0,9,No,194293,164559,
17,James Griffin,37.0,Female,Bachelor's,Marketing,Data Scientist,11.0,3.0,No,Remote,Ahmedabad,Medium,Divorced,2.0,99.0,0,Yes,161564,164814,
991,Xavier Reed MD,45.0,Female,High School,Administration,Product Manager,20.0,,No,Office,Gurgaon,Medium,Single,7.0,99.0,11,No,185202,173713,
2891,Aimee Fields,43.0,Male,PhD,Legal,Project Manager,9.0,1.0,Yes,Remote,Hyderabad,Startup,Married,6.0,68.0,6,Yes,131206,170631,
2616,Stacy Jenkins,39.0,Male,Master's,Administration,Sales Executive,7.0,3.0,No,Remote,Chennai,Large,Married,7.0,,6,No,125991,122700,
1547,Crystal Smith,49.0,Female,Master's,,Database Administrator,9.0,3.0,No,Remote,Chennai,Startup,Married,,50.0,2,No,151531,124831,
1103,Brian Roach,44.0,Female,High School,HR,Project Manager,10.0,1.0,No,Hybrid,Hyderabad,Startup,Single,4.0,80.0,6,Yes,93338,122289,
917,Jesse Woods,51.0,Female,High School,Finance,Project Manager,17.0,2.0,No,Office,Hyderabad,Enterprise,Single,8.0,95.0,9,No,189668,166527,
4988,David Stephens,28.0,Male,Master's,HR,HR Manager,,5.0,Yes,Hybrid,Noida,Medium,Single,10.0,50.0,0,No,108206,121181,
4103,Lauren Wilson,49.0,Female,High School,HR,Marketing Executive,29.0,3.0,No,Hybrid,Faridabad,Enterprise,Married,7.0,86.0,15,No,172917,163332,
1492,Michael Rivera,58.0,Male,Bachelor's,Legal,Cloud Engineer,21.0,1.0,Yes,Office,Indore,Enterprise,Married,7.0,89.0,19,No,135625,178662,
534,Scott Clark,,Male,Bachelor's,Administration,Accountant,4.0,2.0,Yes,Remote,Ahmedabad,Large,Married,8.0,69.0,4,No,113697,105764,
844,Lauren Atkins,38.0,Female,Master's,Legal,QA Engineer,,1.0,Yes,,Faridabad,Medium,Single,2.0,64.0,12,No,149774,129463,
4311,Austin Hernandez,42.0,Female,Master's,HR,DevOps Engineer,18.0,2.0,No,Remote,Chennai,Large,Single,1.0,88.0,16,No,96370,172915,
274,Anthony Cook,29.0,Male,Bachelor's,Research,Backend Developer,9.0,4.0,No,Hybrid,Gurgaon,Medium,Single,10.0,41.0,8,No,27452,119215,
1879,Lawrence Williams,51.0,Male,Master's,Administration,Sales Executive,25.0,1.0,Yes,Hybrid,Delhi,Large,Married,2.0,,9,Yes,55297,177260,
3965,Patricia Dawson,59.0,Male,Bachelor's,Customer Support,Sales Manager,28.0,2.0,Yes,Office,Bangalore,Startup,Married,4.0,40.0,14,No,105884,150140,
1244,Victor Simmons,23.0,Female,Bachelor's,HR,Network Engineer,1.0,3.0,No,Office,Chennai,Enterprise,Divorced,2.0,85.0,0,No,165227,116757,
1597,Amanda Ho,50.0,Female,Bachelor's,Finance,Full Stack Developer,3.0,1.0,No,Office,Gurgaon,Startup,Single,7.0,57.0,3,No,91447,96769,
4049,Dawn Barnes,25.0,Male,Bachelor's,Customer Support,Full Stack Developer,2.0,3.0,Yes,Office,Kolkata,Large,Single,8.0,56.0,0,No,183149,123226,
2762,Cheryl Clark,48.0,Female,Bachelor's,IT,Product Manager,7.0,5.0,No,Hybrid,Delhi,Medium,Married,8.0,58.0,7,Yes,132641,154511,
871,Sharon Martin,60.0,Female,Diploma,,QA Engineer,2.0,,Yes,Office,Faridabad,Large,Single,9.0,52.0,0,No,89902,106944,
1267,Miranda Stevens,47.0,Female,Master's,Legal,Full Stack Developer,4.0,5.0,No,Office,Kolkata,Medium,Single,1.0,98.0,4,No,29933,123114,
3151,Victoria Saunders,53.0,Female,Diploma,Marketing,Data Analyst,7.0,4.0,No,Office,Kolkata,Medium,Single,,63.0,7,Yes,199479,113784,
2338,Sally Shaw,48.0,Female,High School,Administration,Sales Executive,15.0,3.0,No,Remote,Delhi,Large,Married,,73.0,1,No,41420,112626,
1309,Christopher Tucker,47.0,Male,Bachelor's,Legal,Backend Developer,11.0,1.0,No,Office,Lucknow,Enterprise,Married,,62.0,2,No,88495,129098,
3466,Christian Wright,21.0,Male,Diploma,HR,Product Manager,0.0,2.0,No,Office,Lucknow,Large,Single,,85.0,0,Yes,132563,131061,
2743,James Jackson,22.0,Male,PhD,Administration,Database Administrator,2.0,5.0,Yes,Office,Indore,Medium,Married,6.0,49.0,1,Yes,163271,156854,
1421,Hannah Richardson,41.0,Female,Diploma,,ML Engineer,0.0,2.0,No,Office,Noida,Medium,Single,3.0,80.0,0,No,29875,106215,
3963,Keith Rodriguez,48.0,Male,Bachelor's,Legal,Project Manager,23.0,,Yes,Office,Ahmedabad,Large,Married,8.0,64.0,19,Yes,159262,199855,
653,Jose White,55.0,Female,PhD,Finance,Cloud Engineer,2.0,1.0,Yes,Hybrid,Ghaziabad,Enterprise,Single,6.0,80.0,2,No,97066,162139,
2376,David Page,37.0,Male,Bachelor's,Administration,Network Engineer,8.0,4.0,No,Remote,Kolkata,Enterprise,Single,9.0,93.0,0,No,73784,143967,
383,Vanessa Watts,55.0,Female,Bachelor's,Customer Support,Network Engineer,29.0,2.0,No,Office,Gurgaon,Startup,Married,3.0,76.0,20,No,128835,170688,
3179,Brandon Cooley,55.0,Male,Master's,Sales,QA Engineer,23.0,4.0,Yes,Hybrid,Faridabad,Enterprise,Married,0.0,92.0,19,Yes,162224,204573,
4215,Joseph Watkins,25.0,Male,Diploma,Operations,ML Engineer,3.0,4.0,No,Office,Kolkata,Startup,Single,3.0,50.0,2,No,184092,115118,
1186,Carlos Yang,23.0,Male,Bachelor's,HR,Cyber Security Analyst,3.0,2.0,No,Remote,Bangalore,Startup,Married,0.0,79.0,1,Yes,134889,111124,
279,James Smith,59.0,Male,Bachelor's,,Project Manager,23.0,,No,Hybrid,Indore,Medium,Single,0.0,41.0,19,No,74383,170446,
4023,Benjamin Washington,48.0,Male,Bachelor's,Legal,Full Stack Developer,16.0,4.0,No,Hybrid,Ghaziabad,Medium,Married,,95.0,10,No,52360,150999,
1184,Diane Pearson,39.0,Female,PhD,Customer Support,Business Analyst,7.0,3.0,Yes,Office,Ahmedabad,Medium,Single,4.0,56.0,6,No,40997,147903,
4685,Allison Webb,29.0,Female,Bachelor's,Research,Finance Analyst,4.0,5.0,No,Hybrid,Faridabad,Enterprise,Married,10.0,91.0,4,No,143538,142081,
2420,Scott Sanchez,46.0,Female,Bachelor's,Legal,Product Manager,1.0,3.0,Yes,Remote,Hyderabad,Startup,Single,9.0,94.0,0,No,199314,135053,
2756,Kenneth Garcia,32.0,Male,Bachelor's,Research,Data Scientist,1.0,2.0,No,Office,Pune,Medium,Single,10.0,72.0,0,Yes,32131,132823,
2099,Jordan Stewart,29.0,Female,Diploma,Sales,Marketing Executive,7.0,3.0,Yes,Hybrid,Ahmedabad,Large,Single,7.0,78.0,0,No,185619,117954,
2326,Sean Roach,39.0,Male,Bachelor's,IT,Full Stack Developer,13.0,4.0,Yes,Office,Jaipur,Large,Married,3.0,,5,No,58733,151949,
1540,Stephanie Lamb,40.0,Male,Bachelor's,,HR Executive,19.0,5.0,Yes,Office,Bangalore,Medium,Single,9.0,68.0,19,No,159563,155262,
2636,Gina Wu,,Male,Master's,Legal,Finance Analyst,7.0,5.0,No,Office,Noida,Medium,Married,4.0,55.0,1,Yes,49100,135214,
3978,Brett Andrews,25.0,Male,Master's,IT,HR Executive,,2.0,No,Office,Indore,Medium,Divorced,,54.0,0,No,160198,96596,
590,Donna Sanchez,40.0,Male,Bachelor's,Finance,ML Engineer,20.0,5.0,No,Office,Pune,Startup,Married,9.0,55.0,10,No,47452,169884,
4613,Seth Maldonado,24.0,Female,Diploma,Administration,Project Manager,0.0,1.0,Yes,Remote,Kolkata,Large,Single,8.0,41.0,0,No,64246,105435,
1801,Tiffany Romero,33.0,Male,Master's,Legal,Frontend Developer,7.0,,Yes,Office,Hyderabad,Startup,Married,5.0,49.0,5,No,50278,126278,
2591,Brian Rogers,29.0,Male,Bachelor's,Research,Cloud Engineer,5.0,5.0,Yes,Hybrid,Faridabad,Medium,Married,4.0,76.0,0,Yes,198476,145073,
810,Ricky Stevens,39.0,Female,Diploma,Legal,Backend Developer,1.0,1.0,Yes,Office,Lucknow,Startup,Married,1.0,42.0,0,No,192425,79143,
4985,Daniel Fox,24.0,Female,PhD,,Cloud Engineer,4.0,2.0,No,Office,Gurgaon,Medium,Single,5.0,68.0,4,No,110146,142615,
207,Margaret Whitaker,24.0,Male,Bachelor's,IT,Cloud Engineer,0.0,4.0,No,Hybrid,Bangalore,Enterprise,Single,1.0,66.0,0,No,170946,127248,
2075,Leah Hanson,48.0,Female,Bachelor's,Customer Support,DevOps Engineer,15.0,5.0,Yes,Hybrid,Mumbai,Medium,Divorced,3.0,71.0,4,No,22897,149971,
3120,Melissa Mccann,35.0,Male,Bachelor's,,Data Scientist,2.0,1.0,Yes,Hybrid,Mumbai,Large,Divorced,6.0,55.0,1,No,143633,126980,
4533,Michael Ortega,36.0,Female,High School,IT,HR Manager,0.0,4.0,No,Office,Faridabad,Medium,Married,4.0,52.0,0,Yes,195129,83856,
4169,Jessica Smith,40.0,Female,Bachelor's,Legal,Data Engineer,,5.0,Yes,Hybrid,Indore,Startup,Single,2.0,81.0,3,Yes,69476,179683,
3068,Elizabeth Garrett,58.0,Female,Diploma,Research,Sales Manager,11.0,1.0,Yes,Hybrid,Gurgaon,Medium,Single,7.0,93.0,5,Yes,71777,132658,
1136,Karen Spencer,52.0,Female,Bachelor's,Research,Cloud Engineer,24.0,5.0,Yes,Hybrid,Mumbai,Startup,Married,8.0,70.0,11,No,127309,182409,
2490,Richard Olson,31.0,Male,PhD,Customer Support,Business Analyst,10.0,2.0,Yes,Hybrid,Ghaziabad,Medium,Married,6.0,,2,No,160231,162941,
4951,Matthew Martin,51.0,Female,High School,Finance,Cyber Security Analyst,29.0,4.0,Yes,Hybrid,Kolkata,Startup,Single,6.0,71.0,2,No,79735,185590,
4623,Dylan Hernandez,,Male,Diploma,Finance,DevOps Engineer,1.0,,No,Hybrid,Jaipur,Startup,Single,6.0,50.0,0,Yes,88266,96967,
94,Leslie Baird,48.0,Male,Bachelor's,,Data Engineer,1.0,4.0,Yes,Remote,Indore,Medium,Married,5.0,,1,No,140585,118270,
2004,Ana Paul,26.0,Female,Bachelor's,HR,Sales Executive,0.0,2.0,No,Office,Noida,Startup,Married,5.0,65.0,0,No,184584,73557,
298,Jack Cruz,57.0,Male,Diploma,Finance,Data Engineer,25.0,5.0,No,Hybrid,Bangalore,Startup,Married,7.0,83.0,20,No,48756,181900,
912,Joseph Hebert,37.0,Female,Bachelor's,Legal,Database Administrator,17.0,1.0,No,Hybrid,Delhi,Large,Married,1.0,52.0,4,No,52121,130984,
719,Larry Goodman,39.0,Male,Bachelor's,Research,Data Scientist,6.0,2.0,Yes,Remote,Bangalore,Large,Single,2.0,69.0,5,No,105180,133868,
2232,Christopher Ramirez,40.0,Male,Diploma,Customer Support,Database Administrator,20.0,2.0,No,Remote,Mumbai,Large,Married,2.0,44.0,7,No,116200,138277,
40,Kara Johnson,37.0,Male,Diploma,Administration,Data Analyst,9.0,2.0,No,Office,Lucknow,Large,Single,2.0,86.0,8,No,628648,319299,
1852,Kathryn Mcfarland,22.0,Female,Diploma,,Marketing Executive,2.0,5.0,No,Office,Ahmedabad,Enterprise,Married,7.0,51.0,0,No,184407,108177,
3395,Vanessa Scott,49.0,Female,Master's,Operations,DevOps Engineer,13.0,4.0,No,Office,Pune,Medium,Married,8.0,94.0,1,No,90796,154429,
958,Susan Powell,57.0,Female,Master's,HR,Finance Analyst,29.0,3.0,No,Hybrid,Bangalore,Enterprise,Married,6.0,44.0,14,No,90831,188824,
4237,Joseph Johnson,52.0,Male,Bachelor's,Finance,Cyber Security Analyst,28.0,2.0,No,Office,Noida,Large,Married,4.0,80.0,5,No,146970,176814,
3487,Adrienne Woods,57.0,Female,Bachelor's,Marketing,Frontend Developer,10.0,1.0,Yes,Office,Delhi,Medium,Single,7.0,84.0,8,No,57836,125582,
408,Kevin Becker,46.0,Female,Bachelor's,Customer Support,Business Analyst,24.0,2.0,No,Office,Ahmedabad,Startup,Single,7.0,75.0,15,Yes,124126,167608,
2149,Deborah Sanders,36.0,Male,Bachelor's,Customer Support,HR Executive,1.0,4.0,Yes,Hybrid,Ahmedabad,Enterprise,Married,8.0,63.0,0,No,186891,108729,
873,Stephanie Parsons,39.0,Female,Diploma,Finance,HR Manager,14.0,5.0,No,Hybrid,Hyderabad,Startup,Single,10.0,99.0,2,No,151895,128134,
3330,Jessica Wade,29.0,Female,Master's,Marketing,Data Engineer,7.0,3.0,Yes,Hybrid,Ahmedabad,Medium,Single,7.0,76.0,2,No,66982,153477,
4182,Virginia King,50.0,Male,Master's,IT,DevOps Engineer,16.0,,No,Hybrid,Indore,Startup,Married,9.0,47.0,5,No,100804,161349,
3799,Timothy Davis,31.0,Female,Master's,Marketing,HR Manager,,5.0,No,Remote,Hyderabad,Medium,Single,4.0,48.0,0,Yes,71439,114112,
4308,Manuel Colon,42.0,Female,Diploma,HR,DevOps Engineer,15.0,2.0,No,Hybrid,Ahmedabad,Enterprise,Single,7.0,84.0,2,No,92731,160401,
465,Brooke Santos,53.0,Female,Diploma,HR,HR Executive,16.0,3.0,No,Office,Jaipur,Enterprise,Married,10.0,92.0,16,No,151632,137307,
569,Jasmine Wells,44.0,Male,Diploma,Research,Frontend Developer,20.0,4.0,No,Hybrid,Chennai,Large,Married,5.0,68.0,16,No,51127,136522,
1419,Joseph Rogers,50.0,Male,,,Project Manager,3.0,5.0,No,Hybrid,Pune,Enterprise,Married,8.0,46.0,0,No,75627,142281,
3739,Rebecca Love,28.0,Female,Master's,Marketing,DevOps Engineer,0.0,3.0,Yes,Office,Jaipur,Startup,Single,6.0,74.0,0,No,189893,122507,
3444,David Gibbs,38.0,Female,,Operations,Marketing Executive,4.0,2.0,No,Office,Jaipur,Medium,Single,2.0,79.0,3,No,68387,99754,
4315,Rebecca Rivera,28.0,Male,Diploma,Customer Support,Software Engineer,7.0,5.0,No,Hybrid,Delhi,Startup,Divorced,1.0,82.0,6,No,160794,103108,
3332,Jay Hernandez,52.0,Female,Diploma,Sales,Network Engineer,11.0,3.0,Yes,Office,Mumbai,Startup,Single,1.0,51.0,1,No,110642,106727,
2374,Felicia Chambers,55.0,Male,,Marketing,Cloud Engineer,26.0,2.0,Yes,Remote,Mumbai,Large,Married,5.0,61.0,15,Yes,147605,187852,
1818,Daniel Dawson,49.0,Male,Diploma,Customer Support,Database Administrator,3.0,1.0,No,,Bangalore,Medium,Single,4.0,92.0,1,No,41399,94958,
2932,Ashley Mercer,37.0,Female,Bachelor's,Operations,Full Stack Developer,15.0,2.0,No,Office,Hyderabad,Startup,Married,,47.0,3,Yes,68709,138326,
4629,David Glover,51.0,Male,Master's,Finance,Data Analyst,3.0,2.0,No,Office,Jaipur,Startup,Married,1.0,62.0,0,No,169980,91166,
4310,Joseph Osborn,29.0,Male,Bachelor's,HR,ML Engineer,2.0,2.0,No,Remote,Hyderabad,Medium,Divorced,5.0,43.0,1,Yes,687488,383670,
397,Carla Benitez,22.0,Male,Bachelor's,Administration,Frontend Developer,0.0,4.0,No,Remote,Ahmedabad,Medium,Single,,80.0,0,Yes,164575,106497,
300,Brett Frye,,Male,Bachelor's,Research,Sales Executive,5.0,2.0,No,Office,Delhi,Startup,Single,4.0,67.0,0,No,71137,81597,
681,Jill Brown,60.0,Male,,Sales,Network Engineer,3.0,1.0,Yes,Office,Delhi,Startup,Married,4.0,82.0,3,No,102516,109564,
2897,Katelyn Jacobs,44.0,Female,Master's,Customer Support,Frontend Developer,3.0,1.0,No,Hybrid,Delhi,Startup,Single,7.0,95.0,1,No,107142,107448,
3761,Eric Bryant,,Male,Master's,,Finance Analyst,23.0,3.0,No,Hybrid,Mumbai,Large,Single,9.0,90.0,8,No,187983,178878,
2303,Dave Reynolds,59.0,Male,High School,Marketing,Marketing Manager,8.0,4.0,No,Hybrid,Faridabad,Startup,Single,1.0,59.0,0,Yes,69372,109678,
827,Dennis Taylor,28.0,Female,PhD,IT,Network Engineer,0.0,2.0,No,Remote,Ahmedabad,Large,Married,4.0,53.0,0,Yes,120668,139709,
1073,Steven Arellano,51.0,Male,Bachelor's,Administration,Full Stack Developer,5.0,4.0,No,Hybrid,Chennai,Medium,Married,2.0,88.0,4,Yes,87949,129106,
1899,Michelle Cobb,40.0,Female,Master's,,Frontend Developer,13.0,1.0,Yes,Office,Hyderabad,Medium,Married,0.0,54.0,9,No,86300,120605,
1841,Robert Murphy,55.0,Male,Diploma,Research,ML Engineer,26.0,2.0,Yes,Hybrid,Delhi,Large,Single,6.0,73.0,14,No,160712,199703,
891,Emma Perez,,Male,,Research,Accountant,26.0,5.0,No,Remote,Noida,Medium,Single,1.0,41.0,19,No,190316,144524,
4080,Stephanie Waters,45.0,Female,High School,Operations,Cloud Engineer,1.0,3.0,No,Hybrid,Kolkata,Medium,Married,5.0,61.0,1,Yes,103917,104783,
3352,Bryan Clark,30.0,Female,Diploma,Sales,Software Engineer,2.0,2.0,No,Hybrid,Gurgaon,Large,Single,3.0,84.0,0,No,34611,96147,
2776,Ashley Miller,44.0,Male,Diploma,Administration,Backend Developer,10.0,1.0,Yes,Hybrid,Gurgaon,Large,Single,9.0,62.0,10,No,196080,126388,
4325,Courtney Ward,47.0,Male,Master's,Sales,Backend Developer,16.0,4.0,Yes,Office,Bangalore,Large,Single,8.0,52.0,13,Yes,25183,184768,
3902,Susan Tucker,56.0,Male,High School,IT,Finance Analyst,0.0,2.0,No,Hybrid,Ahmedabad,Medium,Single,2.0,100.0,0,No,45117,77223,
4841,Robin Greene,50.0,Female,Diploma,Marketing,Data Analyst,24.0,5.0,No,Hybrid,Kolkata,Startup,Single,7.0,49.0,17,Yes,103005,147524,
3153,Brian Wise,60.0,Female,Bachelor's,Customer Support,HR Manager,13.0,1.0,Yes,Remote,Indore,Enterprise,Single,7.0,50.0,4,No,62680,147981,
4760,Kristin Blair,40.0,Female,Bachelor's,HR,QA Engineer,20.0,1.0,No,Office,Indore,Large,Single,1.0,58.0,4,No,29450,129358,
4668,Pamela Matthews,,Female,High School,HR,Accountant,13.0,1.0,No,Office,Delhi,Medium,Married,10.0,78.0,2,No,160109,105259,
4396,Lauren Nguyen,23.0,Male,Diploma,HR,HR Manager,2.0,4.0,No,Office,Lucknow,Large,Married,4.0,52.0,2,No,166515,98228,
925,Kimberly Bailey,21.0,Female,Bachelor's,Marketing,Accountant,1.0,1.0,No,Office,Pune,Enterprise,Married,5.0,,0,Yes,136740,109803,
4216,Michaela Yates,58.0,Female,Bachelor's,IT,Data Engineer,0.0,4.0,No,Hybrid,Delhi,Medium,Married,8.0,71.0,0,Yes,60603,126133,
1024,Joshua Contreras,57.0,Male,Bachelor's,Marketing,Data Engineer,20.0,2.0,No,Office,Kolkata,Medium,Married,2.0,61.0,2,Yes,31850,157485,
3742,Barbara Jones,24.0,Male,High School,HR,Data Engineer,3.0,2.0,Yes,Office,Hyderabad,Medium,Married,2.0,90.0,2,No,77649,108738,
8,Jordan Norris,59.0,Male,Diploma,Customer Support,Finance Analyst,14.0,4.0,No,Remote,Mumbai,Startup,Married,3.0,69.0,13,No,46105,116886,
1661,Jordan Roberts,60.0,Male,Bachelor's,Sales,Marketing Executive,25.0,1.0,No,Hybrid,Pune,Large,Married,0.0,45.0,13,No,88368,129084,
1138,Jesse Norton,40.0,Female,Bachelor's,Marketing,Database Administrator,3.0,1.0,Yes,Hybrid,Jaipur,Medium,Married,8.0,62.0,3,No,41788,105954,
3183,Benjamin Taylor,34.0,Female,Bachelor's,Marketing,Cyber Security Analyst,,2.0,No,Remote,Noida,Enterprise,Married,9.0,60.0,12,No,82027,153357,
1443,Jessica Fritz,45.0,Male,Bachelor's,IT,ML Engineer,,,No,Hybrid,Mumbai,Startup,Divorced,3.0,83.0,0,No,135982,105289,
1537,Carol Parker,47.0,Male,Master's,Customer Support,Frontend Developer,23.0,4.0,Yes,Remote,Jaipur,Large,Married,,87.0,8,Yes,134610,197495,
344,Diane Hansen,22.0,Male,Bachelor's,Legal,Marketing Manager,2.0,4.0,Yes,Hybrid,Jaipur,Large,Single,4.0,50.0,1,No,41672,116174,
418,Monica Joseph,29.0,Female,Diploma,Legal,Network Engineer,2.0,4.0,Yes,Hybrid,Hyderabad,Startup,Single,7.0,49.0,2,No,83230,90356,
2123,Brenda Arnold,39.0,Male,,Sales,Finance Analyst,6.0,1.0,No,Office,Faridabad,Large,Single,7.0,50.0,1,No,150985,113793,
2131,Jesse Martin,41.0,Female,Bachelor's,Administration,Marketing Manager,16.0,1.0,Yes,Office,Jaipur,Startup,Single,6.0,55.0,5,No,164613,129603,
198,Cody Wagner,44.0,Female,Diploma,Customer Support,Data Scientist,1.0,1.0,Yes,Office,Ahmedabad,Enterprise,Single,10.0,80.0,0,Yes,82021,142695,
2739,Jason Norris Jr.,51.0,Female,Master's,Legal,Data Scientist,29.0,,No,Hybrid,Lucknow,Enterprise,Married,4.0,53.0,11,Yes,49817,222881,
1655,Rebecca Burns,53.0,Female,Bachelor's,Customer Support,Network Engineer,22.0,1.0,Yes,Remote,Faridabad,Startup,Married,7.0,63.0,18,Yes,56122,159844,
296,Michael Morgan MD,50.0,Male,Diploma,Sales,Sales Manager,12.0,2.0,No,Hybrid,Hyderabad,Startup,Single,1.0,86.0,8,No,41650,107745,
837,Jose Morse,25.0,Female,Bachelor's,Operations,Data Analyst,5.0,5.0,No,Hybrid,Pune,Startup,Married,8.0,60.0,2,Yes,84467,113245,
2974,Elizabeth Fletcher,41.0,Male,Master's,,Database Administrator,1.0,3.0,No,Office,Mumbai,Startup,Single,6.0,41.0,0,Yes,67486,111875,
3570,Timothy Mcbride,35.0,Female,Bachelor's,Operations,QA Engineer,5.0,3.0,No,Hybrid,Indore,Startup,Single,5.0,43.0,3,Yes,26910,95274,
2665,James Stanton,31.0,Male,Diploma,IT,Sales Executive,6.0,2.0,No,Office,Lucknow,Medium,Married,4.0,59.0,3,Yes,99896,100874,
161,Brittany Gibson,60.0,Female,High School,Research,Sales Manager,10.0,4.0,No,Hybrid,Noida,Startup,Single,3.0,76.0,7,No,781004,239112,
2627,Kristine Kelly,31.0,Male,Bachelor's,Marketing,Data Scientist,10.0,5.0,Yes,Hybrid,Mumbai,Startup,Single,0.0,59.0,6,No,100460,140563,
915,Whitney Atkins,52.0,Female,,Marketing,Project Manager,20.0,1.0,Yes,,Gurgaon,Medium,Single,9.0,84.0,3,Yes,48317,179217,
2261,Matthew Lewis,59.0,Male,Master's,IT,Project Manager,0.0,3.0,Yes,Office,Delhi,Medium,Married,9.0,84.0,0,Yes,120018,149235,
563,Ronald Santana,43.0,Female,Bachelor's,Sales,Finance Analyst,11.0,4.0,No,Hybrid,Jaipur,Enterprise,Married,7.0,82.0,8,Yes,140787,161955,
4551,Michael Cole,46.0,Female,Master's,Customer Support,Sales Manager,1.0,3.0,Yes,,Jaipur,Medium,Married,,90.0,0,No,23031,121362,
2878,Brian Dominguez,52.0,Male,Bachelor's,Administration,Project Manager,28.0,,No,Office,Bangalore,Medium,Married,6.0,49.0,4,Yes,40062,196895,
3769,Alexander Barnes,23.0,Female,PhD,HR,Project Manager,3.0,4.0,No,Hybrid,Kolkata,Medium,Single,8.0,56.0,3,No,45438,147000,
1061,Tracey Richardson,58.0,Female,,Operations,Database Administrator,5.0,5.0,No,Office,Ghaziabad,Medium,Single,2.0,57.0,1,No,169571,92478,
746,Dustin Walters,36.0,Male,Bachelor's,Research,Full Stack Developer,8.0,5.0,No,Office,Pune,Enterprise,Single,9.0,61.0,6,No,99865,148979,
4986,Denise Jackson,23.0,Male,Bachelor's,Legal,Marketing Manager,2.0,4.0,No,,Ghaziabad,Large,Married,10.0,56.0,0,No,180183,120139,
4846,Janet Ellison,25.0,Female,Master's,Finance,Data Engineer,0.0,4.0,Yes,Remote,Faridabad,Startup,Married,7.0,91.0,0,Yes,325893,290388,
943,Virginia Ruiz,58.0,Male,High School,Legal,Marketing Manager,,1.0,No,Office,Gurgaon,Medium,Single,3.0,49.0,14,No,105490,112971,
2814,Heather Wolf,,Male,Bachelor's,Administration,Marketing Manager,21.0,2.0,No,Office,Indore,Medium,Married,4.0,,19,Yes,115022,165753,
4853,Mr. Joseph Mccoy,46.0,Male,Master's,Finance,Cloud Engineer,19.0,2.0,Yes,Hybrid,Indore,Medium,Married,0.0,92.0,1,Yes,72412,183066,
2129,Christina Guzman,25.0,Male,Bachelor's,Sales,Sales Executive,0.0,3.0,No,Hybrid,Jaipur,Large,Single,9.0,61.0,0,No,176488,90297,
705,Scott Maldonado,59.0,Female,Bachelor's,HR,Software Engineer,35.0,,No,Office,Pune,Enterprise,Single,5.0,,12,No,176659,201167,
73,Katrina Woodward,34.0,Female,,HR,Data Analyst,7.0,1.0,Yes,Remote,Indore,Medium,Single,7.0,43.0,3,No,262092,231384,
1722,Linda Skinner,25.0,Female,Diploma,Sales,Product Manager,2.0,5.0,No,Hybrid,Lucknow,Medium,Single,4.0,51.0,1,No,64791,116136,
3786,Kevin Walker,30.0,Female,Bachelor's,,Finance Analyst,10.0,4.0,No,Hybrid,Pune,Startup,Married,4.0,60.0,0,No,191866,113916,
4156,Julie Foley,35.0,Female,Bachelor's,HR,Software Engineer,2.0,4.0,Yes,,Bangalore,Enterprise,Married,,91.0,0,No,138601,130761,
3084,Megan Wallace,47.0,Female,Bachelor's,Research,Data Scientist,8.0,3.0,Yes,Office,Chennai,Medium,Married,0.0,,3,No,153485,134120,
3680,Jordan Edwards,41.0,Female,Diploma,,Network Engineer,17.0,3.0,Yes,Office,Lucknow,Medium,Married,6.0,74.0,5,No,162045,141178,
355,Kimberly Gonzalez,33.0,Female,Master's,IT,Full Stack Developer,13.0,2.0,Yes,Hybrid,Mumbai,Enterprise,Single,4.0,67.0,7,No,154515,169108,
1649,Chase Harrell,,Female,Bachelor's,Legal,Marketing Manager,9.0,5.0,No,Office,Ahmedabad,Large,Married,9.0,82.0,5,No,98669,141089,
3172,Holly Morales,41.0,Male,Bachelor's,Customer Support,Cloud Engineer,12.0,5.0,Yes,Office,Indore,Enterprise,Married,0.0,75.0,9,No,46242,164975,
2015,Tony Adams,54.0,Female,Diploma,Marketing,Network Engineer,33.0,1.0,No,Office,Mumbai,Medium,Married,,55.0,1,No,158238,161202,
3092,Jacob Wise,22.0,Female,Diploma,Legal,Marketing Executive,1.0,5.0,No,Hybrid,Ahmedabad,Enterprise,Single,5.0,43.0,1,No,37121,99809,
4654,William Gutierrez,42.0,Male,Diploma,Research,Cyber Security Analyst,14.0,5.0,Yes,Hybrid,Lucknow,Enterprise,Married,7.0,52.0,5,No,137636,166433,
2336,Monica Carr,33.0,Female,Bachelor's,,Data Engineer,1.0,2.0,No,Office,Pune,Medium,Single,6.0,49.0,0,Yes,189072,114979,
2323,Carl Miller,44.0,Male,Diploma,Customer Support,Backend Developer,12.0,3.0,No,Office,Chennai,Medium,Married,8.0,67.0,1,No,95720,124829,
352,Kim Warren,,Male,Diploma,Sales,Product Manager,25.0,4.0,Yes,,Delhi,Medium,Married,1.0,53.0,3,No,100691,170126,
2699,Sara Johnson,52.0,Female,Bachelor's,IT,DevOps Engineer,4.0,3.0,No,Office,Noida,Medium,Married,7.0,55.0,4,No,139980,114728,
2228,James Douglas,40.0,Female,High School,,DevOps Engineer,10.0,5.0,No,,Kolkata,Enterprise,Single,2.0,49.0,7,Yes,136839,152719,
1055,David Stokes,29.0,Male,High School,Finance,DevOps Engineer,7.0,2.0,No,Office,Pune,Medium,Married,5.0,83.0,3,No,94975,106187,
4705,Michael Hancock,23.0,Female,Bachelor's,Research,Marketing Executive,0.0,3.0,Yes,Hybrid,Lucknow,Medium,Single,9.0,96.0,0,No,187688,100329,
965,Gary Williams,22.0,Male,Diploma,Marketing,HR Executive,2.0,2.0,No,Office,Hyderabad,Startup,Single,4.0,96.0,0,Yes,22599,79296,
1937,Kimberly Alvarado,37.0,Male,Diploma,Marketing,Data Engineer,5.0,3.0,No,Remote,Pune,Medium,Divorced,7.0,95.0,0,No,127729,119076,
2173,Angela Sandoval,40.0,Female,Master's,HR,Sales Manager,4.0,3.0,Yes,Remote,Faridabad,Startup,Single,9.0,67.0,1,No,121013,130413,
986,Kimberly Keller,33.0,Female,Bachelor's,,Project Manager,0.0,4.0,Yes,Office,Hyderabad,Medium,Married,6.0,83.0,0,No,40239,120675,
3631,Laura Cervantes,35.0,Female,Master's,Sales,Finance Analyst,,5.0,Yes,Hybrid,Chennai,Startup,Married,2.0,42.0,2,No,132044,114054,
3050,Mrs. Cynthia Johnson,50.0,Male,Diploma,Operations,Business Analyst,20.0,1.0,No,Remote,Jaipur,Medium,Married,7.0,47.0,5,No,190047,140980,
2092,Daniel Gonzalez,37.0,Male,Diploma,Research,Business Analyst,6.0,4.0,No,,Jaipur,Enterprise,Married,0.0,54.0,4,No,182194,111450,
268,Megan Price,49.0,Male,Diploma,Sales,Backend Developer,19.0,2.0,Yes,Office,Ahmedabad,Medium,Married,10.0,93.0,3,No,115598,165130,
1660,Jacob Williams,51.0,Male,Master's,Sales,HR Executive,30.0,3.0,No,Hybrid,Jaipur,Medium,Single,3.0,67.0,9,Yes,105388,183406,
1956,Bryan Jacobs,57.0,Female,Master's,Legal,QA Engineer,,2.0,Yes,Office,Pune,Startup,Married,2.0,74.0,6,No,101094,141325,
3075,Don Phillips,33.0,Female,Bachelor's,Research,Network Engineer,9.0,2.0,No,Hybrid,Delhi,Enterprise,Married,5.0,62.0,1,No,62706,126876,
4269,David Jones,53.0,Female,Bachelor's,Finance,Accountant,25.0,2.0,No,Remote,Pune,Large,Single,,52.0,9,Yes,68391,164525,
1974,John Martinez,25.0,Female,Master's,Finance,Product Manager,1.0,1.0,Yes,Hybrid,Indore,Enterprise,Married,7.0,64.0,0,No,152004,154607,
3317,Amanda Zamora,56.0,Female,Diploma,HR,Cloud Engineer,6.0,,No,Office,Chennai,Medium,Married,,,3,No,63845,110380,
2575,William Gross,38.0,Female,High School,HR,Software Engineer,2.0,5.0,Yes,Office,Ahmedabad,Medium,Married,,45.0,0,No,73391,85556,
4888,Wesley Fletcher,54.0,Male,Master's,Administration,HR Executive,2.0,1.0,No,Office,Bangalore,Medium,Single,9.0,75.0,2,Yes,100154,102620,
3536,Kathy Murray,30.0,Female,Bachelor's,,Marketing Executive,9.0,4.0,No,Hybrid,Ahmedabad,Medium,Married,7.0,88.0,7,Yes,178811,134438,
914,James Hunter,60.0,Male,,Operations,DevOps Engineer,,3.0,Yes,,Ahmedabad,Medium,Single,7.0,98.0,0,No,178554,140150,
4500,George Scott,,Male,Bachelor's,Finance,Database Administrator,7.0,3.0,Yes,,Kolkata,Large,Married,7.0,66.0,0,Yes,192696,147311,
1946,Mark Pierce,33.0,Male,Master's,IT,DevOps Engineer,7.0,5.0,No,,Kolkata,Medium,Married,3.0,93.0,4,No,183194,150828,
2956,Brooke Mendoza,24.0,Male,Diploma,HR,Data Scientist,1.0,2.0,No,Hybrid,Ghaziabad,Medium,Single,2.0,60.0,0,No,97413,97149,
4470,Kathy Anderson,,Female,Diploma,Customer Support,Cloud Engineer,15.0,,No,Office,Mumbai,Enterprise,Married,9.0,63.0,1,No,131138,156834,
4803,Timothy Cruz,24.0,Female,High School,Operations,Marketing Manager,3.0,2.0,No,Office,Jaipur,Large,Married,1.0,96.0,2,Yes,27858,113271,
3499,Kent Maxwell,35.0,Male,Diploma,IT,Network Engineer,,1.0,No,Remote,Mumbai,Medium,Married,6.0,93.0,2,Yes,147102,134653,
4196,Mrs. Jessica Horn MD,48.0,Male,,Administration,Project Manager,9.0,2.0,Yes,Hybrid,Jaipur,Startup,Single,3.0,86.0,4,No,133517,126918,
2811,Anthony Dixon,24.0,Male,Master's,HR,Finance Analyst,3.0,,Yes,Office,Lucknow,Startup,Married,8.0,,0,No,173092,118916,
2568,Cynthia White,59.0,Male,Bachelor's,IT,Full Stack Developer,27.0,3.0,No,Remote,Jaipur,Medium,Single,7.0,56.0,17,Yes,45618,185821,
4990,Todd Hancock,42.0,Male,Bachelor's,Legal,Product Manager,3.0,,Yes,Office,Noida,Medium,Married,7.0,95.0,1,No,155283,149066,
679,Dawn Villa,58.0,Female,Bachelor's,Operations,Project Manager,23.0,3.0,No,Remote,Faridabad,Large,Married,2.0,87.0,16,No,99232,189777,
3958,Edward Little,50.0,Male,Bachelor's,Administration,Business Analyst,27.0,,Yes,Hybrid,Kolkata,Medium,Married,1.0,91.0,5,Yes,160344,189119,
4474,Timothy Rice,58.0,Male,Bachelor's,,Finance Analyst,18.0,,Yes,Office,Gurgaon,Large,Married,3.0,79.0,2,No,148523,141818,
3125,Robin Juarez,59.0,Female,High School,Sales,QA Engineer,30.0,4.0,Yes,Remote,Lucknow,Large,Married,8.0,67.0,18,No,21257,176552,
4579,Whitney Bradford,55.0,Male,Bachelor's,Customer Support,ML Engineer,14.0,1.0,No,Remote,Noida,Large,Married,10.0,85.0,14,No,23284,164665,
2772,Javier Jones,58.0,Male,Diploma,Finance,Data Analyst,30.0,2.0,No,Hybrid,Ahmedabad,Medium,Divorced,9.0,94.0,16,No,74879,147398,
4793,Cynthia Juarez,24.0,Female,High School,Marketing,Network Engineer,4.0,3.0,Yes,Office,Noida,Medium,Married,6.0,98.0,4,No,76025,103295,
3633,Brian Lawson,41.0,Female,Bachelor's,Research,QA Engineer,2.0,3.0,No,Hybrid,Faridabad,Large,Married,0.0,65.0,1,No,177437,98918,
4582,Anna Barnes,25.0,Male,Bachelor's,IT,Accountant,1.0,4.0,No,Remote,Hyderabad,Large,Single,9.0,58.0,0,No,175662,99164,
1002,Kenneth Olsen,41.0,Female,Bachelor's,Sales,Cyber Security Analyst,6.0,4.0,No,Office,Lucknow,Large,Single,3.0,,2,No,69665,125325,
3422,James Bates,39.0,Male,Bachelor's,Legal,QA Engineer,18.0,4.0,Yes,Remote,Chennai,Large,Single,2.0,67.0,13,No,122850,149353,
358,Thomas Powers,29.0,Male,Diploma,Sales,Finance Analyst,0.0,1.0,Yes,Remote,Bangalore,Medium,Married,3.0,79.0,0,Yes,189957,99661,
4975,Jenny Martinez,44.0,Male,High School,Administration,Data Engineer,0.0,4.0,Yes,Hybrid,Hyderabad,Medium,Married,2.0,94.0,0,Yes,47655,119149,
4143,Wayne Rich,,Female,High School,Operations,Sales Manager,1.0,2.0,Yes,Office,Jaipur,Large,Single,2.0,99.0,0,Yes,434958,224336,
3285,April Herman,56.0,Male,Bachelor's,Finance,Marketing Executive,0.0,2.0,No,Office,Lucknow,Large,Single,7.0,41.0,0,No,65978,84550,
2837,Gabriel Smith,,Female,Master's,Administration,Project Manager,24.0,5.0,Yes,Remote,Jaipur,Startup,Married,,100.0,1,No,194829,204053,
759,Jay Jones,58.0,Female,Bachelor's,Sales,HR Executive,9.0,3.0,No,Office,Jaipur,Medium,Single,9.0,57.0,5,No,186452,103218,
2596,Timothy Hutchinson,,Male,Bachelor's,Customer Support,HR Manager,,3.0,Yes,Remote,Kolkata,Large,Married,6.0,78.0,1,No,102830,111643,
684,Scott Martin,,Male,High School,HR,Marketing Manager,3.0,1.0,Yes,Office,Chennai,Medium,Married,3.0,,1,No,26408,90298,
4264,Samantha Holland,59.0,Male,Master's,Sales,HR Manager,35.0,4.0,Yes,Office,Faridabad,Startup,Single,8.0,56.0,6,No,45805,211045,
2340,Christine Mays,25.0,Male,Master's,Sales,Network Engineer,1.0,3.0,No,Office,Delhi,Startup,Married,0.0,80.0,0,No,69843,93707,
4652,Sheena Wilkins,24.0,Male,Master's,,Product Manager,2.0,3.0,Yes,Office,Noida,Medium,Married,,89.0,2,No,84961,146111,
4073,Carolyn Miller,51.0,Male,Diploma,Finance,Marketing Manager,0.0,2.0,Yes,Office,Jaipur,Medium,Married,7.0,,0,No,53885,98371,
1253,Benjamin Serrano,22.0,Female,,Legal,Product Manager,1.0,2.0,No,Hybrid,Bangalore,Startup,Married,1.0,51.0,0,No,149471,104048,
4093,Jonathan Yates MD,41.0,Male,,Operations,Cyber Security Analyst,,2.0,No,Remote,Lucknow,Startup,Single,7.0,79.0,18,No,378711,400970,
4357,Donald Sanchez,50.0,Female,Bachelor's,Research,Cloud Engineer,28.0,2.0,Yes,Hybrid,Jaipur,Startup,Married,5.0,71.0,10,No,192580,188158,
2861,Howard Smith,38.0,Male,Bachelor's,,HR Manager,15.0,,No,Office,Lucknow,Medium,Single,0.0,60.0,6,No,42008,130424,
4710,Theresa Hebert,53.0,Female,,,Accountant,26.0,1.0,No,Office,Jaipur,Enterprise,Married,10.0,90.0,11,No,26178,167703,
4877,Rebecca Sutton,56.0,Male,Diploma,HR,HR Executive,22.0,3.0,Yes,Hybrid,Lucknow,Enterprise,Single,7.0,47.0,16,No,43018,147495,
3171,Ronald Warren,25.0,Male,Bachelor's,Finance,Data Engineer,2.0,4.0,No,Office,Gurgaon,Large,Single,9.0,73.0,1,No,133799,130276,
1522,Andrew Williams,54.0,Female,Master's,IT,Business Analyst,,3.0,Yes,Hybrid,Noida,Large,Married,,52.0,1,No,120108,114542,
2778,David Anderson,29.0,Female,Master's,Finance,HR Manager,6.0,4.0,No,Hybrid,Noida,Enterprise,Divorced,2.0,86.0,2,No,167573,139646,
2492,Mary Ellis,43.0,Female,Bachelor's,IT,Sales Executive,19.0,4.0,Yes,Hybrid,Kolkata,Medium,Married,9.0,52.0,19,Yes,59848,143137,
4928,Alexis Taylor,26.0,Male,,Marketing,HR Executive,0.0,2.0,No,Remote,Hyderabad,Startup,Single,0.0,,0,Yes,189635,80724,
654,Destiny Torres,40.0,Male,Bachelor's,IT,Cyber Security Analyst,6.0,2.0,Yes,Office,Gurgaon,Medium,Married,6.0,99.0,4,No,62192,127301,
4164,Mario Sullivan,34.0,Male,PhD,Research,ML Engineer,0.0,2.0,Yes,Office,Lucknow,Large,Single,10.0,61.0,0,No,61889,165314,
1720,Jerry Reed,29.0,Male,,Legal,Cloud Engineer,5.0,2.0,No,,Noida,Enterprise,Divorced,5.0,,5,No,157931,152249,
3731,Jennifer White,31.0,Male,High School,Administration,Cyber Security Analyst,5.0,2.0,Yes,Hybrid,Chennai,Startup,Married,3.0,,1,No,130463,100754,
3309,Andrew Mcbride,40.0,Female,Diploma,HR,Cloud Engineer,11.0,2.0,Yes,Hybrid,Noida,Enterprise,Single,10.0,69.0,2,No,187673,157741,
4515,Kimberly Dickson,43.0,Female,High School,Customer Support,Marketing Executive,10.0,2.0,No,Remote,Faridabad,Startup,Divorced,2.0,99.0,10,Yes,182443,102401,
1090,Jeffrey Gill,53.0,Male,Master's,HR,Database Administrator,10.0,2.0,Yes,Hybrid,Ghaziabad,Medium,Married,1.0,43.0,10,No,35688,128296,
4733,Kevin Meyers,44.0,Male,High School,Research,Full Stack Developer,14.0,2.0,No,Office,Jaipur,Startup,Married,10.0,69.0,4,No,96127,119711,
3874,Susan Riley,46.0,Male,Bachelor's,Finance,Marketing Manager,8.0,1.0,Yes,Hybrid,Jaipur,Medium,Married,9.0,67.0,8,Yes,160742,141835,
4820,Jesse Simpson,32.0,Male,Bachelor's,IT,Finance Analyst,0.0,2.0,No,Remote,Noida,Large,Married,9.0,72.0,0,No,194063,100301,
2923,Matthew Smith,,Female,Master's,IT,Sales Manager,4.0,1.0,No,Office,Indore,Medium,Single,1.0,54.0,3,No,26642,106233,
4700,Jason George,58.0,Female,High School,Legal,HR Executive,,3.0,Yes,Hybrid,Lucknow,Startup,Single,1.0,62.0,0,No,20311,58531,
3974,Scott Thomas,53.0,Male,Bachelor's,Sales,Sales Manager,21.0,,No,Office,Faridabad,Startup,Single,8.0,91.0,12,No,21437,143878,
168,Matthew Price,35.0,Male,Master's,Finance,HR Manager,10.0,1.0,No,Remote,Noida,Medium,Married,3.0,46.0,2,Yes,68456,133338,
1441,Amber Potter,37.0,Female,Master's,Administration,Backend Developer,3.0,3.0,No,Hybrid,Faridabad,Large,Single,8.0,61.0,2,Yes,78336,140034,
2930,Mrs. Karen Parrish,29.0,Male,Diploma,Legal,Product Manager,5.0,1.0,Yes,Office,Hyderabad,Startup,Single,3.0,72.0,1,No,142686,120851,
1709,Phillip Jones,44.0,Male,Master's,,Network Engineer,9.0,2.0,No,Hybrid,Ahmedabad,Medium,Married,7.0,85.0,6,No,106078,136424,
3835,Mr. David Figueroa,,Female,Bachelor's,Legal,Marketing Executive,2.0,,Yes,Remote,Delhi,Medium,Single,5.0,48.0,1,No,80519,91655,
2252,Mark Hill,42.0,Male,PhD,Legal,Business Analyst,6.0,5.0,No,Hybrid,Bangalore,Startup,Single,8.0,85.0,4,No,172711,152460,
3275,Robin Wilson,46.0,Female,Diploma,Administration,Data Engineer,3.0,5.0,Yes,Office,Lucknow,Large,Married,,61.0,3,No,191234,129570,
1883,James Nicholson,,Male,Diploma,Marketing,Marketing Executive,5.0,5.0,No,Office,Lucknow,Startup,Married,4.0,85.0,1,No,49867,90448,
2203,Joshua Bryan,56.0,Female,Bachelor's,IT,Full Stack Developer,30.0,4.0,Yes,Hybrid,Noida,Medium,Single,4.0,50.0,15,Yes,111216,203340,
3811,Tammy Zamora,32.0,Male,Bachelor's,Marketing,Network Engineer,,,No,Hybrid,Pune,Startup,Single,10.0,72.0,0,Yes,141964,117060,
3673,Alicia Prince,44.0,Male,Master's,Finance,Finance Analyst,0.0,4.0,No,Office,Chennai,Large,Married,9.0,90.0,0,No,173841,124680,
1265,Danny Miller,32.0,Female,Bachelor's,Sales,DevOps Engineer,6.0,5.0,No,Office,Ahmedabad,Startup,Married,7.0,89.0,6,No,43265,123019,
1095,Stephanie Miller,,Female,Master's,IT,Backend Developer,2.0,4.0,No,Office,Delhi,Large,Married,3.0,69.0,2,Yes,59140,133750,
2447,Brett Sims,56.0,Female,Bachelor's,Administration,Sales Manager,20.0,2.0,No,Office,Delhi,Medium,Single,9.0,48.0,4,No,132218,140820,
4448,Travis Barnes,46.0,Female,Bachelor's,Legal,Marketing Executive,16.0,5.0,No,Office,Chennai,Enterprise,Married,0.0,72.0,8,No,178979,139277,
3095,Laura Mccormick,32.0,Male,Master's,Sales,Network Engineer,0.0,2.0,No,Remote,Kolkata,Startup,Married,9.0,89.0,0,No,40057,103089,
4948,Amanda Meza,51.0,Female,Diploma,Legal,Business Analyst,30.0,1.0,No,Hybrid,Ahmedabad,Medium,Single,7.0,50.0,5,Yes,41077,170373,
4402,Cathy Tate,23.0,Female,Bachelor's,Marketing,Data Engineer,2.0,4.0,No,Hybrid,Lucknow,Large,Single,0.0,55.0,2,Yes,75118,121824,
1376,Thomas Mora,27.0,Male,Bachelor's,Research,Full Stack Developer,7.0,4.0,No,,Jaipur,Large,Married,5.0,40.0,1,No,118264,121203,
2096,Travis Washington,56.0,Female,,Legal,Data Scientist,35.0,,No,Remote,Noida,Startup,Single,8.0,76.0,6,No,172241,231412,
4114,Katherine Willis,39.0,Female,Diploma,HR,Project Manager,9.0,5.0,Yes,Office,Hyderabad,Medium,Married,7.0,46.0,5,No,52315,143330,
1532,Steven Tran,24.0,Female,Master's,Research,HR Executive,1.0,1.0,No,Hybrid,Noida,Medium,Single,5.0,80.0,0,No,24567,87988,
1092,Jessica Rodriguez,31.0,Female,Bachelor's,Operations,Marketing Manager,2.0,1.0,No,Office,Ahmedabad,Medium,Married,0.0,89.0,0,No,165190,94029,
2271,Whitney Cooper,34.0,Male,High School,Finance,Business Analyst,4.0,3.0,Yes,Hybrid,Delhi,Large,Married,10.0,75.0,0,No,85858,109508,
4446,James Larson,27.0,Male,Bachelor's,Finance,Sales Manager,6.0,2.0,No,Office,Noida,Medium,Single,6.0,85.0,0,No,39891,107310,
3725,Dr. Ashley King,41.0,Female,Diploma,Customer Support,Project Manager,16.0,3.0,No,Remote,Hyderabad,Medium,Single,4.0,71.0,7,No,133883,149704,
3591,Christopher Rivas,41.0,Female,Diploma,Research,HR Executive,13.0,2.0,Yes,Remote,Hyderabad,Large,Single,4.0,,13,Yes,45233,127347,
4563,Taylor Fuller,29.0,Male,Master's,Customer Support,Cloud Engineer,9.0,,Yes,Office,Bangalore,Startup,Single,4.0,,1,No,28410,149435,
1861,Joshua Hahn,51.0,Male,Bachelor's,Sales,HR Executive,9.0,1.0,No,Office,Faridabad,Medium,Married,9.0,47.0,5,No,138431,99163,
1792,Lauren Williams,28.0,Male,Bachelor's,Marketing,Business Analyst,1.0,4.0,Yes,,Delhi,Enterprise,Married,6.0,55.0,1,Yes,27721,133306,
3651,Kelsey Hernandez,40.0,Male,Master's,Customer Support,Marketing Manager,,2.0,No,Hybrid,Gurgaon,Large,Married,1.0,46.0,6,Yes,106042,151425,
1513,Susan Day,58.0,Male,Bachelor's,Customer Support,Data Scientist,1.0,5.0,No,Office,Jaipur,Medium,Single,2.0,94.0,1,Yes,85702,128794,
1053,Kristin Mendez,44.0,Male,Diploma,Sales,Database Administrator,3.0,,Yes,Hybrid,Pune,Large,Married,10.0,56.0,0,No,67918,118153,
3590,Mark Barrett MD,,Male,Bachelor's,Marketing,DevOps Engineer,3.0,,No,Hybrid,Lucknow,Medium,Single,6.0,65.0,3,No,24008,107954,
4619,Shawn Peterson,22.0,Male,High School,IT,QA Engineer,,,Yes,Hybrid,Kolkata,Startup,Married,9.0,43.0,0,No,71345,91263,
1464,Maureen Torres,55.0,Female,Bachelor's,Customer Support,Accountant,30.0,4.0,Yes,Hybrid,Chennai,Large,Single,5.0,58.0,4,No,191073,179856,
4221,Robert Barnett,51.0,Male,Bachelor's,Finance,Frontend Developer,29.0,1.0,Yes,Office,Bangalore,Large,Married,10.0,,14,Yes,94003,186516,
4970,Kayla Hall,50.0,Male,Bachelor's,Sales,Marketing Executive,30.0,5.0,Yes,Remote,Indore,Large,Married,4.0,72.0,18,Yes,58605,181448,
1731,Jason Thompson,,Male,Diploma,IT,Data Scientist,9.0,3.0,Yes,Hybrid,Noida,Medium,Married,1.0,90.0,3,No,199163,137612,
1294,Brian Vargas,29.0,Male,Bachelor's,HR,Frontend Developer,3.0,5.0,Yes,Hybrid,Chennai,Large,Married,6.0,81.0,3,No,703964,255034,
1505,Randy Williams,48.0,Male,Bachelor's,Research,Data Engineer,3.0,3.0,No,Office,Jaipur,Large,Single,10.0,81.0,2,No,135283,126458,
487,James Ramos,30.0,Male,Bachelor's,IT,Software Engineer,1.0,1.0,No,Office,Kolkata,Enterprise,Married,8.0,69.0,0,No,20432,109333,
371,Diane Baker,25.0,Male,Diploma,Sales,Marketing Manager,3.0,5.0,Yes,Office,Kolkata,Medium,Single,4.0,98.0,1,No,176635,119695,
280,Jacob Sherman,55.0,Male,Diploma,Sales,Database Administrator,4.0,4.0,No,Remote,Bangalore,Enterprise,Single,10.0,52.0,4,Yes,168955,129155,
295,Jessica Murphy,45.0,Female,Bachelor's,HR,Network Engineer,17.0,4.0,No,Office,Indore,Medium,Married,0.0,43.0,13,No,145849,145881,
1718,Tanya Chavez,46.0,Male,Bachelor's,HR,Sales Executive,25.0,4.0,No,Hybrid,Jaipur,Large,Married,8.0,44.0,6,Yes,33496,160367,
2470,Christian Higgins,39.0,Male,Bachelor's,,Backend Developer,16.0,3.0,Yes,Hybrid,Hyderabad,Medium,Single,5.0,40.0,15,Yes,102186,155531,
317,Rachel Gonzales,56.0,Female,Diploma,,HR Manager,5.0,2.0,Yes,Hybrid,Pune,Large,Single,4.0,82.0,4,No,53686,106451,
3929,Daniel Davidson,45.0,Male,Bachelor's,Operations,Cloud Engineer,4.0,1.0,Yes,Office,Pune,Medium,Single,8.0,59.0,3,No,132111,123051,
3456,Jeffrey Flores,45.0,Male,Master's,Legal,DevOps Engineer,,5.0,No,Office,Faridabad,Startup,Married,7.0,99.0,2,No,183830,126094,
2446,Keith Mckay,38.0,Female,Diploma,Research,Sales Manager,6.0,3.0,No,Hybrid,Indore,Startup,Single,,42.0,3,Yes,77812,104898,
3604,Debbie Franklin MD,52.0,Female,Diploma,Legal,Marketing Manager,22.0,,Yes,Office,Bangalore,Large,Single,4.0,51.0,16,Yes,76361,177549,
2464,Danielle Estrada,34.0,Female,Diploma,,Accountant,4.0,,No,Hybrid,Jaipur,Large,Single,6.0,83.0,2,No,104027,106814,
3357,Michael Rodriguez,38.0,Male,Master's,IT,Sales Manager,13.0,3.0,Yes,Hybrid,Kolkata,Large,Single,0.0,80.0,13,No,131559,148136,
315,Bonnie Zimmerman,37.0,Female,High School,Sales,Sales Executive,15.0,2.0,No,Office,Mumbai,Medium,Married,2.0,80.0,4,Yes,86985,118166,
1140,Sandra Roberts,29.0,Female,Diploma,Legal,Frontend Developer,2.0,3.0,Yes,Hybrid,Bangalore,Enterprise,Single,5.0,73.0,2,Yes,80051,120776,
4867,William Peters,31.0,Male,Bachelor's,Customer Support,Finance Analyst,10.0,1.0,No,Hybrid,Delhi,Enterprise,Married,9.0,82.0,8,No,123792,274470,
2159,Beth Green,42.0,Female,Bachelor's,Administration,Data Analyst,17.0,4.0,No,Hybrid,Faridabad,Enterprise,Single,4.0,100.0,0,Yes,20791,157233,
3421,Scott Taylor,39.0,Male,Bachelor's,Operations,Product Manager,13.0,3.0,No,Remote,Jaipur,Large,Single,5.0,96.0,9,No,140247,171464,
2675,Daniel Fritz,56.0,Male,Bachelor's,Administration,Data Engineer,16.0,4.0,No,Office,Hyderabad,Large,Single,,66.0,7,No,107768,161341,
4384,Linda Hughes,47.0,Female,Bachelor's,IT,ML Engineer,11.0,1.0,Yes,Hybrid,Noida,Enterprise,Single,7.0,92.0,8,No,89685,163503,
658,Timothy Campbell,22.0,Male,Master's,Marketing,Cloud Engineer,2.0,5.0,Yes,Office,Hyderabad,Medium,Single,2.0,54.0,1,No,184340,127592,
1992,Donna Perkins,42.0,Female,Diploma,,Sales Manager,13.0,1.0,No,,Hyderabad,Enterprise,Single,10.0,87.0,8,Yes,199056,155390,
1060,John Carter,32.0,Female,Diploma,IT,DevOps Engineer,3.0,5.0,Yes,Office,Faridabad,Large,Married,,55.0,0,No,93513,118681,
1287,Dana Shepherd,46.0,Female,High School,Operations,Cloud Engineer,26.0,3.0,Yes,Remote,Bangalore,Enterprise,Single,6.0,68.0,1,No,95596,178879,
502,Kristen Olsen,48.0,Female,Bachelor's,,Backend Developer,28.0,5.0,Yes,Office,Noida,Medium,Married,6.0,93.0,0,No,79155,187667,
2826,William Sharp,52.0,Female,Bachelor's,Legal,Project Manager,27.0,5.0,Yes,Hybrid,Faridabad,Enterprise,Married,5.0,55.0,10,No,179010,591702,
3726,Christine Ward,31.0,Female,Diploma,HR,Full Stack Developer,10.0,2.0,Yes,Hybrid,Mumbai,Large,Married,4.0,49.0,0,No,80739,126915,
3181,Randy Vargas,55.0,Female,Diploma,Finance,ML Engineer,4.0,1.0,No,Remote,Ahmedabad,Enterprise,Married,4.0,62.0,4,No,50207,125386,
2532,Scott Carpenter,49.0,Female,High School,Research,ML Engineer,24.0,2.0,No,,Faridabad,Startup,Married,9.0,63.0,8,No,117029,174561,
481,William Young,24.0,Male,Master's,HR,Network Engineer,1.0,1.0,No,Hybrid,Gurgaon,Startup,Married,0.0,100.0,1,No,72726,99489,
230,Joseph Lee,48.0,Male,Diploma,Finance,Sales Executive,4.0,4.0,No,Remote,Chennai,Large,Married,10.0,71.0,2,No,39610,103249,
2828,Scott Jones,40.0,Male,Bachelor's,,Frontend Developer,12.0,4.0,No,Hybrid,Gurgaon,Large,Married,7.0,71.0,8,No,115256,127740,
100,Sydney Andrade,24.0,Female,Master's,Research,Marketing Executive,2.0,3.0,No,Office,Lucknow,Medium,Single,0.0,51.0,1,No,160180,98340,
82,Victoria Nelson,53.0,Male,Bachelor's,Finance,Cyber Security Analyst,5.0,2.0,Yes,Office,Noida,Enterprise,Single,8.0,78.0,4,No,43411,145615,
3243,Jeremiah Dyer,37.0,Female,Bachelor's,Marketing,Software Engineer,6.0,2.0,Yes,Remote,Mumbai,Medium,Single,6.0,,3,Yes,120637,123138,
3667,Cameron Morrow,26.0,Female,Master's,Marketing,Data Scientist,3.0,3.0,No,Hybrid,Jaipur,Medium,Married,2.0,73.0,1,No,23542,129995,
1351,Sarah Wong,49.0,Female,Bachelor's,Finance,Software Engineer,4.0,5.0,No,Hybrid,Mumbai,Medium,Single,4.0,59.0,3,No,61866,107721,
1310,Sandra Herrera,60.0,Male,Master's,Finance,ML Engineer,33.0,5.0,No,Hybrid,Pune,Startup,Married,7.0,87.0,15,No,121245,212075,
3925,Danielle Andrews,48.0,Male,Diploma,Operations,Data Scientist,13.0,5.0,No,Office,Kolkata,Large,Single,1.0,98.0,8,Yes,110943,156317,
1389,Valerie Freeman,37.0,Male,Bachelor's,Marketing,HR Manager,5.0,4.0,No,Office,Kolkata,Large,Single,2.0,71.0,4,No,138071,112705,
793,Kelly Morgan,54.0,Female,Bachelor's,Sales,Database Administrator,16.0,4.0,Yes,Hybrid,Hyderabad,Enterprise,Divorced,0.0,93.0,9,No,29815,158916,
4731,Julia Ware,25.0,Male,High School,,Sales Manager,5.0,3.0,No,Office,Bangalore,Startup,Married,2.0,98.0,5,No,115895,95900,
3524,Austin Bell,57.0,Male,High School,Finance,Accountant,2.0,,No,Hybrid,Ghaziabad,Medium,Single,4.0,81.0,0,No,64077,78775,
3149,Steven Barton,,Male,Bachelor's,Finance,Marketing Manager,21.0,4.0,Yes,Office,Indore,Startup,Married,8.0,74.0,9,No,32487,170930,
237,Jeffrey Ramos,44.0,Male,High School,Customer Support,Cyber Security Analyst,23.0,4.0,No,Office,Bangalore,Large,Single,7.0,74.0,11,No,197597,165945,
1142,Jonathan Brock,36.0,Male,High School,Operations,Sales Manager,2.0,3.0,No,Remote,Noida,Large,Single,5.0,66.0,2,No,118893,94914,
4042,Jason Mccarty,37.0,Male,Bachelor's,Research,ML Engineer,6.0,4.0,No,Office,Gurgaon,Medium,Single,7.0,,2,No,194242,142455,
4923,Renee Larson,30.0,Female,Diploma,Research,Accountant,7.0,4.0,No,Remote,Kolkata,Startup,Married,7.0,95.0,4,No,22441,99660,
28,Richard Zimmerman,55.0,Male,Bachelor's,Sales,Project Manager,29.0,1.0,Yes,Remote,Delhi,Startup,Divorced,2.0,51.0,8,No,71934,171852,
4100,Victoria Owens,53.0,Male,Diploma,IT,Database Administrator,32.0,2.0,No,Office,Indore,Large,Married,9.0,99.0,5,No,164973,176910,
864,David Lucero,54.0,Female,,,Data Scientist,12.0,5.0,Yes,Office,Hyderabad,Large,Divorced,9.0,62.0,3,No,130191,165660,
1848,Stephanie Simpson,49.0,Male,PhD,Sales,Sales Manager,,4.0,No,Hybrid,Pune,Startup,Married,8.0,59.0,2,No,133052,136433,
4706,Daniel Jones,47.0,Female,Master's,HR,Backend Developer,7.0,2.0,No,Remote,Pune,Enterprise,Single,0.0,69.0,3,Yes,53790,146681,
2626,Laura Mendoza,36.0,Male,Bachelor's,,Full Stack Developer,1.0,4.0,No,Office,Noida,Large,Divorced,4.0,75.0,1,No,27403,109553,
1451,Amber Ortiz,41.0,Female,Master's,Marketing,Software Engineer,21.0,3.0,No,Office,Jaipur,Large,Single,8.0,60.0,1,No,54018,164296,
467,Thomas Richardson,44.0,Male,Diploma,Sales,Software Engineer,24.0,1.0,No,Remote,Hyderabad,Enterprise,Single,7.0,55.0,15,No,97116,165723,
4496,Lisa Powers,42.0,Female,Bachelor's,IT,Marketing Executive,,4.0,No,Remote,Faridabad,Startup,Married,6.0,43.0,2,No,153146,103588,
2221,Jeffrey Christensen,24.0,Male,Diploma,Research,Marketing Executive,2.0,1.0,Yes,Remote,Pune,Startup,Single,,63.0,2,No,167966,81943,
4571,Emily Pearson,54.0,Female,Diploma,HR,ML Engineer,15.0,1.0,No,Hybrid,Ghaziabad,Medium,Single,1.0,45.0,15,No,75564,138625,
1802,Donald Rios,58.0,Male,Bachelor's,Customer Support,Software Engineer,33.0,5.0,Yes,Remote,Noida,Enterprise,Married,9.0,79.0,20,Yes,20177,229648,
3507,Barbara Calderon,24.0,Male,Bachelor's,HR,Data Analyst,4.0,2.0,Yes,Office,Noida,Enterprise,Single,2.0,40.0,0,No,42067,107547,
4147,Julie Riggs,29.0,Female,Master's,Marketing,HR Manager,0.0,,No,Office,Gurgaon,Large,Single,10.0,42.0,0,No,112133,107514,
2130,Alan Bolton,23.0,Female,Bachelor's,IT,Marketing Manager,0.0,1.0,Yes,Office,Jaipur,Startup,Single,3.0,42.0,0,No,189169,92999,
1896,Levi Dominguez,35.0,Female,Master's,Administration,ML Engineer,9.0,4.0,Yes,Hybrid,Gurgaon,Enterprise,Divorced,0.0,51.0,9,Yes,151961,186470,
2211,Jared Lewis,47.0,Male,High School,Administration,DevOps Engineer,12.0,1.0,No,Office,Bangalore,Medium,Single,0.0,51.0,4,No,153264,110424,
3502,Tracy Stevens,43.0,Male,Master's,HR,Data Scientist,10.0,1.0,Yes,Office,Hyderabad,Medium,Divorced,10.0,,5,No,84040,167493,
668,Steven Mejia,37.0,Male,Bachelor's,Customer Support,Network Engineer,15.0,3.0,Yes,Hybrid,Ahmedabad,Enterprise,Married,7.0,96.0,1,No,29404,166969,
2240,Dennis Pollard,50.0,Male,Bachelor's,Legal,ML Engineer,24.0,2.0,No,Office,Delhi,Medium,Divorced,8.0,47.0,17,No,181699,184216,
3598,Adrienne Johnson,45.0,Female,PhD,Research,Full Stack Developer,10.0,1.0,No,Office,Bangalore,Medium,Single,6.0,55.0,10,No,28670,147010,
4694,Kimberly Francis,36.0,Female,Diploma,Operations,Full Stack Developer,15.0,4.0,No,Remote,Faridabad,Enterprise,Single,0.0,85.0,0,Yes,105337,161887,
319,Heidi Evans,26.0,Female,High School,Administration,Software Engineer,,1.0,Yes,Hybrid,Hyderabad,Startup,Married,6.0,,2,No,98282,88327,
3632,Zachary Smith,44.0,Female,Master's,Finance,Network Engineer,21.0,4.0,No,Hybrid,Noida,Enterprise,Married,5.0,56.0,8,No,44077,179109,
702,Tara French,36.0,Male,Bachelor's,Customer Support,Software Engineer,16.0,1.0,Yes,Hybrid,Bangalore,Large,Married,,54.0,5,No,80611,138699,
4072,Zoe Rose,60.0,Female,Bachelor's,Sales,HR Manager,27.0,4.0,Yes,Office,Gurgaon,Medium,Married,6.0,81.0,17,No,27213,159833,
971,Emily Wallace,21.0,Female,Master's,,Data Scientist,1.0,4.0,No,Office,Indore,Medium,Single,1.0,57.0,0,Yes,146861,135504,
2523,Leslie Ramsey,28.0,Female,Bachelor's,Operations,Data Scientist,3.0,2.0,No,Hybrid,Gurgaon,Large,Single,9.0,73.0,3,No,117218,132101,
1955,Miguel Russell,36.0,Female,,Marketing,QA Engineer,5.0,1.0,No,Hybrid,Kolkata,Large,Married,3.0,58.0,4,No,125617,83660,
996,Bruce Harris,51.0,Female,Bachelor's,HR,QA Engineer,18.0,3.0,Yes,Office,Ghaziabad,Medium,Married,,82.0,0,No,157095,131847,
4684,Benjamin Kelly,29.0,Male,Bachelor's,HR,Project Manager,0.0,4.0,No,Hybrid,Chennai,Large,Married,8.0,81.0,0,No,86292,125830,
1290,Victoria Cox,49.0,Female,High School,Customer Support,ML Engineer,22.0,5.0,No,Office,Pune,Medium,Divorced,8.0,83.0,12,No,181754,188206,
1134,Dennis Golden,53.0,Female,Master's,Sales,Data Analyst,7.0,5.0,Yes,Hybrid,Hyderabad,Medium,Single,10.0,52.0,6,Yes,79701,141373,
853,Amy Davis,41.0,Male,Diploma,Marketing,Software Engineer,19.0,1.0,Yes,Remote,Gurgaon,Large,Married,0.0,45.0,4,No,55788,139615,
4884,Brandon Garcia,50.0,Male,Master's,Operations,HR Executive,5.0,5.0,No,Hybrid,Bangalore,Large,Single,0.0,,4,No,46005,112388,
3879,Brett Lee,34.0,Female,High School,Administration,Project Manager,3.0,3.0,No,Hybrid,Chennai,Large,Married,,81.0,1,No,189663,106610,
4732,Dana James,59.0,Male,Bachelor's,Legal,Network Engineer,14.0,5.0,No,,Indore,Large,Single,5.0,57.0,4,Yes,127472,157554,
2852,Daniel Rivera,50.0,Male,Bachelor's,HR,Cloud Engineer,8.0,2.0,Yes,Office,Pune,Large,Single,0.0,73.0,1,No,196902,138161,
4557,Mr. Brent Rowland,33.0,Female,PhD,IT,Business Analyst,11.0,5.0,No,Remote,Mumbai,Large,Married,1.0,66.0,0,No,95695,163797,
4758,Mindy Smith,21.0,Female,PhD,IT,Marketing Executive,,2.0,Yes,Hybrid,Ahmedabad,Medium,Single,1.0,47.0,0,Yes,81337,127863,
2307,Jason Zuniga,38.0,Female,Bachelor's,Sales,QA Engineer,9.0,1.0,Yes,Hybrid,Jaipur,Large,Married,5.0,49.0,2,No,99283,113094,
4650,Robert Bailey,47.0,Male,High School,IT,Project Manager,16.0,4.0,Yes,Office,Noida,Startup,Married,8.0,87.0,10,No,124050,154061,
4135,Ann Meyer,25.0,Female,Master's,Administration,Cyber Security Analyst,,3.0,No,Hybrid,Mumbai,Large,Single,8.0,79.0,0,Yes,151202,151442,
3970,Scott Payne,53.0,Male,Bachelor's,Research,Data Scientist,14.0,3.0,Yes,Office,Hyderabad,Medium,Married,5.0,55.0,14,No,39847,160868,
3842,Wayne Cochran Jr.,,Female,,HR,QA Engineer,3.0,4.0,No,Office,Noida,Large,Married,8.0,62.0,0,No,121029,123074,
1875,Donald Rose,45.0,Male,Bachelor's,Sales,Frontend Developer,9.0,1.0,Yes,Remote,Chennai,Medium,Married,0.0,100.0,3,No,166485,113848,
2662,Richard Chambers,41.0,Male,Bachelor's,IT,Marketing Executive,12.0,3.0,No,Office,Mumbai,Medium,Single,2.0,90.0,3,No,101578,116907,
3909,Michael Gould,50.0,Male,Master's,Administration,Software Engineer,11.0,5.0,Yes,Hybrid,Delhi,Medium,Married,8.0,59.0,9,Yes,32811,166284,
13,Christina Sanchez,,Male,Diploma,Legal,Project Manager,9.0,1.0,No,Office,Delhi,Startup,Married,4.0,71.0,6,No,137858,114629,
3294,Matthew Burke,58.0,Male,Bachelor's,Sales,Software Engineer,23.0,1.0,No,Remote,Kolkata,Medium,Married,10.0,65.0,7,No,76572,165564,
363,Brian Mercer,32.0,Female,Master's,Legal,HR Executive,6.0,4.0,No,Office,Gurgaon,Large,Single,6.0,73.0,5,No,179788,117238,
1552,Jessica Cardenas,29.0,Female,Bachelor's,IT,Sales Executive,0.0,2.0,No,Remote,Indore,Startup,Married,9.0,60.0,0,No,83708,73478,
3178,Austin Coleman,,Female,High School,Legal,Data Scientist,27.0,1.0,No,Hybrid,Kolkata,Large,Married,9.0,80.0,11,Yes,148504,181880,
2050,Joseph Harris,28.0,Male,Diploma,Research,Marketing Manager,5.0,5.0,Yes,Remote,Hyderabad,Startup,Married,2.0,75.0,2,Yes,37227,115998,
4074,Dr. Daniel Lopez,34.0,Female,Bachelor's,Customer Support,Product Manager,4.0,4.0,Yes,Hybrid,Indore,Startup,Single,7.0,69.0,2,No,95857,131748,
594,Megan Ali,31.0,Male,Diploma,Legal,Product Manager,9.0,5.0,No,Remote,Mumbai,Startup,Single,9.0,95.0,5,Yes,45816,159032,
1840,Robert Riley,39.0,Male,Bachelor's,Marketing,Database Administrator,14.0,1.0,Yes,Hybrid,Hyderabad,Large,Married,7.0,57.0,9,No,37900,139628,
4651,Samantha Lopez,57.0,Male,Diploma,Research,Product Manager,25.0,1.0,Yes,Hybrid,Ahmedabad,Enterprise,Single,8.0,72.0,15,No,161582,193319,
789,Adam Zimmerman,56.0,Female,Master's,Customer Support,Sales Executive,26.0,5.0,Yes,Office,Hyderabad,Medium,Married,6.0,97.0,17,No,47025,193970,
3273,John Weaver III,31.0,Female,Diploma,Sales,Network Engineer,8.0,4.0,No,Remote,Jaipur,Medium,Single,4.0,71.0,4,Yes,70271,119247,
1203,Rebekah Bush,35.0,Female,Master's,Customer Support,Sales Executive,3.0,2.0,No,Office,Pune,Startup,Married,5.0,42.0,0,No,85270,87326,
1620,Joel Steele,29.0,Male,Bachelor's,Operations,Data Scientist,7.0,5.0,No,Office,Bangalore,Medium,Single,8.0,,7,No,93299,143229,
2156,Tyler Taylor,35.0,Female,Bachelor's,Operations,Business Analyst,1.0,1.0,No,Remote,Delhi,Large,Married,10.0,88.0,0,No,41150,103476,
1923,Kristen Duran,48.0,Female,Master's,Administration,Frontend Developer,8.0,4.0,No,,Noida,Startup,Single,1.0,61.0,1,No,117005,114377,
342,Terri Curtis,22.0,Female,Master's,,Network Engineer,1.0,4.0,No,Hybrid,Lucknow,Medium,Married,5.0,55.0,0,Yes,53313,119977,
1667,Cynthia Smith,49.0,Male,,Legal,Cloud Engineer,1.0,5.0,No,Remote,Ahmedabad,Large,Single,6.0,62.0,0,No,141314,121191,
3446,James Hayes,38.0,Female,Master's,Customer Support,QA Engineer,13.0,1.0,Yes,,Noida,Large,Single,2.0,47.0,4,No,57080,132980,
3594,Paul Schultz,31.0,Female,Diploma,IT,Network Engineer,7.0,4.0,Yes,Office,Faridabad,Large,Single,0.0,67.0,3,Yes,78759,124167,
3016,Sean Reyes,47.0,Male,,IT,Project Manager,3.0,4.0,Yes,Hybrid,Hyderabad,Medium,Married,,76.0,1,No,20749,121562,
3054,Dustin Johnson,46.0,Female,High School,Sales,Data Analyst,3.0,1.0,Yes,Office,Ahmedabad,Startup,Single,,93.0,3,Yes,46287,93997,
1918,Kayla Simon,23.0,Female,Bachelor's,Administration,Sales Executive,1.0,2.0,No,Office,Hyderabad,Medium,Single,4.0,98.0,1,No,167564,84612,
4256,Phillip Williams,22.0,Male,,HR,Database Administrator,2.0,1.0,No,Hybrid,Ghaziabad,Medium,Married,0.0,54.0,0,Yes,79785,113043,
23,Christian Landry,59.0,Female,Master's,Finance,QA Engineer,4.0,2.0,No,Hybrid,Mumbai,Medium,Single,0.0,69.0,3,Yes,63919,109791,
530,Michael Peterson,52.0,Male,Master's,Sales,Frontend Developer,19.0,1.0,Yes,Hybrid,Pune,Startup,Married,4.0,62.0,12,No,184512,147024,
3818,Tina Wilson,43.0,Female,Bachelor's,IT,Accountant,11.0,2.0,No,Hybrid,Delhi,Large,Married,9.0,61.0,11,No,111241,123425,
3369,Tyler Callahan,45.0,Male,Master's,Customer Support,HR Executive,22.0,5.0,No,Hybrid,Gurgaon,Enterprise,Single,3.0,83.0,0,No,145635,169260,
2155,Sabrina Gutierrez,38.0,Male,Diploma,Sales,Cyber Security Analyst,13.0,5.0,Yes,Office,Bangalore,Medium,Single,7.0,69.0,3,No,168490,145149,
3086,Paul Gray,39.0,Female,PhD,Administration,Cyber Security Analyst,8.0,5.0,Yes,Office,Kolkata,Large,Married,,50.0,1,No,183979,178430,
4913,Rachael Reyes MD,53.0,Female,Diploma,Administration,Accountant,1.0,3.0,Yes,Hybrid,Mumbai,Medium,Single,8.0,92.0,0,No,145168,94762,
4140,Alexander Knight,41.0,Male,Bachelor's,Administration,Data Analyst,7.0,2.0,Yes,Office,Delhi,Medium,Single,5.0,64.0,2,Yes,124225,120214,
690,Robert Chaney,34.0,Female,High School,Legal,ML Engineer,13.0,,No,Office,Indore,Large,Single,9.0,,7,No,172402,136668,
2423,Kyle Thomas,41.0,Female,Bachelor's,Sales,Full Stack Developer,19.0,2.0,Yes,,Lucknow,Medium,Single,8.0,94.0,15,No,102644,162342,
2538,Danielle Harrington,23.0,Female,Bachelor's,Operations,QA Engineer,0.0,1.0,No,Hybrid,Gurgaon,Large,Single,,78.0,0,No,488661,271029,
2422,Gabriel Brady,58.0,Male,Bachelor's,HR,Product Manager,17.0,3.0,Yes,Office,Jaipur,Medium,Married,0.0,41.0,7,Yes,27586,173162,
2419,Ricardo Bailey,35.0,Female,Bachelor's,Finance,Accountant,3.0,2.0,Yes,Hybrid,Bangalore,Enterprise,Single,9.0,55.0,0,No,46176,110876,
709,Laura Hernandez,44.0,Female,Diploma,Research,Frontend Developer,,4.0,Yes,Office,Pune,Enterprise,Divorced,9.0,56.0,3,No,177557,123071,
4477,Teresa Dixon,39.0,Male,Master's,,Business Analyst,0.0,2.0,No,Hybrid,Jaipur,Large,Married,2.0,69.0,0,No,50529,103667,
2640,Justin Carter,,Female,Bachelor's,HR,Frontend Developer,1.0,,No,Hybrid,Noida,Large,Single,4.0,88.0,0,No,149575,108710,
4844,Robert Shaw,59.0,Male,Diploma,Legal,Business Analyst,3.0,5.0,Yes,Office,Gurgaon,Medium,Single,2.0,40.0,1,No,134649,102472,
3069,Crystal Sanders,43.0,Male,Bachelor's,Sales,Cloud Engineer,12.0,,No,Office,Faridabad,Large,Single,2.0,88.0,8,No,133933,144509,
739,Carmen Turner,52.0,Female,PhD,HR,Backend Developer,20.0,4.0,Yes,Hybrid,Hyderabad,Startup,Married,2.0,52.0,14,No,130572,191715,
4167,Sharon Jones,23.0,Male,Master's,HR,Cloud Engineer,0.0,3.0,No,Office,Lucknow,Medium,Single,5.0,58.0,0,No,37955,116064,
579,William Duncan,32.0,Male,Master's,Legal,QA Engineer,4.0,4.0,No,Office,Ahmedabad,Medium,Married,9.0,55.0,1,No,53826,109722,
3982,Megan Murphy,43.0,Female,Bachelor's,IT,Network Engineer,18.0,4.0,Yes,Hybrid,Indore,Large,Single,9.0,,6,No,127770,168694,
3066,Michael Maxwell,60.0,Female,Bachelor's,Sales,Cloud Engineer,9.0,3.0,Yes,Remote,Chennai,Medium,Married,3.0,64.0,6,Yes,768540,895524,
1614,Kim Levine,49.0,Female,Bachelor's,IT,Sales Manager,29.0,5.0,No,Hybrid,Kolkata,Large,Married,10.0,71.0,7,Yes,142879,194292,
4137,Christina Carter,53.0,Female,Diploma,Sales,Marketing Executive,13.0,2.0,No,Hybrid,Pune,Medium,Married,8.0,100.0,9,No,80177,120527,
4063,Sarah Carlson,39.0,Male,Bachelor's,Sales,ML Engineer,13.0,2.0,No,Hybrid,Delhi,Enterprise,Single,,98.0,11,No,21686,169730,
889,Katie Smith,45.0,Male,Bachelor's,,Frontend Developer,,3.0,Yes,Hybrid,Pune,Enterprise,Single,,58.0,7,Yes,44256,194604,
528,Charlotte Krause,,Male,High School,Operations,Frontend Developer,26.0,4.0,No,Remote,Jaipur,Medium,Married,9.0,72.0,18,No,121334,148274,
1401,Christopher King,58.0,Male,PhD,Operations,Sales Manager,6.0,3.0,No,,Hyderabad,Medium,Married,7.0,83.0,2,No,194746,159482,
4972,Robert Jenkins,27.0,Male,,Finance,Marketing Executive,,5.0,No,Office,Hyderabad,Large,Single,3.0,95.0,3,Yes,149950,136799,
977,Kristin Stevens,30.0,Male,Bachelor's,,Finance Analyst,,2.0,No,Remote,Faridabad,Large,Single,1.0,55.0,9,No,173507,111236,
1962,Kelly Gonzalez,50.0,Female,Master's,Marketing,Software Engineer,8.0,3.0,No,Hybrid,Ahmedabad,Enterprise,Single,0.0,76.0,7,No,74490,137809,
3490,Emily Smith,22.0,Male,Bachelor's,Sales,Software Engineer,2.0,2.0,Yes,,Mumbai,Startup,Married,8.0,84.0,2,No,78643,101614,
3398,Heather Cabrera PhD,53.0,Male,Diploma,HR,Database Administrator,33.0,4.0,No,Office,Noida,Startup,Single,3.0,70.0,4,No,30369,183557,
1388,Jacqueline Nguyen,55.0,Female,Master's,Sales,Marketing Manager,12.0,1.0,No,Remote,Jaipur,Medium,Single,3.0,71.0,8,No,182204,137448,
535,Steven Mahoney,23.0,Male,Bachelor's,Research,HR Manager,3.0,4.0,No,Office,Kolkata,Startup,Married,8.0,62.0,3,Yes,163635,116581,
1539,Jeffery Osborne,57.0,Male,Master's,Research,Database Administrator,3.0,5.0,No,Office,Jaipur,Startup,Married,3.0,100.0,2,Yes,154822,132952,
618,Tamara Richard,47.0,Male,Bachelor's,Finance,Accountant,8.0,4.0,Yes,Office,Pune,Medium,Single,10.0,71.0,4,No,184721,114616,
4184,Kyle Carter,59.0,Female,Master's,Finance,Cloud Engineer,20.0,3.0,Yes,,Hyderabad,Medium,Married,3.0,79.0,10,No,84464,183264,
4672,William Burke,21.0,Female,Master's,,Project Manager,0.0,3.0,No,,Kolkata,Medium,Married,1.0,82.0,0,Yes,40990,126876,
4562,Christine Horne,34.0,Female,Master's,Operations,Sales Manager,6.0,4.0,No,Hybrid,Faridabad,Medium,Single,2.0,87.0,2,No,40315,131714,
1773,Alice Reeves,60.0,Female,Bachelor's,IT,Sales Manager,6.0,5.0,No,Remote,Noida,Large,Married,1.0,48.0,5,No,40881,115947,
4158,Abigail Kaiser,53.0,Female,PhD,Administration,Data Scientist,5.0,1.0,Yes,Remote,Jaipur,Medium,Married,5.0,48.0,2,No,159528,153513,
68,Nancy Howe,50.0,Female,Diploma,Marketing,QA Engineer,5.0,3.0,No,Office,Chennai,Large,Married,7.0,58.0,4,No,87957,104420,
3602,Robin Thompson,56.0,Female,Bachelor's,Legal,Frontend Developer,29.0,1.0,Yes,Office,Lucknow,Large,Divorced,8.0,97.0,8,Yes,32980,207224,
1997,Jeffrey Burke,52.0,Male,Bachelor's,Legal,Frontend Developer,0.0,1.0,Yes,Hybrid,Noida,Large,Married,2.0,69.0,0,No,156814,91843,
2824,Lisa Higgins,53.0,Female,Diploma,,HR Executive,13.0,4.0,No,Office,Hyderabad,Medium,Single,,75.0,3,No,191765,99792,
3020,Christina Wiggins,39.0,Male,Bachelor's,Research,Marketing Manager,14.0,1.0,Yes,Hybrid,Ahmedabad,Enterprise,Married,5.0,50.0,9,No,36965,155122,
601,Katrina Valdez,28.0,Male,Master's,Legal,Cyber Security Analyst,8.0,4.0,No,Office,Jaipur,Large,Married,2.0,40.0,2,No,78499,140099,
4284,Ashley King,32.0,Male,High School,Administration,Data Analyst,11.0,5.0,No,Remote,Pune,Startup,Married,3.0,49.0,0,Yes,190864,122380,
4918,Kimberly Mitchell,57.0,Female,Bachelor's,Finance,ML Engineer,24.0,5.0,No,Hybrid,Bangalore,Startup,Married,8.0,89.0,13,No,91651,176081,
3950,Robert Gordon,47.0,Male,PhD,Marketing,QA Engineer,17.0,2.0,No,Office,Kolkata,Medium,Married,,87.0,7,No,74867,172398,
1837,Andrew Smith,59.0,Female,High School,,Cyber Security Analyst,24.0,4.0,No,Office,Pune,Medium,Married,0.0,88.0,14,No,51475,155138,
4570,Patricia Jarvis,36.0,Male,Bachelor's,,QA Engineer,9.0,2.0,No,Remote,Noida,Enterprise,Single,6.0,64.0,7,Yes,175518,134005,
2792,Danielle Taylor,39.0,Female,Diploma,Sales,DevOps Engineer,3.0,4.0,No,Office,Delhi,Enterprise,Married,3.0,58.0,1,No,26133,120863,
1003,Jason Shaffer,58.0,Female,Bachelor's,HR,Marketing Manager,6.0,2.0,No,Hybrid,Mumbai,Startup,Married,3.0,67.0,6,Yes,46093,118656,
3954,Jeffrey Adams,59.0,Male,Bachelor's,Sales,Frontend Developer,31.0,1.0,No,Remote,Hyderabad,Medium,Married,9.0,91.0,7,No,195904,170975,
3895,Timothy Yu,43.0,Female,High School,Finance,Data Engineer,23.0,3.0,No,Office,Hyderabad,Medium,Single,10.0,69.0,13,No,94244,161002,
4244,Amy Davis,43.0,Female,Bachelor's,Customer Support,Project Manager,12.0,4.0,Yes,Hybrid,Ahmedabad,Large,Single,1.0,96.0,9,No,172123,162907,
4842,Joel Johnston,60.0,Female,Bachelor's,Finance,Sales Executive,20.0,1.0,Yes,Office,Gurgaon,Large,Single,5.0,68.0,7,No,90936,150023,
1538,Sharon Clark,41.0,Female,Master's,Sales,Database Administrator,7.0,2.0,No,Hybrid,Chennai,Medium,Single,1.0,54.0,7,No,55287,118975,
1021,Alexander Mitchell,59.0,Female,,Finance,Backend Developer,6.0,1.0,Yes,Hybrid,Chennai,Enterprise,Single,5.0,77.0,0,Yes,190134,176901,
3302,Kristen Rivera,34.0,Male,Bachelor's,Legal,Database Administrator,6.0,3.0,No,Hybrid,Indore,Large,Married,0.0,55.0,3,No,110033,116255,
4309,Glen Santiago,23.0,Female,Bachelor's,Marketing,Project Manager,1.0,1.0,Yes,Hybrid,Chennai,Medium,Married,0.0,75.0,1,No,183425,106924,
3163,Alexis Nash,51.0,Female,High School,Marketing,Finance Analyst,24.0,,Yes,Office,Mumbai,Startup,Single,10.0,,14,No,174474,150419,
2177,Bryan Miller,51.0,Male,Bachelor's,Marketing,QA Engineer,26.0,3.0,No,Office,Faridabad,Medium,Married,0.0,81.0,3,No,28377,152473,
4071,Bradley Mora,27.0,Male,Master's,Finance,Network Engineer,1.0,4.0,No,Office,Ahmedabad,Large,Single,3.0,69.0,1,No,68637,117469,
1392,Tommy Bates,27.0,Female,Bachelor's,IT,Database Administrator,0.0,3.0,No,Office,Faridabad,Large,Single,3.0,46.0,0,No,166081,95807,
3685,Angela Smith,22.0,Male,Bachelor's,Operations,Frontend Developer,2.0,1.0,No,Hybrid,Hyderabad,Medium,Married,6.0,40.0,1,No,161159,81247,
2943,Rhonda Carr,43.0,Male,Diploma,Finance,Data Engineer,6.0,1.0,Yes,Hybrid,Bangalore,Large,Married,9.0,78.0,0,Yes,104877,141446,
4785,Rachel Meyers,54.0,Female,Bachelor's,Marketing,HR Executive,,2.0,Yes,Office,Pune,Medium,Married,3.0,67.0,1,Yes,312302,221338,
3094,Rachel Daniels,54.0,Female,Diploma,Research,Product Manager,7.0,3.0,No,Office,Hyderabad,Medium,Single,2.0,53.0,3,No,152306,120453,
799,Jacob Welch,22.0,Male,Bachelor's,Finance,Cyber Security Analyst,2.0,,No,Office,Ghaziabad,Large,Married,6.0,47.0,2,No,191783,110965,
4811,Anita Parks,38.0,Female,Bachelor's,Administration,QA Engineer,0.0,4.0,Yes,Office,Noida,Medium,Single,,59.0,0,Yes,119881,103326,
3986,Matthew Johnson,52.0,Female,Bachelor's,Sales,Network Engineer,5.0,2.0,No,,Lucknow,Enterprise,Married,8.0,68.0,0,No,135679,127956,
4119,Jennifer Church,34.0,Male,High School,Sales,Frontend Developer,6.0,4.0,No,Office,Chennai,Medium,Single,7.0,46.0,0,No,108200,98072,
2560,Kathryn Davis,26.0,Female,Bachelor's,Sales,Backend Developer,5.0,3.0,No,,Ghaziabad,Large,Married,1.0,79.0,2,Yes,108490,118274,
3052,Andrew Perez,21.0,Female,Bachelor's,Sales,Marketing Executive,0.0,3.0,Yes,Remote,Lucknow,Medium,Single,10.0,59.0,0,No,208173,285204,
4090,Stephanie Curry,57.0,Female,Bachelor's,IT,HR Manager,21.0,2.0,No,Remote,Jaipur,Medium,Married,2.0,41.0,12,No,175921,145011,
992,Jason Moore,30.0,Female,Bachelor's,,Data Scientist,1.0,4.0,Yes,,Faridabad,Startup,Married,1.0,73.0,1,No,25277,114720,
2534,Lisa Wilkinson,44.0,Male,Bachelor's,Research,Finance Analyst,3.0,4.0,No,Office,Gurgaon,Medium,Married,6.0,,3,No,119729,101448,
3211,Renee Jones,53.0,Female,High School,,Product Manager,28.0,2.0,No,Hybrid,Jaipur,Large,Divorced,6.0,75.0,11,No,45065,197661,
2955,Christina Brown,29.0,Female,Master's,HR,Frontend Developer,9.0,5.0,Yes,Office,Faridabad,Enterprise,Single,9.0,46.0,7,Yes,182999,168398,
712,Peggy Ellis,37.0,Female,Master's,Research,ML Engineer,13.0,2.0,Yes,Hybrid,Hyderabad,Medium,Single,7.0,68.0,0,Yes,40010,182666,
1912,Megan Hancock,31.0,Female,Master's,Customer Support,Business Analyst,7.0,,Yes,Hybrid,Gurgaon,Enterprise,Single,9.0,,3,No,137383,154840,
4957,Jeffrey Graham,29.0,Female,Bachelor's,,Finance Analyst,4.0,1.0,Yes,Office,Lucknow,Startup,Single,3.0,,0,No,37395,88110,
783,James Woodard,51.0,Female,Diploma,HR,ML Engineer,26.0,4.0,No,Hybrid,Noida,Medium,Married,1.0,91.0,12,No,48570,189163,
4087,Jennifer Lopez,41.0,Male,Bachelor's,HR,Data Scientist,6.0,4.0,No,Office,Indore,Large,Married,0.0,41.0,3,Yes,145419,144785,
121,Brian Tran,31.0,Female,Bachelor's,Operations,Data Engineer,6.0,1.0,No,Office,Pune,Enterprise,Single,0.0,62.0,4,Yes,80920,134492,
2434,Dennis Gonzalez,30.0,Male,Master's,IT,Project Manager,4.0,1.0,No,Office,Ahmedabad,Medium,Married,3.0,45.0,4,No,168469,119460,
777,William Wright,58.0,Male,,IT,Data Engineer,27.0,3.0,No,Office,Hyderabad,Medium,Single,1.0,98.0,9,No,119500,183642,
3845,Barbara Palmer,27.0,Male,Master's,Marketing,Software Engineer,6.0,4.0,No,Office,Ahmedabad,Large,Single,1.0,66.0,1,No,31764,122429,
3619,Mark Powell,46.0,Male,Diploma,Administration,Cloud Engineer,22.0,3.0,No,Office,Faridabad,Large,Married,0.0,53.0,20,No,168713,146536,
1991,Mr. Jonathan Berry,58.0,Male,Bachelor's,Research,Cyber Security Analyst,5.0,3.0,Yes,Hybrid,Pune,Startup,Single,7.0,47.0,4,No,173860,120122,
615,Crystal Norman,33.0,Male,PhD,Research,Product Manager,4.0,4.0,Yes,Remote,Jaipur,Medium,Single,7.0,51.0,3,Yes,155853,183203,
69,Dustin Brown,,Male,Bachelor's,Legal,DevOps Engineer,17.0,5.0,No,Office,Hyderabad,Enterprise,Married,5.0,97.0,6,Yes,159892,185973,
1727,David Fuller,33.0,Female,Bachelor's,Sales,Software Engineer,0.0,4.0,No,Office,Gurgaon,Medium,Single,9.0,56.0,0,No,186455,98577,
133,Patrick Bush,30.0,Male,High School,IT,Sales Manager,1.0,5.0,No,Remote,Gurgaon,Enterprise,Single,9.0,90.0,0,No,42436,118827,
4382,Mr. Daniel Williams DDS,37.0,Male,Master's,Marketing,Business Analyst,9.0,2.0,Yes,Office,Faridabad,Medium,Married,7.0,,4,No,46068,135652,
2122,Timothy Berry,28.0,Female,Bachelor's,Finance,Database Administrator,7.0,4.0,No,Remote,Faridabad,Startup,Married,6.0,57.0,3,No,145040,104906,
3015,John Everett,,Female,Master's,Marketing,Project Manager,2.0,2.0,Yes,Office,Ahmedabad,Medium,Married,10.0,83.0,2,No,29903,135184,
164,Rodney Wilson,24.0,Female,Bachelor's,Sales,HR Executive,1.0,5.0,No,Hybrid,Ghaziabad,Startup,Married,1.0,84.0,1,Yes,70098,91643,
4657,Dr. Amy Cunningham,27.0,Female,Master's,Research,Product Manager,5.0,3.0,No,Remote,Chennai,Large,Married,5.0,42.0,3,No,122903,152435,
2986,Nina Calderon,30.0,Male,Diploma,Legal,Finance Analyst,7.0,5.0,Yes,Office,Chennai,Large,Married,10.0,45.0,2,Yes,172995,139794,
2473,Joy Marks,41.0,Male,Bachelor's,Administration,Cloud Engineer,5.0,2.0,No,Office,Faridabad,Enterprise,Married,9.0,43.0,2,Yes,185871,149959,
489,Mark Meyers,37.0,Female,High School,HR,Frontend Developer,16.0,3.0,Yes,Hybrid,Noida,Startup,Single,0.0,55.0,10,No,151708,120248,
4631,Kristen Fisher,53.0,Female,High School,Legal,ML Engineer,12.0,1.0,Yes,,Hyderabad,Medium,Single,10.0,89.0,4,No,72086,150426,
3476,Ashley Mcdonald,51.0,Male,Master's,Administration,Data Engineer,0.0,1.0,No,Remote,Delhi,Enterprise,Single,9.0,48.0,0,No,179895,130588,
4960,Stanley Mueller,44.0,Male,Bachelor's,IT,HR Manager,18.0,4.0,Yes,,Chennai,Enterprise,Married,9.0,70.0,2,Yes,65242,180964,
3404,Andrew Wheeler,,Male,Bachelor's,Marketing,Software Engineer,13.0,5.0,No,Office,Mumbai,Startup,Married,1.0,60.0,9,No,94016,132469,
2100,Lawrence Bryant,56.0,Female,,Customer Support,Data Analyst,2.0,5.0,No,Remote,Chennai,Large,Single,0.0,87.0,2,No,91185,114744,
4428,Lynn Montoya DDS,,Male,Master's,Operations,Data Scientist,18.0,4.0,No,,Bangalore,Startup,Single,5.0,61.0,5,No,167070,177280,
3228,Joseph Henderson,44.0,Male,Bachelor's,Administration,ML Engineer,22.0,5.0,Yes,Office,Noida,Medium,Single,1.0,55.0,15,No,56673,172358,
1102,Julie Shaw,47.0,Female,PhD,Marketing,Product Manager,24.0,3.0,Yes,Office,Kolkata,Large,Married,2.0,52.0,10,Yes,147081,241384,
2428,Angela Zamora,59.0,Male,Bachelor's,HR,QA Engineer,7.0,2.0,No,Hybrid,Faridabad,Large,Single,2.0,91.0,0,Yes,27212,114841,
62,Sheri Hernandez,39.0,Male,Bachelor's,HR,Software Engineer,3.0,5.0,Yes,Office,Noida,Medium,Single,3.0,44.0,0,No,131496,111387,
3376,Elizabeth Smith,25.0,Female,Diploma,Sales,Network Engineer,0.0,3.0,No,Office,Ghaziabad,Medium,Married,6.0,81.0,0,No,133584,92228,
4419,Marc Johnson,60.0,Female,High School,Research,Frontend Developer,17.0,5.0,Yes,Hybrid,Bangalore,Medium,Single,3.0,95.0,1,No,133726,139240,
2992,Thomas Lowe,59.0,Male,Diploma,HR,Project Manager,33.0,4.0,No,Remote,Ghaziabad,Enterprise,Single,3.0,92.0,8,No,171900,201429,
4378,Stephen Black,45.0,Male,Bachelor's,IT,QA Engineer,23.0,4.0,Yes,Office,Ghaziabad,Medium,Divorced,1.0,91.0,5,Yes,109813,176522,
2760,Carolyn Cooper,52.0,Female,Bachelor's,Administration,Marketing Executive,1.0,5.0,No,Hybrid,Hyderabad,Startup,Married,9.0,58.0,1,No,63200,91653,
3029,Monique Shaffer,31.0,Male,Bachelor's,Marketing,HR Executive,9.0,1.0,Yes,Remote,Pune,Enterprise,Single,4.0,76.0,6,No,178464,121126,
4497,Larry Anderson,36.0,Male,High School,Operations,DevOps Engineer,2.0,1.0,No,Hybrid,Ghaziabad,Startup,Married,10.0,74.0,1,No,182093,92151,
128,Michael Pierce,21.0,Female,Diploma,Legal,Backend Developer,1.0,3.0,Yes,Hybrid,Lucknow,Large,Single,8.0,87.0,0,No,198773,108284,
1412,Lauren Swanson,49.0,Male,Bachelor's,Research,Product Manager,3.0,,No,Hybrid,Noida,Medium,Married,9.0,95.0,3,Yes,181439,150085,
321,Mrs. Michele Barron,21.0,Male,Bachelor's,Marketing,Software Engineer,1.0,3.0,No,Hybrid,Jaipur,Medium,Married,9.0,55.0,1,No,124127,98900,
4001,Elizabeth Scott,28.0,Male,Diploma,Operations,Backend Developer,1.0,3.0,No,,Jaipur,Startup,Married,1.0,68.0,1,No,26171,80712,
3190,Jeffrey Gross,38.0,Male,,Finance,Data Scientist,15.0,4.0,Yes,,Ahmedabad,Large,Single,9.0,84.0,8,No,82389,172564,
1858,Barbara Parker,34.0,Male,Master's,Sales,Data Scientist,,4.0,Yes,Hybrid,Hyderabad,Enterprise,Married,4.0,92.0,7,No,92585,175564,
2231,Matthew Martinez,55.0,Male,Bachelor's,Research,Finance Analyst,7.0,4.0,No,Office,Kolkata,Medium,Single,2.0,68.0,7,No,59276,108353,
3283,Ronald Perry,57.0,Female,Diploma,Research,Backend Developer,29.0,5.0,Yes,Hybrid,Delhi,Medium,Married,1.0,96.0,11,No,69796,170764,
2313,Sergio Martinez II,23.0,Female,Diploma,Finance,Data Scientist,0.0,,No,Remote,Pune,Medium,Married,10.0,68.0,0,No,28066,103176,
3014,Jerry Gutierrez,,Male,Bachelor's,Finance,Marketing Manager,0.0,1.0,No,,Pune,Medium,Married,10.0,79.0,0,Yes,76183,116257,
3584,Michael Nelson,37.0,Male,Diploma,Operations,Business Analyst,1.0,4.0,No,Remote,Kolkata,Medium,Single,4.0,74.0,1,No,80952,96212,
706,Michelle Pruitt,33.0,Female,Diploma,Legal,Business Analyst,5.0,3.0,Yes,Office,Ghaziabad,Medium,Single,5.0,59.0,0,No,170023,110059,
767,Alexis Mclaughlin,30.0,Male,Master's,Customer Support,Network Engineer,3.0,,No,Office,Mumbai,Medium,Single,0.0,57.0,1,No,160820,108286,
644,Erika Evans,59.0,Female,High School,Research,Database Administrator,20.0,5.0,No,Office,Lucknow,Medium,Single,3.0,84.0,7,Yes,199300,155657,
2531,Steven Peterson,,Female,Diploma,Marketing,Accountant,8.0,1.0,Yes,Hybrid,Ghaziabad,Medium,Married,8.0,72.0,3,No,78141,103143,
1199,Joel Nichols,36.0,Male,Master's,HR,Accountant,2.0,5.0,No,Hybrid,Pune,Startup,Married,7.0,79.0,0,Yes,26066,118518,
605,Bonnie Sanchez,32.0,Male,Diploma,Administration,Sales Executive,9.0,2.0,Yes,Hybrid,Gurgaon,Medium,Married,3.0,65.0,1,No,56534,103263,
4790,Shannon Watson,53.0,Female,Bachelor's,Operations,Business Analyst,5.0,1.0,No,Remote,Gurgaon,Startup,Married,0.0,82.0,4,No,90662,92539,
1139,Briana Williams,22.0,Male,Master's,Sales,ML Engineer,0.0,4.0,No,Office,Faridabad,Large,Married,3.0,81.0,0,No,129418,134494,
1833,Alexandra Kim,60.0,Female,,HR,Data Scientist,8.0,1.0,Yes,Office,Lucknow,Medium,Single,1.0,60.0,8,No,53777,120474,
1239,Robert Dorsey,60.0,Female,Master's,Marketing,Frontend Developer,18.0,4.0,Yes,Hybrid,Indore,Large,Married,8.0,100.0,11,No,142315,181218,
212,Tami Baker,44.0,Female,Diploma,,Frontend Developer,3.0,2.0,No,Remote,Ghaziabad,Startup,Single,9.0,67.0,0,No,186508,88759,
1302,Robert Perkins,50.0,Male,Bachelor's,Finance,DevOps Engineer,17.0,3.0,No,Office,Jaipur,Large,Single,10.0,50.0,7,No,28086,146711,
4360,Robert Davis,25.0,Female,Bachelor's,Finance,HR Executive,4.0,4.0,Yes,Remote,Lucknow,Medium,Married,7.0,95.0,2,No,138806,102065,
3448,David Lawrence,33.0,Female,Diploma,Administration,Marketing Manager,4.0,4.0,No,Office,Noida,Medium,Single,9.0,61.0,4,No,63579,108598,
596,Erin Taylor,34.0,Male,Bachelor's,Research,Data Scientist,13.0,2.0,No,Office,Pune,Enterprise,Single,,70.0,0,No,102399,170458,
2605,Kurt Mcgrath,33.0,Male,Master's,Legal,Marketing Executive,7.0,,No,Remote,Chennai,Medium,Married,3.0,68.0,0,No,23074,118229,
3192,Curtis Steele,57.0,Male,Master's,,Data Engineer,13.0,1.0,Yes,Office,Bangalore,Startup,Married,,77.0,9,No,30637,150192,
919,Timothy Smith,38.0,Female,Diploma,IT,HR Executive,17.0,1.0,Yes,Hybrid,Kolkata,Startup,Married,8.0,59.0,1,Yes,139195,123455,
2253,Marcus Kelly,53.0,Female,Bachelor's,Legal,Sales Executive,17.0,1.0,Yes,Remote,Ahmedabad,Startup,Single,2.0,98.0,16,Yes,122034,138343,
1835,Nancy Schultz,58.0,Female,Master's,Research,Product Manager,25.0,1.0,Yes,Hybrid,Lucknow,Large,Married,8.0,90.0,11,No,105915,226691,
1437,Alexis Hebert,42.0,Female,Bachelor's,HR,Frontend Developer,16.0,,No,Hybrid,Hyderabad,Enterprise,Married,8.0,76.0,3,No,156731,145554,
4893,Teresa Allen,29.0,Male,High School,Marketing,Data Analyst,1.0,5.0,No,Remote,Jaipur,Enterprise,Single,0.0,92.0,0,No,176502,100243,
3809,Kyle Meyers,55.0,Male,Diploma,Administration,HR Executive,28.0,1.0,No,Remote,Indore,Medium,Single,1.0,50.0,15,No,115764,125016,
850,Valerie Miller,55.0,Male,High School,Customer Support,Data Scientist,4.0,5.0,No,Office,Lucknow,Medium,Single,6.0,45.0,3,No,130174,113625,
3683,Adam Solomon,45.0,Male,Diploma,Marketing,ML Engineer,7.0,1.0,No,Office,Bangalore,Large,Married,4.0,42.0,4,No,113634,357939,
1161,Pamela Schultz,38.0,Male,Master's,Customer Support,Data Scientist,11.0,2.0,Yes,Remote,Noida,Large,Married,0.0,65.0,10,Yes,113075,168581,
3184,Dustin Chavez,39.0,Female,Diploma,,Full Stack Developer,1.0,3.0,No,Office,Bangalore,Large,Single,0.0,63.0,1,No,79766,98144,
2402,Jacqueline Webb,,Male,Bachelor's,Operations,Data Scientist,1.0,4.0,No,,Indore,Medium,Single,6.0,100.0,0,No,138363,126478,
4026,Joseph Morrison,49.0,Male,,Finance,HR Manager,16.0,5.0,No,Hybrid,Pune,Startup,Married,3.0,58.0,1,No,30753,133033,
3326,Steven Waters,42.0,Female,Bachelor's,Customer Support,Full Stack Developer,14.0,1.0,Yes,Remote,Mumbai,Large,Single,10.0,77.0,7,No,120223,153114,
4440,Antonio Vance,28.0,Male,,HR,Sales Executive,1.0,4.0,Yes,Hybrid,Ghaziabad,Large,Single,1.0,87.0,0,No,198101,97712,
3431,Brian Farley,39.0,Female,Master's,Legal,HR Manager,0.0,1.0,No,Remote,Faridabad,Enterprise,Single,1.0,72.0,0,No,106447,110460,
3443,John Lane,49.0,Female,Bachelor's,Sales,Project Manager,16.0,1.0,No,Office,Hyderabad,Large,Married,,87.0,15,No,25892,145525,
1686,Jennifer Anderson,23.0,Male,Bachelor's,Research,QA Engineer,1.0,3.0,Yes,Hybrid,Ghaziabad,Medium,Single,8.0,47.0,0,No,69264,90231,
1263,Jennifer Davidson,49.0,Female,Bachelor's,IT,Product Manager,27.0,2.0,No,Remote,Kolkata,Enterprise,Married,4.0,79.0,5,Yes,29764,210071,
877,Debbie Woods,47.0,Female,Master's,Legal,Network Engineer,14.0,1.0,No,Remote,Jaipur,Startup,Single,,93.0,1,No,50085,134412,
4113,Maria Trevino,47.0,Female,Master's,Research,Accountant,,4.0,No,,Jaipur,Medium,Married,3.0,81.0,4,No,115669,140750,
2383,Marcus Pruitt,53.0,Female,Bachelor's,Sales,Marketing Manager,18.0,,No,Remote,Indore,Enterprise,Single,5.0,56.0,17,No,138323,146134,
700,Deborah Hicks,48.0,Male,PhD,Research,Finance Analyst,18.0,1.0,No,Hybrid,Kolkata,Startup,Married,7.0,97.0,7,No,173612,173068,
1013,Matthew Herrera,56.0,Female,Master's,Research,Product Manager,9.0,1.0,No,Office,Jaipur,Startup,Married,,94.0,2,No,187798,143429,
2866,Michael Mccarthy,59.0,Female,Master's,Customer Support,Data Engineer,4.0,4.0,No,Hybrid,Mumbai,Medium,Married,8.0,94.0,2,No,149849,150519,
4713,Eric Ramirez,30.0,Female,Master's,HR,HR Executive,3.0,4.0,No,Office,Gurgaon,Medium,Single,6.0,68.0,3,No,115456,105063,
4848,Jennifer Brooks,57.0,Female,Bachelor's,Administration,HR Manager,35.0,5.0,No,Remote,Bangalore,Medium,Single,7.0,,3,Yes,79951,208448,
9,Harry Berg,53.0,Male,Bachelor's,Research,Accountant,0.0,5.0,No,Office,Pune,Medium,Married,0.0,90.0,0,No,185838,91144,
587,Billy Brown,29.0,Male,Diploma,Customer Support,Sales Manager,0.0,4.0,No,Hybrid,Chennai,Startup,Single,,,0,No,118841,93894,
1481,Joshua Dean,25.0,Male,PhD,Legal,HR Executive,3.0,1.0,No,Remote,Faridabad,Large,Single,10.0,84.0,3,No,108683,124380,
3062,Jon Perez,59.0,Female,Master's,Sales,Network Engineer,35.0,3.0,Yes,Office,Ghaziabad,Startup,Married,5.0,,19,No,198075,214510,
3643,Debra Smith,54.0,Male,Diploma,Customer Support,Data Engineer,6.0,5.0,Yes,Office,Ahmedabad,Medium,Married,0.0,99.0,3,No,133555,126666,
1452,Randall Hill,32.0,Female,Bachelor's,Legal,Data Analyst,11.0,4.0,No,Hybrid,Noida,Large,Divorced,3.0,,8,No,56671,110781,
3208,Richard Weber,34.0,Female,Master's,Sales,Marketing Manager,3.0,3.0,No,Hybrid,Indore,Medium,Single,6.0,62.0,1,No,128251,120204,
1118,Parker Warner,44.0,Female,Bachelor's,Customer Support,Cloud Engineer,9.0,4.0,Yes,Hybrid,Delhi,Large,Married,3.0,85.0,8,No,29967,149173,
2550,Martin Anderson,58.0,Female,Bachelor's,Customer Support,ML Engineer,35.0,5.0,Yes,Office,Chennai,Enterprise,Married,8.0,44.0,1,Yes,196644,264001,
1753,Caroline Harvey,21.0,Male,,Operations,Marketing Manager,1.0,2.0,No,Remote,Kolkata,Medium,Single,5.0,70.0,1,Yes,172888,100868,
2064,Sarah Leon,,Female,Bachelor's,Administration,Data Analyst,10.0,1.0,No,Hybrid,Kolkata,Medium,Married,6.0,48.0,1,No,76925,111437,
4078,Cynthia Ward,39.0,Male,Bachelor's,Administration,Software Engineer,14.0,4.0,No,Office,Chennai,Large,Single,8.0,62.0,11,Yes,122989,163765,
1939,Michael Spencer,,Male,Master's,IT,Sales Manager,9.0,4.0,No,Hybrid,Delhi,Enterprise,Single,9.0,56.0,7,Yes,47875,164595,
12,Mrs. Abigail Orr,29.0,Female,High School,Sales,Full Stack Developer,5.0,3.0,No,Remote,Faridabad,Large,Single,0.0,79.0,1,No,152874,108193,
2587,Chelsey Harrison DDS,39.0,Male,Master's,Administration,Cloud Engineer,13.0,4.0,No,Office,Chennai,Enterprise,Single,9.0,45.0,10,No,33077,177281,
1904,John Townsend,45.0,Male,Master's,Administration,Business Analyst,19.0,5.0,No,Office,Delhi,Medium,Married,10.0,73.0,14,Yes,103063,180142,
1449,Virginia Chaney,51.0,Female,Bachelor's,,Software Engineer,3.0,3.0,Yes,Hybrid,Ahmedabad,Medium,Divorced,1.0,99.0,3,No,199480,108653,
2440,John James,42.0,Male,Diploma,Customer Support,Business Analyst,17.0,1.0,Yes,Office,Pune,Startup,Single,7.0,47.0,5,Yes,54385,143003,
4289,Robert Ramirez,23.0,Female,PhD,Administration,Sales Manager,3.0,4.0,No,Remote,Gurgaon,Large,Single,2.0,62.0,3,No,188525,148095,
1515,Dr. Erica Carroll,57.0,Female,Bachelor's,Legal,Sales Manager,26.0,5.0,No,Office,Jaipur,Medium,Single,9.0,49.0,3,No,144798,187555,
4247,Brett Allen,49.0,Male,High School,Research,Project Manager,2.0,3.0,No,Office,Faridabad,Startup,Single,10.0,99.0,1,No,185573,107393,
3876,Heather Johnson,22.0,Male,,Operations,Marketing Manager,2.0,5.0,No,Office,Pune,Large,Single,7.0,91.0,0,No,186603,140211,
1770,Alexis Mitchell,29.0,Female,,,Data Analyst,7.0,2.0,No,Remote,Bangalore,Startup,Married,4.0,49.0,5,Yes,190591,138988,
4830,Jessica Howard,47.0,Male,Bachelor's,Customer Support,Data Scientist,12.0,4.0,No,Remote,Lucknow,Large,Married,10.0,97.0,9,Yes,101648,177183,
3277,Jason Stephens,58.0,Male,Bachelor's,Operations,Software Engineer,28.0,4.0,No,Hybrid,Pune,Startup,Single,7.0,93.0,1,Yes,83758,195268,
4638,Keith Reed,33.0,Male,Master's,Sales,Marketing Manager,10.0,1.0,No,Office,Mumbai,Medium,Single,10.0,54.0,4,Yes,165326,147976,
2652,Ryan Leonard,37.0,Female,Bachelor's,HR,Frontend Developer,6.0,4.0,No,Hybrid,Bangalore,Enterprise,Married,2.0,73.0,4,No,72347,124118,
4291,Stephen Mejia,53.0,Female,Bachelor's,Legal,Full Stack Developer,11.0,3.0,No,Remote,Bangalore,Large,Married,6.0,84.0,5,No,81649,136448,
2789,Rebecca Wood,22.0,Male,PhD,IT,ML Engineer,2.0,2.0,No,Hybrid,Lucknow,Enterprise,Single,2.0,61.0,0,Yes,165332,175151,
1281,Mark Francis,36.0,Female,Diploma,Finance,Software Engineer,11.0,4.0,No,Hybrid,Noida,Large,Married,3.0,45.0,11,No,111310,123196,
30,George Wilson,32.0,Female,Master's,IT,Data Scientist,8.0,5.0,Yes,Office,Kolkata,Large,Single,4.0,77.0,2,No,193420,171608,
3911,Christopher Serrano,32.0,Female,Bachelor's,Administration,ML Engineer,0.0,2.0,No,Office,Pune,Large,Married,1.0,85.0,0,Yes,186729,134313,
567,Jason Ingram,36.0,Male,Diploma,HR,Project Manager,5.0,4.0,Yes,Remote,Kolkata,Large,Single,0.0,97.0,4,Yes,167996,141488,
1089,Autumn Ford,,Female,Diploma,IT,HR Manager,6.0,3.0,No,Hybrid,Noida,Medium,Single,0.0,60.0,3,No,43997,86680,
2761,Elizabeth Richardson,45.0,Female,Bachelor's,Customer Support,Sales Manager,22.0,5.0,No,Office,Bangalore,Large,Single,5.0,48.0,16,No,74887,157888,
2258,Candice Robinson,45.0,Female,Master's,Customer Support,Frontend Developer,21.0,5.0,Yes,Office,Gurgaon,Enterprise,Single,5.0,,3,No,118132,195981,
2433,Brian Smith,51.0,Female,Bachelor's,Marketing,Business Analyst,6.0,5.0,No,Remote,Delhi,Large,Single,2.0,80.0,0,Yes,183838,131812,
4413,Brittany Houston,58.0,Male,Bachelor's,,Project Manager,5.0,3.0,Yes,Office,Delhi,Startup,Single,,78.0,5,No,58507,127859,
2030,Melanie Carr,41.0,Female,Bachelor's,Legal,Full Stack Developer,5.0,2.0,No,Hybrid,Faridabad,Large,Married,7.0,57.0,2,No,63327,114036,
4194,Edward Miles,47.0,Male,Bachelor's,IT,Data Scientist,2.0,4.0,Yes,,Delhi,Enterprise,Single,3.0,80.0,1,No,97914,140082,
3004,Christine Jenkins,38.0,Male,Bachelor's,Customer Support,Marketing Executive,2.0,,No,Office,Bangalore,Medium,Married,4.0,85.0,1,No,183037,83177,
1036,Wanda Erickson,,Male,Bachelor's,Administration,Software Engineer,2.0,,No,Hybrid,Lucknow,Medium,Single,8.0,45.0,0,Yes,60024,112070,
571,Walter Hart,47.0,Male,Bachelor's,Administration,Network Engineer,3.0,5.0,No,Office,Ghaziabad,Medium,Single,3.0,92.0,3,No,67968,113803,
3560,Mrs. Kaitlin Butler,31.0,Female,Bachelor's,HR,Project Manager,8.0,2.0,No,Office,Pune,Large,Single,4.0,67.0,7,No,98269,128566,
930,Melinda Juarez,51.0,Male,,Marketing,Data Engineer,18.0,,No,Hybrid,Mumbai,Large,Single,,50.0,0,No,43641,189832,
3624,Alicia Richardson,35.0,Female,Diploma,IT,Data Engineer,8.0,1.0,No,Office,Noida,Large,Married,5.0,80.0,0,No,148947,124200,
1942,Jennifer Long,22.0,Female,Master's,Sales,Cyber Security Analyst,0.0,2.0,No,Office,Pune,Medium,Single,,74.0,0,No,79328,106713,
1406,Dr. Angela Silva,37.0,Male,High School,Legal,Database Administrator,17.0,2.0,No,Office,Indore,Medium,Divorced,2.0,40.0,2,No,33638,113450,
414,Craig Williamson,26.0,Female,Diploma,HR,Marketing Manager,2.0,5.0,Yes,Office,Pune,Enterprise,Married,5.0,63.0,0,No,41323,129383,
1472,John Jones,37.0,Male,Master's,Operations,DevOps Engineer,5.0,1.0,No,Hybrid,Kolkata,Startup,Single,3.0,42.0,4,No,47757,108678,
191,Ross Parker,46.0,Male,Master's,Sales,Accountant,13.0,,No,Hybrid,Noida,Enterprise,Married,3.0,91.0,6,No,138474,148909,
2003,Jessica Anderson,52.0,Male,Bachelor's,Legal,DevOps Engineer,8.0,1.0,No,Remote,Faridabad,Startup,Married,5.0,59.0,2,No,173809,108339,
3545,Frank Hughes,41.0,Female,Bachelor's,IT,Data Analyst,3.0,1.0,No,Office,Hyderabad,Enterprise,Married,2.0,99.0,3,No,164695,107317,
3511,Scott Miles,52.0,Male,Master's,IT,Business Analyst,32.0,5.0,No,Hybrid,Jaipur,Enterprise,Married,1.0,47.0,11,No,36805,191372,
3838,Heather Huff,58.0,Male,Master's,Legal,Backend Developer,,1.0,No,Office,Delhi,Large,Single,2.0,86.0,0,No,196760,116988,
2234,Nicole Davis,46.0,Female,High School,Operations,Marketing Executive,1.0,4.0,No,Hybrid,Faridabad,Large,Single,3.0,51.0,1,No,21702,80460,
4293,Dan Bishop,31.0,Male,Bachelor's,Marketing,Network Engineer,,3.0,No,Hybrid,Delhi,Startup,Married,,65.0,5,No,58789,114272,
2886,Patty Horne,33.0,Male,Master's,IT,Sales Executive,0.0,3.0,No,Office,Gurgaon,Startup,Single,0.0,,0,Yes,148598,90156,
343,Christina Wilkerson,38.0,Male,Diploma,Operations,Database Administrator,15.0,3.0,Yes,Remote,Kolkata,Startup,Married,1.0,50.0,11,No,161900,123160,
3755,Courtney Sherman,48.0,Male,Master's,HR,Data Scientist,,1.0,No,Office,Indore,Large,Divorced,0.0,66.0,3,No,86617,169821,
2183,Dawn Davidson,49.0,Female,Bachelor's,Finance,Finance Analyst,6.0,2.0,No,Office,Indore,Startup,Single,2.0,43.0,1,No,188671,89661,
2564,James Dillon,23.0,Male,Diploma,Sales,Marketing Manager,3.0,1.0,No,Remote,Mumbai,Medium,Married,7.0,81.0,0,Yes,301680,218494,
2041,Maria Aguirre,22.0,Female,Bachelor's,Finance,Frontend Developer,1.0,,No,Remote,Noida,Large,Single,6.0,52.0,1,Yes,142026,108565,
734,Christian Austin,56.0,Female,Master's,Finance,Product Manager,6.0,5.0,Yes,Hybrid,Gurgaon,Enterprise,Married,2.0,70.0,2,No,66698,165500,
4207,Angela Smith,32.0,Male,High School,Operations,Network Engineer,9.0,3.0,No,Hybrid,Ahmedabad,Large,Married,,52.0,2,Yes,180992,120875,
2229,John Davis,24.0,Male,Diploma,Legal,Database Administrator,0.0,1.0,No,Office,Pune,Large,Single,0.0,99.0,0,Yes,426642,294087,
1245,Jeffrey Johnson,26.0,Male,Master's,Customer Support,Database Administrator,2.0,5.0,Yes,Hybrid,Gurgaon,Medium,Divorced,2.0,98.0,0,No,105312,126191,
3627,Jackson Morris,36.0,Male,Master's,IT,Finance Analyst,5.0,4.0,Yes,Office,Noida,Medium,Single,3.0,57.0,5,No,74520,121598,
3402,Roger Brewer,42.0,Male,Bachelor's,Customer Support,HR Executive,8.0,2.0,Yes,Hybrid,Gurgaon,Startup,Married,9.0,73.0,7,No,24648,96311,
184,Mary Chung,60.0,Male,Master's,Sales,HR Manager,8.0,3.0,No,Office,Mumbai,Medium,Married,6.0,81.0,8,No,132946,263470,
3756,Alexis Nguyen,42.0,Male,High School,Operations,Backend Developer,16.0,2.0,No,Hybrid,Noida,Large,Married,3.0,48.0,10,No,188440,115648,
4868,Alexis Simon,21.0,Male,Diploma,,Sales Manager,0.0,3.0,No,Office,Hyderabad,Medium,Single,5.0,52.0,0,Yes,59481,97054,
3379,Cheryl Lopez,22.0,Female,Bachelor's,Research,Finance Analyst,1.0,3.0,No,Office,Hyderabad,Enterprise,Married,2.0,45.0,1,No,31982,103414,
3544,Jose Taylor,53.0,Male,High School,Administration,DevOps Engineer,16.0,1.0,No,Office,Ghaziabad,Startup,Single,3.0,99.0,3,No,193547,129123,
1523,Scott Gates,52.0,Female,Diploma,HR,Sales Manager,18.0,,Yes,Hybrid,Delhi,Startup,Single,0.0,96.0,5,No,43251,147000,
4787,Gina Ayers,23.0,Female,Master's,,DevOps Engineer,3.0,3.0,Yes,Office,Indore,Enterprise,Single,8.0,84.0,3,Yes,93817,162948,
4422,Jessica Hernandez,36.0,Female,Bachelor's,Operations,QA Engineer,12.0,4.0,Yes,Office,Hyderabad,Startup,Married,3.0,77.0,6,Yes,190654,127199,
1185,Mark Jenkins,,Male,Bachelor's,Legal,Finance Analyst,0.0,5.0,No,Hybrid,Pune,Large,Single,6.0,45.0,0,No,186759,98337,
3292,Carolyn King,30.0,Male,Master's,Marketing,Marketing Manager,9.0,3.0,Yes,Office,Kolkata,Medium,Married,9.0,61.0,9,No,152599,145928,
1569,Roger James,52.0,Female,Diploma,Operations,Full Stack Developer,2.0,1.0,Yes,Office,Mumbai,Startup,Married,2.0,,1,No,153631,87381,
2719,Stacy Hanna,49.0,Female,Bachelor's,Operations,QA Engineer,7.0,3.0,Yes,Hybrid,Mumbai,Enterprise,Married,1.0,66.0,3,Yes,170513,142456,
904,Margaret Russell,53.0,Female,Master's,Customer Support,Data Analyst,14.0,4.0,No,Office,Pune,Medium,Married,5.0,92.0,9,No,144534,143848,
3127,Michael Jordan,22.0,Male,Diploma,Sales,DevOps Engineer,,3.0,No,Hybrid,Noida,Medium,Married,,60.0,0,No,109757,103021,
4458,Sara Farmer,40.0,Male,High School,HR,Software Engineer,17.0,2.0,Yes,Hybrid,Jaipur,Startup,Single,7.0,58.0,0,Yes,120917,139427,
4612,Jessica Hamilton,27.0,Female,Master's,Customer Support,Network Engineer,1.0,4.0,Yes,Office,Gurgaon,Large,Single,2.0,48.0,0,No,99785,117094,
4639,James Sanchez,,Male,Bachelor's,Administration,ML Engineer,0.0,5.0,Yes,Hybrid,Ghaziabad,Medium,Married,9.0,86.0,0,No,179223,135552,
1810,Frank Martin,58.0,Male,,Operations,DevOps Engineer,10.0,1.0,No,Remote,Ahmedabad,Medium,Married,,49.0,10,No,32177,105485,
1604,Mr. Gary Gonzalez,42.0,Male,Bachelor's,Operations,Full Stack Developer,14.0,5.0,No,,Ahmedabad,Startup,Married,,95.0,4,Yes,66905,161577,
105,Kathryn Walker,33.0,Female,Master's,Operations,DevOps Engineer,6.0,2.0,Yes,,Chennai,Medium,Married,7.0,55.0,0,Yes,54084,147960,
97,Pamela Lindsey,54.0,Female,PhD,Customer Support,Marketing Manager,24.0,3.0,No,Hybrid,Faridabad,Startup,Single,3.0,55.0,17,Yes,155542,186298,
3222,Jennifer Buck,38.0,Female,Diploma,Finance,QA Engineer,10.0,5.0,No,Remote,Hyderabad,Medium,Single,10.0,66.0,1,No,49851,116128,
2914,Craig Hampton,39.0,Male,High School,HR,Accountant,12.0,3.0,Yes,Hybrid,Hyderabad,Enterprise,Married,,63.0,7,No,164085,127409,
1067,Karen Krause,54.0,Female,Master's,Operations,HR Manager,15.0,4.0,Yes,Office,Ahmedabad,Startup,Married,8.0,78.0,7,No,99698,153898,
1188,Deborah Chambers,53.0,Male,Bachelor's,Marketing,Project Manager,16.0,3.0,No,Office,Lucknow,Medium,Single,6.0,96.0,14,Yes,88683,164966,
1729,John Ramirez,,Female,Master's,HR,Marketing Executive,22.0,2.0,No,Hybrid,Bangalore,Large,Married,8.0,61.0,15,No,112055,154065,
1701,Robert Grant,26.0,Male,Diploma,Operations,ML Engineer,4.0,5.0,No,Office,Kolkata,Enterprise,Single,6.0,84.0,4,No,115326,142848,
76,Wendy Mullins,,Female,Master's,Research,DevOps Engineer,12.0,4.0,No,Office,Mumbai,Medium,Single,8.0,42.0,8,No,114377,153166,
3949,April Smith,39.0,Male,Master's,IT,Marketing Manager,13.0,,Yes,Office,Jaipur,Enterprise,Single,7.0,77.0,11,No,60965,183781,
4720,Kerri Davis MD,55.0,Female,,Administration,Data Scientist,23.0,1.0,No,Hybrid,Jaipur,Startup,Single,9.0,79.0,14,Yes,109861,181750,
2132,David Joseph,27.0,Female,Bachelor's,Research,Accountant,2.0,2.0,No,Remote,Kolkata,Startup,Married,7.0,68.0,0,No,32167,80086,
3720,Nicole Gregory,33.0,Male,High School,HR,HR Manager,13.0,3.0,No,Office,Jaipur,Startup,Married,5.0,58.0,2,No,62488,100925,
3608,Jane Jones,27.0,Male,Master's,Finance,Product Manager,7.0,5.0,No,Office,Hyderabad,Medium,Single,6.0,79.0,7,No,99187,158141,
545,James Morales,30.0,Female,PhD,Legal,Data Scientist,5.0,3.0,No,Office,Mumbai,Medium,Married,3.0,79.0,2,No,144279,158898,
4831,Jacqueline Taylor,36.0,Male,High School,,Sales Executive,6.0,5.0,No,Office,Chennai,Startup,Single,6.0,,6,No,182414,86274,
251,Matthew Carpenter,43.0,Male,Diploma,,Sales Manager,3.0,1.0,No,,Ghaziabad,Medium,Married,5.0,60.0,1,No,197011,88134,
2822,Tyler Johnson,39.0,Female,Bachelor's,Customer Support,Marketing Executive,6.0,3.0,No,Hybrid,Noida,Large,Single,9.0,59.0,2,No,101363,116326,
3973,Lawrence Adams,54.0,Female,Diploma,Customer Support,Business Analyst,14.0,1.0,Yes,Hybrid,Hyderabad,Medium,Married,9.0,92.0,0,No,57148,128339,
2280,Diamond Richards,54.0,Male,Bachelor's,Operations,Finance Analyst,17.0,2.0,Yes,Hybrid,Kolkata,Large,Married,3.0,42.0,11,No,33830,140188,
4772,Nicholas Meyer,22.0,Male,High School,HR,HR Executive,2.0,3.0,Yes,Hybrid,Indore,Medium,Single,2.0,87.0,0,Yes,42831,89736,
3255,Sandra Bates,23.0,Female,Bachelor's,Marketing,Product Manager,0.0,4.0,No,Hybrid,Ghaziabad,Startup,Married,6.0,81.0,0,No,189179,122050,
1171,Samantha Murray,44.0,Male,Bachelor's,Sales,Finance Analyst,3.0,3.0,Yes,Office,Chennai,Startup,Single,7.0,97.0,2,No,84399,111626,
1550,David Hernandez,54.0,Male,Master's,HR,HR Manager,,3.0,No,Remote,Gurgaon,Large,Single,3.0,77.0,6,Yes,75615,166805,
2585,Jodi Palmer,37.0,Male,Diploma,Marketing,Data Engineer,13.0,4.0,Yes,Hybrid,Mumbai,Large,Single,8.0,60.0,12,No,83716,154561,
2456,Nancy Rodriguez,31.0,Male,High School,Sales,Business Analyst,8.0,2.0,Yes,Office,Mumbai,Large,Single,1.0,66.0,0,Yes,196703,126686,
1192,Anthony Baker,43.0,Female,Bachelor's,Administration,Product Manager,8.0,2.0,Yes,,Bangalore,Medium,Married,9.0,90.0,5,No,56189,150004,
2551,Richard Vazquez,34.0,Female,High School,Sales,Frontend Developer,,2.0,No,Office,Pune,Medium,Single,5.0,77.0,4,No,162532,103599,
5,Mark Nelson,60.0,Female,Master's,Marketing,Marketing Manager,20.0,2.0,No,,Ahmedabad,Startup,Married,0.0,64.0,6,No,153767,153445,
600,Phillip Burns,45.0,Male,Bachelor's,Operations,Sales Manager,16.0,3.0,No,Hybrid,Indore,Medium,Single,3.0,72.0,8,No,75547,144436,
2205,Casey Soto,23.0,Female,Bachelor's,,Full Stack Developer,0.0,2.0,No,Office,Ahmedabad,Medium,Married,8.0,79.0,0,No,142465,98701,
2112,Yvonne Burton,21.0,Female,High School,Research,Project Manager,0.0,1.0,No,Office,Pune,Medium,Single,6.0,48.0,0,No,119572,91792,
1010,Jamie Velez,45.0,Male,Diploma,Sales,Full Stack Developer,5.0,2.0,No,Office,Ghaziabad,Medium,Single,7.0,64.0,4,No,160934,107744,
4476,Lisa Gallegos,53.0,Female,Bachelor's,Customer Support,Marketing Manager,6.0,4.0,No,Office,Gurgaon,Large,Single,,79.0,2,No,41585,139576,
4658,Miss Joanne Mann,23.0,Male,Master's,IT,HR Manager,2.0,3.0,No,Hybrid,Jaipur,Startup,Married,3.0,55.0,2,Yes,84053,109208,
3132,Tracy Taylor,21.0,Male,Bachelor's,Operations,Sales Manager,1.0,1.0,Yes,Remote,Kolkata,Large,Single,2.0,51.0,1,Yes,322204,342711,
2794,Mrs. Jennifer Carr DVM,43.0,Female,,Marketing,Data Scientist,5.0,2.0,No,Office,Bangalore,Medium,Single,1.0,82.0,0,No,21282,111815,
425,Victor Roberts,31.0,Male,Diploma,Customer Support,QA Engineer,,3.0,No,Remote,Chennai,Medium,Married,6.0,94.0,3,No,76747,105817,
1046,William Hale,44.0,Female,High School,HR,Accountant,7.0,2.0,No,Office,Lucknow,Medium,Married,10.0,80.0,6,No,71408,93979,
31,Marie Wilson,37.0,Male,Bachelor's,Sales,Data Scientist,6.0,4.0,Yes,Hybrid,Bangalore,Large,Single,2.0,78.0,5,No,24748,145333,
2283,Stacie Mckee,43.0,Female,High School,Customer Support,Cloud Engineer,4.0,,No,Remote,Jaipur,Medium,Married,3.0,78.0,3,Yes,109229,106665,
3131,James Delacruz,28.0,Female,Master's,Administration,Finance Analyst,3.0,5.0,Yes,Hybrid,Noida,Large,Married,2.0,50.0,3,No,31184,120371,
1432,Virginia Page,28.0,Male,High School,IT,Sales Manager,4.0,5.0,No,Office,Bangalore,Startup,Married,5.0,90.0,0,No,51012,99290,
4833,Antonio Petty,54.0,Female,Master's,Customer Support,HR Executive,26.0,2.0,No,Remote,Hyderabad,Medium,Divorced,9.0,,0,Yes,55446,166552,
482,Matthew Smith,35.0,Female,Master's,Administration,Product Manager,7.0,2.0,No,Office,Delhi,Enterprise,Single,6.0,70.0,6,No,65798,167631,
642,Susan Collins,60.0,Female,Diploma,HR,HR Executive,9.0,5.0,Yes,Remote,Ghaziabad,Medium,Single,8.0,43.0,6,No,107329,116268,
2658,Sue Medina,60.0,Male,Diploma,Operations,Product Manager,19.0,2.0,No,Office,Ghaziabad,Medium,Single,,78.0,18,No,79172,152847,
422,Sarah Johnson,,Female,Bachelor's,Finance,HR Executive,10.0,5.0,No,Office,Indore,Large,Single,3.0,93.0,8,No,43664,122137,
606,Rick Leon,34.0,Male,Diploma,,HR Manager,7.0,3.0,No,Remote,Indore,Medium,Married,6.0,45.0,1,No,53387,100891,
2294,Gabriella Davis,,Male,Master's,Sales,Data Scientist,0.0,1.0,No,Hybrid,Lucknow,Startup,Single,6.0,42.0,0,Yes,198694,122595,
851,Christian Taylor,55.0,Male,Master's,Marketing,Accountant,4.0,2.0,No,Hybrid,Delhi,Startup,Married,4.0,92.0,3,No,103794,101701,
1207,George Singh,56.0,Male,Bachelor's,Sales,Data Analyst,14.0,2.0,No,Hybrid,Hyderabad,Startup,Married,1.0,58.0,13,No,162609,116050,
4288,Michael Snyder,50.0,Male,High School,Sales,QA Engineer,16.0,5.0,No,Office,Kolkata,Startup,Divorced,8.0,,4,Yes,55289,139046,
3368,Kimberly Kirk,49.0,Male,Master's,,Frontend Developer,,3.0,No,Remote,Noida,Medium,Married,10.0,42.0,4,No,110557,134006,
1408,Joshua Kelly,,Female,Bachelor's,Marketing,QA Engineer,4.0,1.0,No,Hybrid,Noida,Large,Divorced,5.0,40.0,1,No,146734,95332,
3133,Leah Adams,33.0,Female,High School,Marketing,Product Manager,11.0,2.0,No,Office,Delhi,Medium,Single,,62.0,5,No,42952,141107,
2567,Michael Casey,30.0,Female,Master's,Research,Database Administrator,5.0,1.0,No,Hybrid,Delhi,Enterprise,Married,3.0,94.0,2,No,105477,131902,
3417,Amanda Torres,41.0,Female,Master's,Finance,Marketing Manager,10.0,2.0,No,Hybrid,Delhi,Medium,Single,2.0,76.0,3,Yes,184462,140763,
4222,Dana Lee,39.0,Female,Bachelor's,Sales,QA Engineer,10.0,5.0,No,Office,Bangalore,Large,Married,,87.0,2,No,90544,134277,
2912,Michelle Morrison,27.0,Male,Bachelor's,Finance,ML Engineer,7.0,2.0,No,,Indore,Medium,Married,5.0,61.0,6,No,195288,130561,
459,Emma Bates,26.0,Male,Bachelor's,Research,Data Engineer,6.0,3.0,No,Office,Bangalore,Enterprise,Married,9.0,80.0,3,No,92204,150293,
4372,Steven Park,22.0,Female,Master's,Customer Support,ML Engineer,1.0,4.0,No,Office,Mumbai,Startup,Married,1.0,90.0,0,Yes,61790,136637,
693,Kristopher Harris,58.0,Female,Diploma,IT,Data Scientist,15.0,1.0,Yes,Office,Kolkata,Medium,Single,3.0,65.0,2,No,52400,148542,
426,James Scott,51.0,Female,Bachelor's,Administration,Product Manager,28.0,1.0,No,Hybrid,Mumbai,Startup,Married,10.0,64.0,12,No,161932,175946,
3531,Rachel Baker,48.0,Female,Master's,Operations,ML Engineer,27.0,3.0,Yes,Office,Kolkata,Large,Single,5.0,86.0,16,No,101928,649602,
1355,Alexis Marshall,29.0,Female,Diploma,Operations,DevOps Engineer,1.0,2.0,No,Office,Noida,Startup,Married,3.0,92.0,1,No,157159,87926,
136,Dawn Kennedy,41.0,Female,Bachelor's,Customer Support,Data Scientist,,2.0,No,,Pune,Large,Married,9.0,65.0,3,No,173741,126199,
3767,Isaiah Harrington,24.0,Female,Bachelor's,Research,HR Executive,4.0,2.0,Yes,Hybrid,Noida,Medium,Married,6.0,47.0,4,No,128078,85403,
2347,Adam Villarreal,44.0,Female,Master's,Customer Support,Finance Analyst,15.0,4.0,No,Remote,Kolkata,Enterprise,Married,5.0,,5,No,85547,171894,
2076,Joyce Smith,25.0,Female,Master's,HR,Data Scientist,3.0,4.0,No,,Indore,Startup,Married,6.0,48.0,3,Yes,182795,139914,
3900,John Buchanan,50.0,Female,Master's,Marketing,Finance Analyst,9.0,4.0,No,Hybrid,Gurgaon,Medium,Married,3.0,40.0,3,No,106167,122734,
4542,John Young,28.0,Male,,Administration,Product Manager,6.0,,No,Office,Kolkata,Medium,Single,6.0,72.0,4,No,183161,148839,
1304,Melanie Vasquez,59.0,Female,Diploma,Research,Finance Analyst,25.0,2.0,Yes,Hybrid,Hyderabad,Startup,Married,4.0,57.0,3,No,23909,146016,
162,Karen Maddox,38.0,Male,Bachelor's,IT,HR Executive,2.0,5.0,No,Remote,Pune,Enterprise,Married,3.0,88.0,0,No,158141,107529,
1071,David Fernandez,51.0,Female,Bachelor's,Legal,Finance Analyst,,1.0,No,,Faridabad,Medium,Married,7.0,94.0,16,Yes,96788,185413,
4683,Stephanie Gonzales,31.0,Female,Master's,Customer Support,Marketing Manager,2.0,1.0,No,Hybrid,Gurgaon,Enterprise,Single,10.0,50.0,1,No,105559,130636,
1431,Donald Allen,,Female,Bachelor's,IT,Full Stack Developer,1.0,,No,Office,Ahmedabad,Startup,Married,3.0,80.0,0,No,140631,91043,
3458,Sara Rhodes,53.0,Female,Master's,Marketing,Marketing Manager,33.0,5.0,No,Office,Noida,Medium,Married,9.0,57.0,15,No,113610,206940,
4775,Beverly Ramirez,28.0,Female,Master's,HR,Cyber Security Analyst,1.0,4.0,No,Hybrid,Noida,Startup,Single,0.0,57.0,1,No,60853,112192,
4763,Tracey Ramirez,,Male,Bachelor's,Legal,Database Administrator,14.0,2.0,No,Hybrid,Ahmedabad,Medium,Married,10.0,88.0,3,Yes,193673,157614,
243,Terry Garcia,,Male,High School,Legal,Data Engineer,0.0,2.0,No,Remote,Pune,Medium,Single,10.0,52.0,0,No,91128,92658,
3325,Mr. Sean Walters DDS,24.0,Female,Bachelor's,Finance,Backend Developer,4.0,4.0,No,Office,Faridabad,Enterprise,Single,2.0,58.0,3,No,86446,119146,
3896,Randy Bass,53.0,Male,Diploma,Marketing,Marketing Executive,11.0,5.0,No,Office,Lucknow,Large,Single,9.0,81.0,2,Yes,126527,141812,
3844,Chad Johnson,60.0,Female,Master's,Finance,Product Manager,15.0,2.0,No,Office,Gurgaon,Medium,Single,7.0,78.0,3,No,29217,168478,
1601,Jodi Wagner,40.0,Male,Bachelor's,Legal,Accountant,16.0,5.0,Yes,Hybrid,Indore,Enterprise,Single,7.0,51.0,8,Yes,136659,165769,
1772,Matthew Sullivan,49.0,Female,Master's,HR,Cyber Security Analyst,16.0,5.0,No,Office,Gurgaon,Large,Married,10.0,79.0,3,No,189491,192463,
1682,Eric Green,24.0,Female,High School,IT,Marketing Executive,2.0,5.0,No,Remote,Chennai,Large,Single,9.0,47.0,2,No,113870,92439,
4420,Christopher Reilly,31.0,Male,Bachelor's,Administration,Software Engineer,2.0,1.0,Yes,Remote,Ahmedabad,Startup,Single,3.0,83.0,0,No,77779,89627,
107,Sandra Smith,55.0,Male,Bachelor's,Legal,DevOps Engineer,27.0,5.0,No,Hybrid,Noida,Medium,Married,,42.0,9,No,51910,182354,
2101,Jennifer Patterson,42.0,Female,Diploma,Sales,Cloud Engineer,17.0,5.0,No,Remote,Ghaziabad,Medium,Married,7.0,70.0,6,No,152565,142892,
3425,Katie Benton,51.0,Female,Diploma,Legal,Marketing Manager,29.0,4.0,No,Remote,Ghaziabad,Medium,Single,5.0,64.0,10,No,169824,179799,
235,Lisa Crawford,37.0,Female,Bachelor's,HR,HR Manager,9.0,4.0,Yes,Hybrid,Noida,Medium,Single,3.0,54.0,4,No,77124,120142,
3471,Erika Ford,34.0,Female,Bachelor's,Legal,Marketing Manager,5.0,2.0,No,Hybrid,Bangalore,Medium,Single,,86.0,5,No,107532,115330,
2981,Sarah Greer,22.0,Male,Bachelor's,Administration,Data Engineer,2.0,5.0,No,Remote,Faridabad,Medium,Single,6.0,44.0,1,No,95490,114690,
2701,Gary Nolan,38.0,Female,Master's,Legal,Finance Analyst,0.0,2.0,No,Hybrid,Ghaziabad,Large,Single,,55.0,0,No,40581,97114,
659,Gregory Hernandez,21.0,Male,High School,Customer Support,Finance Analyst,0.0,1.0,No,,Bangalore,Medium,Married,5.0,60.0,0,Yes,160926,86599,
2263,Ricardo Bauer,45.0,Female,Bachelor's,Operations,QA Engineer,,2.0,No,Hybrid,Indore,Startup,Single,2.0,,15,No,64592,108508,
905,Anthony Buchanan,40.0,Male,Bachelor's,Finance,Marketing Executive,5.0,3.0,Yes,Hybrid,Jaipur,Large,Single,2.0,41.0,3,No,47315,101701,
4320,Hannah Montes,29.0,Female,Master's,Legal,HR Executive,6.0,2.0,No,Office,Gurgaon,Large,Married,3.0,62.0,3,No,112896,105812,
1238,Cynthia Chambers,54.0,Female,Bachelor's,Operations,Sales Executive,16.0,1.0,No,Hybrid,Indore,Large,Married,10.0,73.0,16,Yes,140788,146570,
2399,Christine Lopez,35.0,Male,Master's,Operations,Sales Manager,15.0,4.0,Yes,Hybrid,Lucknow,Enterprise,Single,9.0,55.0,7,Yes,53125,181593,
4324,Richard Lara,46.0,Female,Master's,Research,Network Engineer,12.0,4.0,No,,Kolkata,Medium,Married,7.0,45.0,12,No,68831,133960,
257,Daniel Harding,25.0,Female,Diploma,HR,HR Manager,1.0,4.0,No,Hybrid,Ahmedabad,Medium,Single,2.0,,0,No,109424,84977,
641,Michelle Hart,42.0,Female,Diploma,Legal,Frontend Developer,9.0,,No,Office,Gurgaon,Startup,Single,1.0,,5,Yes,74261,102533,
3744,Gary Walker MD,34.0,Male,Master's,Research,Marketing Manager,13.0,2.0,No,Hybrid,Chennai,Medium,Single,,92.0,4,No,149169,156945,
1615,Cindy Sandoval,,Male,Master's,Finance,Business Analyst,0.0,2.0,No,Hybrid,Lucknow,Medium,Married,5.0,52.0,0,No,44654,101473,
4768,David Moore,36.0,Female,Master's,Operations,Finance Analyst,12.0,3.0,Yes,Hybrid,Hyderabad,Startup,Single,2.0,94.0,7,No,53499,140817,
1953,Ronald Rodriguez,28.0,Female,Master's,Operations,DevOps Engineer,2.0,3.0,No,Remote,Mumbai,Enterprise,Married,6.0,76.0,0,No,24886,139844,
3335,Sandra Cox,57.0,Male,High School,Operations,ML Engineer,4.0,3.0,No,Hybrid,Ahmedabad,Large,Single,1.0,77.0,2,No,32483,122838,
340,Shannon Lane,48.0,Female,Master's,Legal,Cloud Engineer,24.0,1.0,No,Office,Chennai,Medium,Married,8.0,91.0,7,No,107838,187041,
565,Maureen Gregory,35.0,Male,Diploma,,Network Engineer,13.0,2.0,Yes,Hybrid,Lucknow,Enterprise,Single,0.0,55.0,1,No,108919,134188,
1117,Aaron Sheppard,39.0,Female,Bachelor's,Sales,Network Engineer,9.0,3.0,No,Hybrid,Chennai,Medium,Married,5.0,70.0,8,No,31344,116838,
2310,Mary Hamilton,,Female,Diploma,Administration,Accountant,5.0,,No,Remote,Indore,Medium,Married,2.0,97.0,1,No,79567,90020,
3352,Bryan Clark,30.0,Female,,Sales,Software Engineer,2.0,2.0,No,Hybrid,Gurgaon,Large,Single,3.0,84.0,0,No,34611,96147,
4776,Jennifer Morgan,25.0,Male,Diploma,Sales,Business Analyst,0.0,2.0,Yes,Hybrid,Noida,Medium,Single,3.0,76.0,0,No,161510,86367,
4491,James Swanson,39.0,Male,Bachelor's,Sales,Project Manager,0.0,5.0,No,Hybrid,Kolkata,Enterprise,Single,1.0,46.0,0,Yes,98197,135432,
1224,Stacy Craig,,Female,Master's,Research,Database Administrator,30.0,5.0,No,Office,Chennai,Startup,Single,0.0,75.0,9,No,145811,185376,
3729,Justin Nixon,21.0,Female,Bachelor's,HR,Business Analyst,0.0,5.0,No,Office,Pune,Large,Single,5.0,69.0,0,No,99568,107351,
1385,Joseph Ware,56.0,Female,,Operations,HR Executive,17.0,4.0,Yes,Office,Pune,Startup,Married,,59.0,2,Yes,182377,152858,
4388,Cheryl Allen,55.0,Male,,Operations,HR Executive,,,No,Hybrid,Ahmedabad,Medium,Married,2.0,49.0,17,Yes,48309,154652,
1996,Jordan Wilkerson,27.0,Male,Bachelor's,HR,Network Engineer,5.0,2.0,Yes,Remote,Chennai,Medium,Single,10.0,81.0,4,No,71810,121929,
4279,Brenda Barrera,34.0,Female,Bachelor's,HR,Cyber Security Analyst,13.0,4.0,Yes,Remote,Kolkata,Medium,Divorced,8.0,99.0,11,No,157462,151043,
3451,Heather Snyder,33.0,Female,Master's,IT,Network Engineer,8.0,4.0,Yes,Office,Kolkata,Enterprise,Married,7.0,,4,No,173718,163517,
1335,Brett Schmitt,52.0,Female,Master's,Sales,Marketing Manager,18.0,1.0,No,Hybrid,Lucknow,Medium,Married,8.0,61.0,7,Yes,61128,170940,
1929,Lindsay Serrano,45.0,Female,Diploma,IT,Database Administrator,23.0,4.0,Yes,Office,Gurgaon,Startup,Married,8.0,97.0,9,No,127864,167780,
1111,Tracy Shaffer,27.0,Female,Diploma,Sales,Cyber Security Analyst,1.0,1.0,No,Office,Chennai,Medium,Single,,61.0,1,No,60149,97533,
4722,Christine Johnson,57.0,Female,Bachelor's,Research,HR Executive,23.0,1.0,No,Office,Ahmedabad,Medium,Single,6.0,53.0,3,No,108324,118363,
2800,Jack Martin,46.0,Male,Bachelor's,IT,Product Manager,5.0,5.0,No,Office,Lucknow,Large,Single,0.0,84.0,3,No,172690,138823,
830,Albert Hickman,35.0,Female,PhD,Operations,Data Analyst,11.0,2.0,Yes,Hybrid,Ahmedabad,Medium,Single,9.0,67.0,0,No,101526,154900,
1212,Kelly Stephens,56.0,Female,Master's,Operations,Software Engineer,8.0,2.0,No,Office,Indore,Medium,Single,4.0,40.0,2,No,94651,120379,
4821,Steven Mcguire,30.0,Male,PhD,Legal,HR Manager,4.0,2.0,No,Hybrid,Gurgaon,Medium,Married,9.0,48.0,2,Yes,182606,142818,
1867,Thomas Gibson,39.0,Male,,IT,Marketing Manager,10.0,5.0,No,,Hyderabad,Startup,Single,,100.0,2,No,101393,156095,
2748,Aaron Mason,38.0,Female,Diploma,Legal,HR Manager,3.0,1.0,No,,Pune,Large,Divorced,,69.0,0,Yes,197404,105091,
4817,David Richardson,37.0,Male,Diploma,Sales,QA Engineer,12.0,3.0,No,,Jaipur,Large,Single,0.0,55.0,0,No,37396,118091,
633,Desiree Wolfe,30.0,Male,Master's,IT,Software Engineer,8.0,2.0,No,Office,Delhi,Medium,Married,0.0,48.0,2,No,122908,110221,
547,Jessica Davis,48.0,Female,Bachelor's,Customer Support,Marketing Executive,17.0,4.0,No,Remote,Delhi,Large,Single,8.0,86.0,10,Yes,79252,154329,
3114,Michael Jimenez,46.0,Male,Diploma,Research,Marketing Manager,5.0,2.0,No,Remote,Jaipur,Large,Single,0.0,62.0,0,No,25835,99996,
2742,Kevin Parks,54.0,Male,Master's,Sales,Network Engineer,12.0,2.0,No,Hybrid,Chennai,Medium,Married,9.0,60.0,11,Yes,62428,152133,
4175,Joanna Hill,50.0,Male,Bachelor's,Operations,Finance Analyst,18.0,4.0,No,Office,Hyderabad,Enterprise,Single,0.0,89.0,2,No,85384,161716,
158,Stefanie Cantu,53.0,Female,Bachelor's,Research,ML Engineer,11.0,2.0,No,,Noida,Enterprise,Married,1.0,90.0,5,Yes,126022,169744,
3907,Mitchell Adkins,50.0,Female,Bachelor's,Administration,Database Administrator,14.0,2.0,No,Office,Hyderabad,Startup,Married,,78.0,4,No,40694,133963,
3917,Ashley Garcia,21.0,Female,High School,Legal,ML Engineer,0.0,4.0,No,Office,Mumbai,Enterprise,Single,9.0,73.0,0,No,188588,129156,
881,Ryan Estrada,21.0,Female,Diploma,Finance,Accountant,0.0,3.0,Yes,Remote,Chennai,Medium,Married,9.0,45.0,0,No,199194,81785,
2565,Samantha Adams,33.0,Male,Diploma,Administration,Cloud Engineer,4.0,4.0,Yes,Office,Indore,Medium,Single,10.0,47.0,4,No,73054,123546,
3908,Anna Adams MD,36.0,Female,High School,Marketing,Data Engineer,10.0,1.0,Yes,Remote,Ghaziabad,Startup,Married,3.0,92.0,9,No,61658,118795,
3394,Shawna Jackson,21.0,Male,Diploma,Operations,Marketing Manager,0.0,5.0,No,Remote,Gurgaon,Large,Married,5.0,95.0,0,No,68354,104444,
4298,Randall Hernandez,43.0,Female,High School,Operations,Marketing Executive,7.0,2.0,No,,Ghaziabad,Medium,Married,2.0,99.0,1,No,84411,93876,
1008,Daniel Poole,52.0,Female,Master's,HR,Backend Developer,10.0,5.0,No,Hybrid,Mumbai,Startup,Married,0.0,44.0,5,Yes,36350,132361,
277,Thomas Orr,43.0,Male,Bachelor's,IT,DevOps Engineer,13.0,4.0,No,Office,Faridabad,Large,Single,10.0,72.0,4,No,143664,153165,
4714,Dominique Cook,53.0,Male,Diploma,,HR Executive,,2.0,Yes,Office,Hyderabad,Large,Married,2.0,50.0,0,No,104056,76865,
1981,Anthony Sparks,60.0,Male,High School,Finance,Business Analyst,30.0,,Yes,Remote,Hyderabad,Startup,Single,7.0,51.0,0,No,159115,164854,
4091,Christina Cruz,34.0,Male,High School,Operations,Cyber Security Analyst,4.0,4.0,No,Office,Chennai,Large,Single,2.0,54.0,0,No,120245,107879,
3137,Tyler Garza,57.0,Female,High School,,Data Engineer,33.0,4.0,No,Hybrid,Chennai,Medium,Married,8.0,71.0,20,No,154038,204052,
4798,Clinton Lane,,Female,High School,Administration,Database Administrator,7.0,1.0,No,Hybrid,Gurgaon,Large,Single,3.0,48.0,2,Yes,171669,110343,
1526,Andres Henry,44.0,Female,Bachelor's,Administration,Marketing Manager,19.0,4.0,No,Office,Pune,Large,Single,4.0,82.0,17,Yes,110236,166730,
380,Danielle Norris,37.0,Male,High School,Research,Product Manager,0.0,3.0,No,Office,Bangalore,Large,Single,0.0,63.0,0,Yes,40002,112764,
43,Michael Smith,42.0,Female,Master's,Administration,Backend Developer,13.0,5.0,Yes,Office,Gurgaon,Large,Married,10.0,86.0,11,Yes,377931,558480,
4829,Melissa Andrews,57.0,Female,Diploma,HR,Software Engineer,12.0,5.0,No,Office,Gurgaon,Medium,Married,2.0,61.0,10,No,146463,113845,
1272,Kyle Stewart,58.0,Female,Master's,Finance,HR Executive,,2.0,Yes,Office,Ahmedabad,Medium,Married,2.0,86.0,3,No,40243,101276,
4545,Amy Hudson,,Female,Bachelor's,Operations,Marketing Executive,6.0,4.0,No,,Delhi,Large,Single,9.0,57.0,1,No,73292,116231,
1094,William Collins,33.0,Male,Bachelor's,Legal,Sales Manager,7.0,4.0,No,,Faridabad,Startup,Married,9.0,64.0,4,Yes,130990,133921,
3851,James Wise,26.0,Male,,Sales,Cyber Security Analyst,0.0,2.0,No,Office,Jaipur,Medium,Single,3.0,,0,No,157007,111800,
1926,Kristina Huber,50.0,Male,Master's,Operations,Sales Manager,15.0,1.0,Yes,Remote,Jaipur,Enterprise,Married,5.0,68.0,12,Yes,122475,179715,
3976,Michael Lynch,54.0,Female,Bachelor's,Operations,Sales Executive,25.0,2.0,No,Office,Ahmedabad,Medium,Single,2.0,65.0,9,Yes,134369,162704,
3468,Kristine Ramirez,37.0,Male,High School,Sales,Sales Manager,0.0,5.0,Yes,Office,Jaipur,Large,Married,2.0,43.0,0,No,48092,96981,
1941,Charlene Klein,48.0,Male,Diploma,Administration,Product Manager,23.0,3.0,Yes,Hybrid,Pune,Startup,Single,6.0,99.0,10,No,156722,169665,
1635,Katelyn Garcia,47.0,Male,Bachelor's,Research,Finance Analyst,14.0,4.0,No,Office,Ghaziabad,Large,Single,6.0,62.0,10,No,113055,149144,
543,Jose Gonzalez,37.0,Female,Bachelor's,HR,ML Engineer,13.0,1.0,Yes,Office,Mumbai,Large,Divorced,4.0,50.0,6,No,159032,157962,
2677,Charles Carpenter,39.0,Female,Master's,Finance,Full Stack Developer,5.0,5.0,No,Hybrid,Pune,Startup,Single,4.0,93.0,4,No,199860,129713,
3840,Scott Ramirez,57.0,Male,Diploma,Sales,Network Engineer,29.0,3.0,Yes,Remote,Jaipur,Large,Single,6.0,100.0,17,No,197851,180914,
4043,Dustin Dodson,23.0,Female,Diploma,Legal,Business Analyst,2.0,5.0,No,Hybrid,Indore,Medium,Single,5.0,40.0,2,No,82399,95624,
394,Robert Spencer,22.0,Female,Master's,Operations,Cloud Engineer,0.0,2.0,No,Hybrid,Chennai,Startup,Single,9.0,45.0,0,No,35605,109837,
4471,Tanya Mason,42.0,Male,Diploma,Customer Support,Sales Executive,15.0,5.0,Yes,Hybrid,Indore,Medium,Married,10.0,60.0,10,No,156873,140169,
2351,Emily Levine,30.0,Female,Bachelor's,Sales,Software Engineer,8.0,4.0,No,Remote,Indore,Large,Married,3.0,40.0,2,No,181699,119270,
4387,Rebecca Boyd,,Female,Bachelor's,Marketing,Frontend Developer,7.0,1.0,No,Hybrid,Indore,Medium,Single,6.0,69.0,6,No,107499,99187,
4789,Shannon Schmidt,,Female,Bachelor's,Administration,Product Manager,0.0,5.0,No,Office,Ahmedabad,Large,Married,10.0,68.0,0,Yes,50470,153975,
2160,Laura Schneider,35.0,Male,Bachelor's,Finance,Software Engineer,12.0,5.0,No,Office,Gurgaon,Medium,Married,9.0,,8,No,160836,137685,
2572,David Valdez,43.0,Male,,,HR Manager,4.0,5.0,No,Hybrid,Lucknow,Medium,Single,2.0,81.0,0,No,141433,138613,
3748,Kenneth Mcconnell,31.0,Female,High School,Customer Support,Sales Executive,2.0,1.0,Yes,Office,Mumbai,Medium,Single,2.0,97.0,2,No,131362,75245,
4688,Julie Moss,44.0,Female,Master's,HR,Marketing Manager,0.0,2.0,No,Office,Pune,Medium,Married,1.0,50.0,0,No,22646,99432,
944,Cindy Hayes,39.0,Male,Bachelor's,Marketing,Backend Developer,16.0,3.0,Yes,Hybrid,Gurgaon,Enterprise,Single,4.0,87.0,4,Yes,135107,180973,
2887,Rebecca Sweeney DVM,31.0,Female,Bachelor's,Sales,Data Engineer,3.0,2.0,No,,Lucknow,Large,Married,2.0,82.0,2,No,155925,120760,
384,Darrell Lee,,Female,Bachelor's,Marketing,Full Stack Developer,8.0,4.0,No,Office,Bangalore,Startup,Single,2.0,48.0,0,Yes,42259,120886,
4066,Anna Moran,58.0,Female,PhD,Sales,HR Manager,25.0,,No,Remote,Chennai,Medium,Married,6.0,69.0,0,No,44610,177055,
1169,Katrina Hampton,42.0,Female,Bachelor's,Legal,Accountant,10.0,1.0,Yes,Office,Kolkata,Medium,Single,1.0,70.0,5,No,113481,103932,
4210,John Freeman,26.0,Male,PhD,Administration,Product Manager,6.0,5.0,No,Office,Delhi,Enterprise,Single,7.0,71.0,1,No,97029,193811,
1696,Michael Valdez,52.0,Female,Bachelor's,Customer Support,Business Analyst,26.0,2.0,No,Office,Pune,Enterprise,Single,5.0,78.0,17,No,73595,169928,
83,Charlene Phillips,34.0,Female,Diploma,Finance,HR Executive,3.0,4.0,Yes,,Indore,Medium,Married,5.0,58.0,0,No,25626,83559,
3245,Lori Miller,24.0,Female,Master's,Legal,Cyber Security Analyst,1.0,2.0,No,Hybrid,Pune,Large,Married,2.0,46.0,1,No,37844,113613,
894,Shari Ellis,32.0,Female,Bachelor's,IT,QA Engineer,11.0,,No,Hybrid,Bangalore,Startup,Married,4.0,65.0,3,Yes,36128,109911,
85,Sheila Dunn,49.0,Male,Master's,Legal,Frontend Developer,11.0,,No,Hybrid,Lucknow,Large,Married,3.0,75.0,8,Yes,94744,158708,
623,Craig Peterson,52.0,Female,Master's,IT,ML Engineer,25.0,3.0,Yes,Office,Kolkata,Large,Married,7.0,92.0,10,No,86896,207830,
809,Cody Harris,50.0,Female,PhD,Legal,Marketing Manager,6.0,3.0,No,Remote,Faridabad,Medium,Married,0.0,58.0,6,No,34323,146098,
3433,Luke Galvan,,Female,Diploma,Customer Support,Backend Developer,25.0,1.0,No,Office,Delhi,Medium,Single,9.0,81.0,14,Yes,90313,181409,
2746,Amber Cline,30.0,Female,PhD,Marketing,Full Stack Developer,6.0,1.0,No,Hybrid,Kolkata,Large,Divorced,10.0,98.0,4,Yes,111546,175433,
1277,Xavier Walton,31.0,Female,Master's,Sales,Full Stack Developer,6.0,3.0,No,Remote,Delhi,Large,Married,6.0,51.0,5,Yes,102095,145554,
4984,Valerie White,23.0,Female,Bachelor's,Operations,Cloud Engineer,2.0,5.0,No,Hybrid,Ahmedabad,Startup,Single,5.0,56.0,1,No,194214,114085,
4032,Robert Wolfe,50.0,Male,Master's,Marketing,Sales Executive,2.0,5.0,Yes,Hybrid,Pune,Medium,Married,8.0,65.0,1,No,52053,118100,
3620,Zachary Smith,32.0,Male,Bachelor's,IT,Cloud Engineer,3.0,5.0,Yes,Office,Ghaziabad,Startup,Married,3.0,78.0,2,No,184540,115880,
2481,Cindy Murray,53.0,Female,Bachelor's,IT,Sales Manager,31.0,3.0,Yes,Remote,Ahmedabad,Large,Single,9.0,63.0,13,Yes,86759,210224,
4898,Brandon Baxter,22.0,Female,Bachelor's,HR,Marketing Executive,2.0,2.0,Yes,Office,Chennai,Medium,Single,3.0,44.0,1,Yes,181013,97908,
3718,Jeremy Hoffman,59.0,Male,Diploma,Operations,Full Stack Developer,27.0,2.0,Yes,Office,Delhi,Startup,Married,5.0,78.0,0,Yes,22196,173852,
2747,Justin Welch,51.0,Female,Diploma,Marketing,QA Engineer,29.0,1.0,No,Office,Kolkata,Enterprise,Married,6.0,,17,No,79899,155578,
118,Teresa White,47.0,Female,Master's,Marketing,Sales Manager,27.0,5.0,Yes,Office,Kolkata,Medium,Married,4.0,49.0,6,No,80428,183693,
3582,Joseph Macdonald,50.0,Female,High School,HR,Sales Manager,20.0,5.0,No,Hybrid,Kolkata,Large,Single,8.0,77.0,6,No,154080,155202,
4965,Briana Hernandez,,Male,Bachelor's,Customer Support,Finance Analyst,1.0,4.0,No,Office,Noida,Enterprise,Divorced,0.0,88.0,1,Yes,168301,122792,
3494,Rhonda Henry,51.0,Male,Bachelor's,Sales,Business Analyst,6.0,4.0,No,Hybrid,Noida,Startup,Single,2.0,64.0,6,No,140647,106325,
3773,Jason Morgan,24.0,Male,Master's,,Marketing Manager,1.0,5.0,Yes,Remote,Lucknow,Enterprise,Divorced,4.0,,1,No,91894,146858,
689,Martin Wolf,51.0,Male,Bachelor's,,DevOps Engineer,30.0,1.0,No,Office,Pune,Enterprise,Single,7.0,83.0,20,No,78390,208184,
3436,Derek Khan,42.0,Female,Bachelor's,,Data Analyst,15.0,2.0,Yes,Hybrid,Jaipur,Startup,Married,9.0,68.0,12,Yes,98192,142516,
3781,Tara Erickson,46.0,Male,,HR,Sales Executive,17.0,3.0,No,Office,Chennai,Large,Married,8.0,46.0,1,No,32319,146101,
400,James Becker,25.0,Male,Diploma,Administration,Software Engineer,2.0,5.0,No,Hybrid,Kolkata,Startup,Single,8.0,66.0,2,Yes,130100,108895,
727,Sean Kelly,55.0,Female,Diploma,HR,Database Administrator,18.0,2.0,No,Office,Lucknow,Large,Married,,80.0,16,No,127345,144314,
2829,Jackson Thomas,22.0,Male,,Administration,Data Analyst,1.0,3.0,No,Office,Ghaziabad,Enterprise,Married,1.0,98.0,1,No,56766,107908,
1702,Elaine Huber,47.0,Male,Master's,Administration,Finance Analyst,14.0,2.0,No,Hybrid,Jaipur,Enterprise,Married,4.0,53.0,1,Yes,168159,160196,
3232,Timothy Collier,43.0,Male,,Administration,HR Manager,,3.0,Yes,Office,Hyderabad,Medium,Divorced,2.0,100.0,5,No,193419,127158,
3142,Lori Chavez,47.0,Female,Diploma,IT,Network Engineer,8.0,5.0,No,Hybrid,Kolkata,Large,Single,1.0,97.0,3,No,126329,117897,
18,Susan Rubio,53.0,Female,Bachelor's,Legal,Sales Manager,2.0,2.0,No,Office,Noida,Large,Divorced,1.0,66.0,1,No,178823,108722,
4802,Kathy Watson,54.0,Female,Bachelor's,,Data Engineer,31.0,3.0,No,Hybrid,Ghaziabad,Medium,Married,9.0,75.0,8,No,93828,214722,
1468,Joshua Bryant,46.0,Female,Master's,,Data Analyst,24.0,5.0,No,Hybrid,Indore,Medium,Married,1.0,57.0,20,No,201465,455022,
116,Daniel Hensley,22.0,Male,Bachelor's,,Finance Analyst,2.0,2.0,No,Office,Kolkata,Large,Married,8.0,62.0,2,Yes,48141,116657,
4955,Kevin Bowman,49.0,Female,,Research,QA Engineer,13.0,1.0,No,Office,Jaipur,Large,Single,5.0,61.0,4,No,128950,140726,
3708,Nicholas Stanton,36.0,Female,Bachelor's,HR,Sales Manager,11.0,3.0,Yes,Remote,Hyderabad,Startup,Single,9.0,,10,No,182266,141593,
870,Jason Mays,57.0,Female,,Sales,Marketing Executive,17.0,3.0,No,Remote,Pune,Medium,Married,0.0,54.0,17,Yes,161439,132652,
1450,Jenna Reese,58.0,Male,Master's,Research,Accountant,34.0,1.0,No,Remote,Chennai,Medium,Married,10.0,,18,No,103247,191997,
2839,Edward Brown,24.0,Male,Bachelor's,Legal,Full Stack Developer,3.0,1.0,No,Office,Ghaziabad,Large,Single,4.0,74.0,1,No,188367,112908,
26,Michael Pierce,32.0,Male,High School,Finance,Marketing Executive,1.0,1.0,No,Office,Chennai,Startup,Married,8.0,46.0,1,No,58513,58752,
858,Mason Harper,58.0,Male,Bachelor's,IT,Marketing Executive,14.0,2.0,Yes,Remote,Ghaziabad,Large,Single,7.0,91.0,7,No,97332,143500,
2198,Paige Delgado,56.0,Male,High School,Legal,Frontend Developer,1.0,5.0,Yes,Hybrid,Bangalore,Startup,Married,4.0,98.0,0,No,185832,94225,
938,Adam Cox,,Male,High School,IT,Product Manager,2.0,4.0,No,Office,Gurgaon,Large,Single,0.0,63.0,2,No,115849,113358,
3697,Danielle Arellano,39.0,Female,Bachelor's,Legal,DevOps Engineer,6.0,3.0,No,Hybrid,Noida,Medium,Married,0.0,45.0,6,Yes,184965,121656,
1600,Robert Massey,40.0,Female,Master's,Marketing,Cyber Security Analyst,20.0,1.0,No,Office,Pune,Large,Married,6.0,92.0,12,No,153374,175739,
3497,Julian Collins,35.0,Female,Master's,Research,Sales Executive,1.0,1.0,No,Office,Hyderabad,Medium,Single,7.0,65.0,0,No,165563,91749,
2911,Michael Jones,42.0,Male,Master's,Research,Backend Developer,17.0,1.0,No,,Ahmedabad,Medium,Married,6.0,42.0,0,Yes,194192,152120,
1394,Marilyn Parker,49.0,Male,,,Data Scientist,14.0,2.0,No,Office,Ghaziabad,Medium,Married,9.0,80.0,3,No,145728,160877,
828,Joshua Everett,56.0,Female,Diploma,Legal,Data Analyst,14.0,3.0,No,Remote,Jaipur,Large,Single,1.0,88.0,2,Yes,30273,130260,
1723,Jeffrey Cortez,59.0,Male,Bachelor's,Sales,Accountant,2.0,3.0,No,Office,Pune,Large,Married,8.0,42.0,1,No,173120,270807,
1088,Edwin Cordova,38.0,Male,Bachelor's,Sales,Accountant,16.0,5.0,Yes,Office,Delhi,Large,Single,0.0,51.0,11,No,32713,138380,
4021,Christine Caldwell,33.0,Male,Master's,Research,Sales Manager,1.0,3.0,No,Remote,Hyderabad,Large,Married,8.0,89.0,0,No,103207,125494,
1551,Gary Gonzales,26.0,Male,Bachelor's,HR,Data Engineer,2.0,,No,Hybrid,Chennai,Startup,Married,4.0,59.0,1,No,113979,109550,
935,Victoria Williams,43.0,Male,Bachelor's,IT,Cloud Engineer,,3.0,No,Office,Lucknow,Medium,Married,5.0,48.0,11,No,73025,129548,
42,Kristin Pierce,34.0,Male,Bachelor's,Legal,Network Engineer,9.0,1.0,No,Hybrid,Kolkata,Enterprise,Single,9.0,75.0,0,Yes,70428,143247,
4682,Jacob Hughes,41.0,Female,Diploma,Legal,Sales Manager,6.0,2.0,No,Office,Lucknow,Medium,Married,1.0,43.0,0,No,194168,90427,
3018,Howard Chapman,47.0,Male,Bachelor's,IT,Full Stack Developer,25.0,4.0,Yes,Office,Ghaziabad,Large,Single,4.0,63.0,10,No,158215,192867,
4117,Nicole Brewer,35.0,Female,Bachelor's,Marketing,Network Engineer,2.0,4.0,No,Office,Ghaziabad,Startup,Married,0.0,98.0,1,Yes,124403,109052,
2910,Alex Freeman,56.0,Female,Diploma,Legal,Finance Analyst,4.0,4.0,No,Office,Faridabad,Enterprise,Married,4.0,49.0,0,Yes,20636,117338,
4277,Benjamin Carrillo,39.0,Female,Master's,Finance,Network Engineer,17.0,,No,Office,Jaipur,Enterprise,Single,1.0,40.0,9,Yes,36876,168956,
2732,Tammy Pierce,33.0,Male,Master's,Legal,Accountant,6.0,4.0,No,Office,Bangalore,Medium,Single,7.0,42.0,5,No,37845,107436,
1163,Amanda Morris,51.0,Female,Bachelor's,Legal,Software Engineer,7.0,5.0,Yes,Remote,Lucknow,Medium,Single,8.0,100.0,7,Yes,52175,151477,
148,Taylor Benjamin,33.0,Male,Master's,Customer Support,Backend Developer,1.0,4.0,No,Office,Gurgaon,Enterprise,Single,3.0,88.0,0,No,81709,127629,
3226,Paul Morales,23.0,Male,PhD,Legal,Marketing Executive,2.0,3.0,No,Office,Kolkata,Enterprise,Married,3.0,97.0,2,No,164669,142681,
2888,Emily Holt,22.0,Female,Master's,Operations,Frontend Developer,2.0,2.0,No,Office,Chennai,Large,Single,5.0,50.0,0,No,154604,331677,
1967,Joanna Robinson,40.0,Female,High School,IT,Backend Developer,18.0,2.0,Yes,Office,Chennai,Medium,Married,8.0,85.0,18,No,149147,142875,
1949,Stacy Flores,42.0,Female,Master's,,Accountant,12.0,2.0,Yes,Office,Hyderabad,Medium,Married,1.0,94.0,2,No,138394,138279,
4791,Laura Moore,45.0,Female,Diploma,IT,Sales Manager,17.0,5.0,No,Hybrid,Hyderabad,Large,Married,6.0,,4,No,124927,156823,
1988,Steve Miller,24.0,Male,Master's,Finance,Data Analyst,0.0,,No,Office,Delhi,Medium,Single,10.0,85.0,0,No,530115,198982,
2048,Amber Morgan,59.0,Female,,Administration,Data Engineer,27.0,4.0,Yes,Remote,Jaipur,Startup,Married,6.0,67.0,7,Yes,131895,203669,
655,Corey Willis,40.0,Male,Bachelor's,Sales,DevOps Engineer,12.0,4.0,No,Office,Delhi,Startup,Single,1.0,71.0,12,No,145093,121080,
3030,Alison Cowan,58.0,Female,High School,IT,Sales Manager,18.0,4.0,No,Remote,Pune,Large,Single,10.0,100.0,0,No,108796,149134,
1181,Rachel Wright,,Male,Diploma,Customer Support,Sales Executive,1.0,4.0,No,Hybrid,Kolkata,Large,Married,0.0,42.0,1,No,69421,74835,
3318,Tiffany Williams,21.0,Male,Diploma,,Database Administrator,0.0,,Yes,Remote,Hyderabad,Enterprise,Single,9.0,75.0,0,No,49669,123020,
102,Stacy Spencer,49.0,Male,Bachelor's,,Project Manager,25.0,5.0,Yes,Hybrid,Kolkata,Large,Married,1.0,83.0,10,Yes,184246,213275,
4997,Marisa Walker,34.0,Female,Master's,Research,Software Engineer,2.0,1.0,Yes,Office,Ahmedabad,Large,Single,3.0,62.0,1,No,71805,110092,
127,Michael Vaughan,43.0,Female,Master's,Marketing,Software Engineer,23.0,3.0,Yes,Hybrid,Ahmedabad,Startup,Married,8.0,,14,Yes,173728,194345,
3056,Chad Phillips,34.0,Male,Master's,Marketing,Sales Manager,1.0,1.0,Yes,Hybrid,Delhi,Medium,Single,0.0,44.0,1,Yes,118189,118356,
2786,Mark Little,55.0,Female,Bachelor's,IT,Network Engineer,7.0,5.0,No,Hybrid,Jaipur,Medium,Married,,74.0,5,No,191996,126425,
2624,Tiffany Brown,,Female,Diploma,Customer Support,QA Engineer,23.0,2.0,No,Remote,Gurgaon,Large,Divorced,10.0,92.0,2,No,184865,160780,
2879,Andrew Potter,51.0,Female,Bachelor's,Legal,Marketing Executive,9.0,5.0,No,Hybrid,Indore,Medium,Married,5.0,92.0,0,No,79895,116383,
106,Candice Garcia,39.0,Female,Bachelor's,Research,HR Manager,3.0,3.0,No,Hybrid,Noida,Startup,Single,1.0,72.0,2,No,192693,93640,
86,Michael Lewis,22.0,Female,Bachelor's,Administration,Sales Executive,2.0,2.0,No,Office,Indore,Large,Single,8.0,72.0,1,No,184053,95819,
2292,Daniel Long,,Male,Diploma,IT,ML Engineer,0.0,3.0,Yes,Office,Faridabad,Startup,Single,0.0,100.0,0,No,74259,108514,
3899,Christopher Sanchez,58.0,Female,Master's,Customer Support,Business Analyst,7.0,1.0,No,Remote,Ghaziabad,Medium,Married,4.0,81.0,6,No,186885,120717,
3559,Maurice Gonzalez,26.0,Male,Bachelor's,Legal,HR Executive,6.0,5.0,Yes,Office,Gurgaon,Medium,Divorced,7.0,82.0,0,No,125188,109169,
1390,Julia Burnett,21.0,Male,,Marketing,Full Stack Developer,1.0,1.0,No,Office,Bangalore,Large,Married,3.0,46.0,0,No,158606,81795,
4704,John Doyle,29.0,Female,Bachelor's,Marketing,Sales Manager,4.0,3.0,No,Office,Gurgaon,Medium,Single,3.0,74.0,4,No,89155,108103,
3613,Joseph Fry,52.0,Male,Bachelor's,Finance,Sales Manager,3.0,3.0,No,Remote,Lucknow,Large,Single,8.0,67.0,2,No,105445,116844,
1514,Gabriel Herrera,59.0,Female,Bachelor's,Research,Marketing Executive,9.0,3.0,No,Remote,Pune,Large,Married,10.0,61.0,1,No,72147,126163,
3058,Justin Strong,,Female,Master's,Finance,Network Engineer,0.0,3.0,Yes,Hybrid,Ahmedabad,Large,Married,6.0,83.0,0,No,137145,122978,
3905,John Edwards,23.0,Male,Diploma,Legal,Sales Manager,1.0,3.0,Yes,Office,Pune,Large,Married,0.0,65.0,1,No,31243,95675,
3592,Andrew Jones,31.0,Male,Master's,Administration,Database Administrator,,2.0,No,Remote,Chennai,Medium,Married,1.0,85.0,7,No,66679,124330,
56,Lindsey Macias,60.0,Male,Bachelor's,Marketing,DevOps Engineer,14.0,2.0,No,Office,Mumbai,Startup,Single,9.0,50.0,5,No,146161,135483,
2656,Phillip Harrison,38.0,Female,Bachelor's,Administration,Network Engineer,6.0,4.0,Yes,Office,Indore,Medium,Single,,98.0,4,Yes,90658,138474,
4243,Mrs. Sarah Hughes,21.0,Male,Bachelor's,Legal,Full Stack Developer,1.0,5.0,Yes,Office,Chennai,Medium,Married,3.0,69.0,1,No,69506,112909,
3028,Tina Lucas MD,26.0,Male,Diploma,Marketing,DevOps Engineer,3.0,1.0,No,,Delhi,Enterprise,Single,10.0,87.0,1,No,253923,357264,
1679,Stephen Porter,33.0,Female,Diploma,Sales,Data Scientist,,2.0,No,Remote,Ahmedabad,Large,Single,,51.0,3,No,111437,128092,
2459,Dr. Erica Martin,,Female,Diploma,HR,Sales Manager,1.0,1.0,No,Hybrid,Ahmedabad,Large,Married,3.0,92.0,0,Yes,47668,106556,
847,Michelle Vasquez,56.0,Male,Diploma,Sales,Data Engineer,8.0,2.0,Yes,Hybrid,Kolkata,Large,Single,1.0,,1,No,63578,133650,
3104,Denise Wells,30.0,Male,Bachelor's,IT,Backend Developer,2.0,5.0,No,Hybrid,Delhi,Enterprise,Married,8.0,83.0,1,No,426868,377046,
1913,Brandi Walker,47.0,Male,Diploma,HR,Cyber Security Analyst,7.0,5.0,No,Hybrid,Gurgaon,Medium,Married,1.0,50.0,5,No,152083,119652,
2881,David Hanson,48.0,Female,Bachelor's,Operations,Data Analyst,1.0,4.0,No,Office,Chennai,Medium,Single,10.0,99.0,0,No,171294,104508,
1716,Jeremy Olson,24.0,Male,Bachelor's,Customer Support,DevOps Engineer,3.0,2.0,Yes,Remote,Ahmedabad,Enterprise,Single,9.0,74.0,3,No,93474,141306,
2959,Holly Ibarra,29.0,Female,Bachelor's,Research,Project Manager,8.0,4.0,Yes,,Noida,Medium,Married,1.0,77.0,5,No,58102,136593,
2226,Calvin Salinas,27.0,Female,Master's,HR,DevOps Engineer,5.0,1.0,No,Office,Mumbai,Large,Married,8.0,79.0,2,No,119381,135205,
428,Brad Myers,47.0,Female,Bachelor's,Legal,HR Executive,15.0,3.0,No,Hybrid,Delhi,Large,Married,7.0,,5,No,90248,131533,
3121,Jason Carlson,46.0,Male,Bachelor's,Administration,Full Stack Developer,6.0,1.0,Yes,Office,Chennai,Large,Married,8.0,87.0,3,Yes,169674,141581,
4339,Julia Rowe,37.0,Female,Bachelor's,IT,Database Administrator,14.0,4.0,Yes,Hybrid,Lucknow,Startup,Single,4.0,52.0,1,No,183408,410718,
4544,Larry Lucero,25.0,Female,Master's,Sales,Finance Analyst,,3.0,Yes,Hybrid,Ghaziabad,Medium,Married,4.0,41.0,0,No,180101,103679,
177,Dylan Church,53.0,Male,Master's,Legal,Product Manager,26.0,5.0,No,Hybrid,Delhi,Medium,Single,3.0,86.0,8,Yes,125426,227497,
2816,Jennifer Estrada,45.0,Male,Bachelor's,Sales,Cloud Engineer,12.0,5.0,Yes,Hybrid,Chennai,Enterprise,Single,10.0,69.0,9,Yes,73256,191365,
2108,Keith Anderson,53.0,Female,Master's,Sales,Accountant,3.0,1.0,No,Remote,Pune,Medium,Single,8.0,44.0,1,Yes,194099,111662,
3606,Nancy Johnson,,Male,High School,Sales,HR Manager,4.0,5.0,No,Hybrid,Indore,Medium,Married,1.0,53.0,3,No,41824,87126,
2223,Nicole Mitchell,24.0,Female,Master's,Marketing,Marketing Executive,2.0,3.0,No,Hybrid,Faridabad,Large,Married,2.0,,2,No,182148,112013,
2169,Ruth Vance,45.0,Male,PhD,Marketing,Marketing Executive,5.0,1.0,Yes,Hybrid,Faridabad,Medium,Married,5.0,62.0,3,No,68949,128863,
429,Carlos Holt,37.0,Male,Bachelor's,Research,ML Engineer,14.0,2.0,No,Office,Jaipur,Medium,Single,5.0,95.0,5,Yes,138724,164358,
2717,Debbie Chavez,,Female,Bachelor's,Research,Data Scientist,6.0,5.0,No,Remote,Mumbai,Startup,Married,1.0,55.0,1,No,190023,125562,
4165,Nathaniel Kennedy,53.0,Female,Bachelor's,Marketing,Accountant,17.0,1.0,Yes,Remote,Mumbai,Enterprise,Single,8.0,60.0,11,No,101500,144248,
4415,Christopher Dennis,46.0,Male,,Sales,Data Analyst,0.0,4.0,No,Hybrid,Ahmedabad,Medium,Married,1.0,83.0,0,No,52406,73091,
3111,Monica Walker,54.0,Female,Bachelor's,Legal,ML Engineer,22.0,1.0,Yes,Office,Delhi,Enterprise,Married,2.0,60.0,11,No,77726,186766,
1824,Sophia Lawson,57.0,Female,Bachelor's,Research,Data Engineer,20.0,3.0,No,,Chennai,Large,Married,2.0,50.0,1,No,86883,168927,
93,Trevor Potter Jr.,43.0,Female,Bachelor's,HR,Marketing Executive,,,No,Hybrid,Lucknow,Startup,Single,7.0,78.0,8,No,65893,110731,
4921,Cynthia Gutierrez,59.0,Male,Bachelor's,IT,Backend Developer,32.0,3.0,No,Hybrid,Chennai,Startup,Married,2.0,,12,No,100936,188112,
186,Cody Marshall,53.0,Female,Diploma,Legal,Sales Executive,26.0,5.0,No,Remote,Lucknow,Medium,Married,2.0,69.0,5,No,97227,147165,
867,Maria Garrett,34.0,Male,Bachelor's,HR,Finance Analyst,2.0,2.0,No,Office,Mumbai,Enterprise,Single,3.0,59.0,1,Yes,34781,116982,
421,Bobby Martinez V,52.0,Male,Bachelor's,Research,Cloud Engineer,4.0,2.0,Yes,Hybrid,Noida,Enterprise,Single,3.0,,0,No,44502,134701,
4749,Chris Rubio,55.0,Male,Bachelor's,Customer Support,ML Engineer,8.0,5.0,Yes,Hybrid,Kolkata,Enterprise,Married,8.0,95.0,5,No,116868,176354,
1410,Anthony Anthony,46.0,Male,Diploma,HR,Project Manager,26.0,3.0,No,Office,Noida,Enterprise,Married,7.0,60.0,8,No,78438,185192,
673,Sandra Edwards,47.0,Male,Bachelor's,Operations,Accountant,14.0,5.0,No,Remote,Hyderabad,Enterprise,Married,5.0,45.0,13,No,178450,140646,
2373,Dr. Michael Thomas,23.0,Female,Master's,Sales,Network Engineer,0.0,4.0,No,Office,Jaipur,Startup,Single,2.0,69.0,0,Yes,89509,118153,
3355,Emily Hunt,21.0,Female,Master's,Legal,Accountant,0.0,5.0,No,Remote,Gurgaon,Startup,Single,1.0,,0,No,148381,97002,
447,Michelle Poole,22.0,Female,Master's,Finance,Frontend Developer,1.0,3.0,No,Hybrid,Bangalore,Medium,Single,10.0,,1,No,51629,106994,
1542,Joseph Gallagher,32.0,Female,Bachelor's,Marketing,Data Scientist,11.0,5.0,Yes,Hybrid,Delhi,Large,Married,10.0,57.0,9,No,37057,168649,
3464,Jeremy Vasquez,54.0,Male,Master's,IT,Marketing Executive,1.0,2.0,Yes,Office,Jaipur,Enterprise,Single,3.0,75.0,0,No,115685,121317,
2544,Jennifer Ramirez,48.0,Female,Diploma,Customer Support,Marketing Executive,16.0,2.0,Yes,Hybrid,Bangalore,Large,Married,9.0,52.0,1,No,192967,134854,
442,Dana Lynch,26.0,Female,Master's,,Marketing Executive,3.0,3.0,No,Office,Bangalore,Large,Married,8.0,63.0,0,No,64999,109931,
2186,Haley Lopez,23.0,Male,Master's,IT,Software Engineer,3.0,4.0,No,Hybrid,Indore,Enterprise,Married,7.0,45.0,3,No,143815,124307,
2475,Christine Welch,25.0,Male,High School,Sales,HR Executive,2.0,5.0,Yes,Hybrid,Faridabad,Enterprise,Married,8.0,50.0,2,Yes,65749,114768,
327,Derrick Monroe,45.0,Female,Diploma,Operations,DevOps Engineer,4.0,5.0,No,Office,Delhi,Startup,Married,1.0,71.0,0,Yes,59895,118748,
3549,Matthew Brooks,53.0,Male,Diploma,Legal,QA Engineer,16.0,2.0,No,Hybrid,Kolkata,Startup,Married,9.0,71.0,7,Yes,198828,132863,
1588,Mackenzie Davis,43.0,Female,Bachelor's,IT,Database Administrator,22.0,4.0,No,Remote,Jaipur,Medium,Married,7.0,83.0,20,No,58665,175478,
387,Theresa Harris,31.0,Male,Master's,Legal,Data Scientist,2.0,5.0,No,Remote,Faridabad,Large,Divorced,5.0,52.0,2,No,188455,147635,
2249,Anthony Lopez,56.0,Female,High School,Sales,QA Engineer,28.0,1.0,No,Office,Indore,Medium,Married,6.0,98.0,1,No,127787,162920,
3439,Cynthia Lewis,51.0,Male,Master's,Finance,HR Executive,31.0,5.0,No,Hybrid,Mumbai,Medium,Single,0.0,71.0,5,No,54527,179023,
2655,Veronica Hardy,60.0,Male,Bachelor's,Finance,Data Analyst,7.0,3.0,No,Office,Mumbai,Medium,Married,8.0,81.0,1,Yes,45300,121305,
2612,Gary Olsen,28.0,Male,Master's,IT,Sales Executive,4.0,,No,Office,Noida,Medium,Married,10.0,44.0,4,No,28896,101237,
1299,Richard Brown,38.0,Male,Bachelor's,Marketing,Backend Developer,15.0,5.0,No,,Ahmedabad,Large,Divorced,10.0,71.0,10,No,136558,157962,
4622,Mary Johnson,57.0,Female,Diploma,HR,Database Administrator,6.0,2.0,No,Office,Faridabad,Medium,Single,1.0,42.0,5,No,110428,94136,
2589,Teresa Lee,46.0,Female,Master's,Research,Finance Analyst,,5.0,No,Office,Gurgaon,Enterprise,Single,4.0,75.0,5,No,161425,151598,
593,Daniel Fernandez,27.0,Female,Master's,Operations,Business Analyst,2.0,,No,Office,Gurgaon,Medium,Married,1.0,74.0,2,Yes,32974,121147,
4983,Timothy Reese,36.0,Female,Diploma,Marketing,Sales Manager,11.0,2.0,No,Office,Hyderabad,Startup,Married,10.0,59.0,0,Yes,68463,129592,
3650,Shannon Peters,52.0,Male,Bachelor's,IT,Backend Developer,30.0,3.0,No,Remote,Gurgaon,Enterprise,Single,7.0,71.0,17,No,68499,185087,
3924,Benjamin Baker,30.0,Female,Master's,Operations,Network Engineer,3.0,4.0,No,Office,Jaipur,Medium,Married,9.0,77.0,3,No,72906,123525,
4105,Rebecca Daniels,48.0,Male,PhD,HR,Database Administrator,22.0,4.0,Yes,Office,Delhi,Medium,Single,9.0,78.0,10,No,168745,206464,
2371,Charles Shepard,25.0,Male,High School,Operations,Marketing Executive,1.0,,Yes,Office,Faridabad,Large,Married,1.0,55.0,1,No,50112,87419,
3843,Connie Davila,,Male,Diploma,Customer Support,Frontend Developer,7.0,3.0,Yes,Hybrid,Ghaziabad,Startup,Single,4.0,84.0,0,No,64816,98934,
1734,Donna Marshall,53.0,Male,Bachelor's,Legal,HR Manager,27.0,5.0,Yes,Remote,Bangalore,Enterprise,Married,10.0,99.0,7,No,159934,210125,
2465,Alyssa Lee,,Male,Bachelor's,Finance,Business Analyst,3.0,5.0,Yes,Office,Kolkata,Large,Married,6.0,73.0,2,No,67901,125873,
1232,Timothy Ford,37.0,Male,,Legal,Sales Executive,3.0,4.0,No,Hybrid,Noida,Medium,Single,7.0,85.0,3,No,118591,109936,
1666,Kevin Casey,55.0,Male,Master's,Sales,Sales Executive,8.0,5.0,Yes,,Pune,Medium,Single,7.0,,0,No,91451,126172,
4268,Regina Potter,37.0,Male,Bachelor's,Finance,QA Engineer,11.0,3.0,No,Office,Chennai,Medium,Single,0.0,75.0,4,No,94847,110861,
4178,Edward Dean,32.0,Female,Bachelor's,Legal,Database Administrator,6.0,5.0,Yes,Hybrid,Hyderabad,Startup,Single,10.0,62.0,0,Yes,114874,130964,
803,Patrick Nelson,34.0,Female,Bachelor's,Operations,Frontend Developer,11.0,2.0,No,Office,Delhi,Enterprise,Single,5.0,,10,Yes,95842,147227,
924,Lisa Barker,60.0,Female,Bachelor's,Finance,Cyber Security Analyst,34.0,5.0,Yes,Office,Pune,Medium,Single,4.0,97.0,11,Yes,157301,205122,
2453,Mark Taylor,40.0,Female,Bachelor's,Operations,Data Scientist,0.0,1.0,Yes,Office,Bangalore,Large,Single,10.0,100.0,0,No,29227,134001,
4696,Darius Barrett,51.0,Male,Bachelor's,Marketing,Sales Executive,,2.0,Yes,,Jaipur,Medium,Married,0.0,,11,No,63189,141036,
366,Michael Wilson,45.0,Male,Master's,Operations,HR Executive,7.0,4.0,Yes,Office,Mumbai,Enterprise,Married,1.0,,3,No,63481,134670,
954,Richard Travis,29.0,Female,Master's,Customer Support,Cyber Security Analyst,1.0,4.0,No,Hybrid,Chennai,Startup,Single,4.0,73.0,0,No,132626,115265,
2366,Michelle Davis,56.0,Male,Bachelor's,IT,Data Analyst,26.0,2.0,No,Remote,Ahmedabad,Large,Married,6.0,75.0,6,Yes,134301,175251,
1908,Katherine Johnson,,Male,Diploma,Operations,Marketing Manager,0.0,3.0,Yes,Hybrid,Bangalore,Large,Married,,60.0,0,No,173240,110344,
1503,Barbara Johnston,48.0,Female,Bachelor's,Finance,Product Manager,14.0,1.0,No,Remote,Chennai,Medium,Single,9.0,44.0,0,No,111396,146145,
2400,Harold Hendrix,49.0,Female,High School,Marketing,Backend Developer,20.0,,Yes,Hybrid,Indore,Large,Single,,78.0,19,Yes,24017,154293,
1630,Michael Murray,33.0,Female,Master's,Finance,QA Engineer,3.0,4.0,No,Remote,Ahmedabad,Medium,Married,1.0,62.0,2,No,115003,108411,
4954,Damon Johnson III,37.0,Female,Bachelor's,Sales,Accountant,17.0,2.0,No,Hybrid,Delhi,Enterprise,Married,4.0,84.0,9,No,128388,144819,
670,Sean Brown,58.0,Female,Diploma,Legal,Data Engineer,20.0,4.0,Yes,Hybrid,Indore,Large,Single,10.0,61.0,16,No,390564,550302,
3920,Jared Herrera,59.0,Male,Bachelor's,Sales,Full Stack Developer,26.0,1.0,No,Hybrid,Jaipur,Large,Single,,86.0,3,No,42197,170842,
1740,Gregory Foster,23.0,Female,Bachelor's,Finance,Data Engineer,,2.0,Yes,Remote,Ghaziabad,Medium,Single,2.0,43.0,1,No,73173,104103,
77,Jordan Wilcox,45.0,Male,High School,Administration,Product Manager,4.0,3.0,No,Hybrid,Bangalore,Enterprise,Single,,52.0,0,Yes,160588,137910,
4703,Shawn Mckay,43.0,Male,Bachelor's,Legal,DevOps Engineer,0.0,,Yes,Office,Faridabad,Large,Single,1.0,85.0,0,No,186684,112684,
2862,Christopher Kennedy,36.0,Female,Diploma,Research,Sales Executive,13.0,4.0,No,Remote,Bangalore,Large,Single,5.0,56.0,9,No,167420,118687,
4204,Ralph Holloway,29.0,Male,Bachelor's,Customer Support,Backend Developer,7.0,4.0,No,Hybrid,Gurgaon,Medium,Married,1.0,99.0,7,No,107080,116772,
3193,Patrick Morton,37.0,Female,High School,Administration,Business Analyst,4.0,5.0,No,Hybrid,Ghaziabad,Medium,Single,10.0,85.0,0,No,40576,105301,
2867,Levi Brooks,42.0,Female,Bachelor's,Research,Database Administrator,22.0,5.0,No,Hybrid,Kolkata,Enterprise,Married,7.0,96.0,8,No,183033,195879,
4506,Christy Nunez,54.0,Female,Master's,IT,Sales Executive,23.0,5.0,No,Office,Gurgaon,Large,Married,5.0,53.0,17,No,134640,166779,
4866,Alvin Clark,44.0,Female,,IT,Backend Developer,18.0,4.0,No,Hybrid,Noida,Large,Single,5.0,68.0,15,Yes,192859,159921,
2255,Joseph Goodwin,33.0,Female,Bachelor's,Operations,Project Manager,6.0,3.0,Yes,Remote,Pune,Enterprise,Married,1.0,59.0,4,No,146853,145485,
2087,Shannon Johnson,50.0,Female,High School,Research,Database Administrator,2.0,5.0,No,Office,Chennai,Medium,Single,2.0,80.0,0,No,118373,96897,
4082,Julie Myers,60.0,Male,Master's,Research,Cyber Security Analyst,35.0,5.0,Yes,Hybrid,Faridabad,Enterprise,Married,4.0,81.0,9,No,34756,241909,
922,Pamela Shields,48.0,Female,Bachelor's,IT,Marketing Executive,22.0,4.0,No,Hybrid,Delhi,Large,Divorced,8.0,71.0,18,Yes,388710,505593,
1653,Timothy Herrera DDS,36.0,Male,Bachelor's,Sales,Business Analyst,9.0,2.0,No,Office,Chennai,Startup,Married,1.0,41.0,8,Yes,155713,116916,
1107,Lindsey Obrien,32.0,Female,Bachelor's,Research,Network Engineer,2.0,1.0,No,Office,Jaipur,Startup,Married,9.0,74.0,0,No,45379,87013,
377,Brittany Martinez,46.0,Male,Master's,Sales,Accountant,,5.0,Yes,Office,Hyderabad,Medium,Single,5.0,67.0,5,Yes,139156,143959,
3008,Todd Willis,47.0,Male,Bachelor's,,QA Engineer,15.0,1.0,No,Office,Ahmedabad,Medium,Single,,83.0,15,Yes,51935,140554,
3712,Deborah Crawford,52.0,Male,Diploma,Sales,DevOps Engineer,1.0,2.0,No,Hybrid,Lucknow,Medium,Single,1.0,84.0,1,No,48243,87869,
3856,Catherine Cox,53.0,Male,Diploma,HR,ML Engineer,3.0,2.0,Yes,Office,Indore,Medium,Single,10.0,73.0,0,No,112181,129963,
1236,Michael Castro,38.0,Female,Bachelor's,IT,Backend Developer,0.0,4.0,No,Hybrid,Bangalore,Startup,Single,9.0,78.0,0,Yes,129577,109189,
1148,Michael Booth,36.0,Male,Diploma,Sales,Cyber Security Analyst,12.0,2.0,No,Office,Ahmedabad,Startup,Single,6.0,49.0,2,No,48370,110799,
1994,Valerie Walker,,Female,Bachelor's,Sales,Full Stack Developer,10.0,5.0,Yes,Office,Indore,Large,Single,10.0,54.0,6,No,170117,149321,
609,Robert Raymond,26.0,Male,Bachelor's,Legal,Marketing Executive,3.0,,No,Hybrid,Bangalore,Medium,Married,6.0,89.0,0,No,76238,92844,
3082,Sherri Rodriguez,35.0,Female,Bachelor's,Research,Data Engineer,9.0,3.0,No,Hybrid,Hyderabad,Medium,Single,4.0,66.0,9,No,189771,127701,
963,Stephanie Johnson,57.0,Female,Master's,Administration,ML Engineer,2.0,3.0,No,Remote,Ghaziabad,Large,Single,4.0,91.0,1,No,41395,141892,
3696,Abigail Robinson,45.0,Female,Diploma,Research,DevOps Engineer,16.0,,Yes,Hybrid,Delhi,Large,Single,9.0,62.0,16,No,38787,149206,
4157,Mary Park,,Male,Diploma,Sales,ML Engineer,18.0,2.0,No,Office,Ahmedabad,Medium,Single,3.0,41.0,6,Yes,734260,486699,
4574,Timothy Davis,58.0,Female,Diploma,Legal,Data Analyst,15.0,1.0,Yes,,Lucknow,Medium,Single,2.0,,0,No,73765,124049,
1455,Peter Rice,37.0,Female,Diploma,Sales,Backend Developer,13.0,5.0,Yes,,Noida,Medium,Married,5.0,95.0,13,No,61060,142851,
4836,Stephanie Macias,22.0,Female,PhD,Customer Support,Backend Developer,0.0,2.0,Yes,,Ghaziabad,Medium,Single,1.0,82.0,0,No,177449,132336,
1150,Kayla Thompson,23.0,Male,Bachelor's,Sales,Marketing Manager,2.0,3.0,No,Hybrid,Noida,Medium,Single,10.0,99.0,2,No,41432,110830,
757,Lindsey Harper,,Female,Bachelor's,Sales,Finance Analyst,7.0,1.0,Yes,Office,Mumbai,Startup,Married,0.0,81.0,0,No,139374,103738,
2979,Nancy Alvarado,37.0,Male,High School,Finance,Marketing Manager,14.0,5.0,Yes,Remote,Delhi,Startup,Married,1.0,50.0,14,No,50214,119996,
2659,Michael Lane,34.0,Female,Bachelor's,Sales,Full Stack Developer,14.0,3.0,Yes,Hybrid,Gurgaon,Medium,Married,4.0,56.0,2,Yes,166295,153109,
568,Eric Bautista,29.0,Male,Bachelor's,Marketing,ML Engineer,7.0,5.0,Yes,Remote,Faridabad,Large,Single,7.0,92.0,4,No,77600,160177,
4598,Christine Salazar,59.0,Female,High School,Legal,Frontend Developer,2.0,,No,Hybrid,Indore,Large,Married,10.0,62.0,2,No,268812,196882,
2673,Bradley Young,34.0,Male,Bachelor's,HR,QA Engineer,11.0,2.0,No,Hybrid,Chennai,Medium,Married,6.0,85.0,8,Yes,123467,127790,
4727,Jose Hernandez,,Male,Master's,Operations,Data Analyst,21.0,3.0,No,Remote,Delhi,Medium,Single,,47.0,3,Yes,31645,155481,
1264,Deborah Waters,41.0,Female,PhD,Administration,Marketing Executive,11.0,4.0,No,Hybrid,Mumbai,Medium,Single,7.0,90.0,3,No,25521,156677,
1642,Richard Becker,28.0,Male,Master's,Finance,Software Engineer,1.0,5.0,No,Hybrid,Jaipur,Large,Single,7.0,98.0,0,No,84385,124054,
2558,David Jones,22.0,Male,Bachelor's,Sales,Full Stack Developer,0.0,4.0,No,Remote,Bangalore,Medium,Single,2.0,,0,Yes,73974,105191,
722,Ryan Nelson,36.0,Male,Bachelor's,Marketing,Cyber Security Analyst,5.0,2.0,No,,Ghaziabad,Large,Married,2.0,70.0,4,No,175839,121798,
2521,Daniel Williams,24.0,Female,Bachelor's,Sales,Product Manager,0.0,5.0,Yes,Remote,Delhi,Startup,Single,1.0,55.0,0,No,108094,115655,
4304,Nicholas Brown,47.0,Female,Diploma,Legal,Sales Manager,15.0,5.0,No,Hybrid,Lucknow,Medium,Married,7.0,88.0,7,No,94026,151346,
1724,Joshua Smith,32.0,Female,Bachelor's,Marketing,Database Administrator,5.0,4.0,Yes,Remote,Gurgaon,Startup,Single,6.0,67.0,2,No,102460,114386,
1456,Richard Fry,21.0,Male,Bachelor's,Marketing,Accountant,1.0,4.0,Yes,Hybrid,Lucknow,Large,Divorced,6.0,43.0,0,No,159531,101023,
3684,Lucas Leon,,Female,Master's,Sales,ML Engineer,22.0,2.0,Yes,Office,Mumbai,Large,Married,4.0,,14,No,108112,205781,
1683,Patrick Bradley,55.0,Female,Master's,Marketing,Data Analyst,28.0,4.0,No,Office,Gurgaon,Enterprise,Married,6.0,86.0,10,Yes,137559,202875,
4278,Luis Moody,24.0,Female,PhD,Sales,Business Analyst,4.0,2.0,No,Office,Lucknow,Enterprise,Single,2.0,65.0,3,Yes,135427,154287,
1324,Alison Chen,31.0,Male,Bachelor's,Customer Support,Product Manager,3.0,5.0,No,Office,Delhi,Medium,Single,3.0,58.0,1,No,121119,128263,
3714,Elizabeth Rodriguez,46.0,Female,Bachelor's,Sales,Marketing Executive,15.0,3.0,No,,Kolkata,Large,Married,2.0,43.0,12,No,183348,132155,
4924,Thomas Hunter,23.0,Female,Master's,Operations,Marketing Executive,2.0,3.0,No,Remote,Ahmedabad,Large,Single,3.0,76.0,2,Yes,87422,120766,
2451,Krista Phelps,33.0,Male,Bachelor's,Customer Support,QA Engineer,2.0,2.0,No,,Chennai,Medium,Single,0.0,99.0,2,No,182267,92378,
3339,Robert Pena,23.0,Female,Diploma,Administration,Database Administrator,,3.0,Yes,Remote,Hyderabad,Startup,Married,9.0,53.0,1,No,86019,92410,
3551,Michelle Ramsey,,Male,Diploma,Finance,Software Engineer,6.0,2.0,Yes,Hybrid,Bangalore,Large,Single,3.0,47.0,1,No,134167,111240,
3885,Lauren Henry,37.0,Male,PhD,Research,Marketing Manager,12.0,1.0,Yes,Hybrid,Noida,Medium,Married,10.0,82.0,4,No,64445,166487,
349,Matthew Elliott,24.0,Male,Diploma,HR,Product Manager,4.0,4.0,Yes,Office,Ghaziabad,Medium,Single,9.0,56.0,2,Yes,48333,145430,
221,Christine Logan,23.0,Female,Bachelor's,Customer Support,Full Stack Developer,1.0,3.0,No,Office,Indore,Large,Single,10.0,41.0,1,No,272032,336264,
3550,Russell Mathews,46.0,Male,Bachelor's,Customer Support,Cyber Security Analyst,25.0,4.0,Yes,Office,Jaipur,Startup,Married,3.0,41.0,0,No,156762,174763,
362,Gerald Simpson,59.0,Female,Bachelor's,HR,Cyber Security Analyst,19.0,4.0,Yes,,Indore,Medium,Single,8.0,70.0,11,No,189579,161771,
2539,Kevin Richardson,42.0,Female,Bachelor's,IT,Full Stack Developer,16.0,1.0,Yes,Remote,Gurgaon,Large,Single,10.0,64.0,3,No,107112,150020,
2353,Valerie Taylor,,Male,Diploma,Customer Support,DevOps Engineer,15.0,1.0,Yes,Office,Faridabad,Medium,Married,8.0,92.0,9,No,113841,144015,
4258,Amy Martin,51.0,Male,Bachelor's,,Accountant,0.0,2.0,Yes,Hybrid,Ghaziabad,Startup,Single,6.0,56.0,0,Yes,60361,91416,
855,Sandra Li,51.0,Male,Bachelor's,Finance,Full Stack Developer,3.0,5.0,No,Office,Bangalore,Medium,Single,6.0,,0,No,153672,118207,
2146,Joseph Mccarty PhD,56.0,Female,Master's,Sales,Backend Developer,22.0,5.0,No,Remote,Mumbai,Startup,Single,1.0,51.0,12,No,130183,175442,
3390,Travis Russell,43.0,Male,Bachelor's,Legal,Business Analyst,6.0,1.0,No,Office,Indore,Medium,Single,5.0,83.0,5,Yes,57926,221914,
884,Daniel Morrow,59.0,Male,Diploma,Customer Support,Accountant,15.0,3.0,Yes,Office,Jaipur,Large,Single,1.0,95.0,14,Yes,42791,134527,
2518,Ryan Smith,47.0,Male,High School,Operations,ML Engineer,11.0,5.0,No,Hybrid,Gurgaon,Large,Married,3.0,46.0,6,No,75070,136461,
1914,Charles Stone,57.0,Female,Bachelor's,Administration,QA Engineer,26.0,1.0,Yes,Office,Bangalore,Medium,Single,5.0,40.0,16,No,155618,144140,
2726,Bradley Valdez,40.0,Female,Bachelor's,Operations,Database Administrator,18.0,2.0,No,Office,Hyderabad,Large,Single,0.0,58.0,7,No,109359,138674,
3147,Sarah Rivera,33.0,Male,PhD,Customer Support,Frontend Developer,4.0,3.0,No,Hybrid,Lucknow,Startup,Married,0.0,67.0,3,No,166580,123191,
3787,Mrs. Kristin Luna,26.0,Female,Bachelor's,Finance,Data Engineer,3.0,,Yes,Hybrid,Indore,Enterprise,Married,10.0,50.0,0,No,177777,137636,
3572,Ronald Peterson,29.0,Female,High School,Finance,Data Analyst,7.0,2.0,No,,Faridabad,Large,Married,9.0,59.0,6,No,156057,98735,
1250,Theresa Phillips,56.0,Male,Diploma,HR,Marketing Executive,,5.0,No,Hybrid,Pune,Large,Single,1.0,61.0,2,No,173916,125762,
1344,Lisa Gonzalez,31.0,Male,Master's,Operations,Data Engineer,6.0,3.0,No,Office,Ghaziabad,Enterprise,Divorced,1.0,71.0,1,No,62281,146537,
4751,Andrew Moody,54.0,Female,Diploma,Operations,HR Executive,16.0,3.0,No,Office,Jaipur,Startup,Single,7.0,48.0,14,No,115396,101401,
4205,Christopher Maynard,24.0,Female,,IT,Marketing Executive,0.0,1.0,No,Office,Kolkata,Enterprise,Married,3.0,61.0,0,No,110747,94519,
4661,Anthony Evans,45.0,Female,Bachelor's,Marketing,Backend Developer,15.0,3.0,Yes,Office,Delhi,Large,Single,,84.0,12,No,80266,156669,
3772,Anthony Valdez,23.0,Female,,Sales,Full Stack Developer,3.0,4.0,No,Remote,Ahmedabad,Large,Married,1.0,56.0,2,No,193451,124325,
4125,Grace Smith,29.0,Male,Bachelor's,HR,HR Manager,0.0,1.0,Yes,Office,Delhi,Medium,Single,7.0,83.0,0,No,21376,90506,
4636,Robert Barrett,52.0,Female,Diploma,Operations,Business Analyst,10.0,3.0,Yes,Office,Lucknow,Startup,Single,5.0,46.0,10,No,33828,107831,
4995,Nicholas Richards,57.0,Male,,Finance,Marketing Executive,5.0,4.0,No,Office,Lucknow,Large,Married,3.0,52.0,0,Yes,137819,105406,
4166,Sara Potter,25.0,Female,Bachelor's,HR,Sales Executive,2.0,2.0,Yes,Hybrid,Chennai,Medium,Married,6.0,87.0,0,No,92526,99414,
2450,Christine Wilkins DVM,56.0,Female,Bachelor's,IT,Marketing Executive,20.0,4.0,Yes,Office,Pune,Large,Single,0.0,66.0,20,Yes,45344,174247,
4359,Sherri Estrada DDS,29.0,Male,PhD,Operations,Sales Manager,2.0,,Yes,Hybrid,Gurgaon,Medium,Single,7.0,63.0,0,No,196236,152929,
3903,Michael Foster,50.0,Male,Bachelor's,Customer Support,QA Engineer,7.0,5.0,No,Office,Chennai,Medium,Married,0.0,41.0,0,No,33510,98006,
3665,Emily Jones DVM,,Female,Bachelor's,HR,Database Administrator,18.0,1.0,No,Office,Faridabad,Medium,Married,5.0,77.0,14,No,89387,146665,
463,Brittney Garcia,31.0,Female,Bachelor's,Administration,Data Scientist,,4.0,No,Office,Faridabad,Large,Married,8.0,43.0,3,No,94495,126392,
2435,Tammy Mcclain,56.0,Female,,Customer Support,Full Stack Developer,21.0,3.0,No,Remote,Bangalore,Large,Single,8.0,49.0,10,Yes,140784,170999,
4963,Aaron Meyer,36.0,Male,Master's,,HR Executive,6.0,,No,Hybrid,Faridabad,Large,Single,4.0,61.0,4,No,65080,105618,
2843,Stephanie Hernandez,29.0,Female,PhD,Legal,Cloud Engineer,2.0,3.0,No,Office,Noida,Large,Single,6.0,59.0,2,Yes,42830,158445,
832,Peter Smith,46.0,Male,Diploma,Sales,QA Engineer,21.0,4.0,No,Office,Ahmedabad,Medium,Single,2.0,,3,No,154266,144706,
4075,Alfred Hurst,31.0,Female,Bachelor's,IT,Cyber Security Analyst,5.0,1.0,Yes,Office,Noida,Medium,Single,6.0,69.0,5,No,160250,120144,
4572,Charles Mitchell,60.0,Female,High School,Research,DevOps Engineer,15.0,5.0,No,Office,Chennai,Large,Single,2.0,51.0,2,No,95187,131630,
2384,Amy Valenzuela,21.0,Female,High School,IT,DevOps Engineer,0.0,3.0,Yes,Office,Gurgaon,Startup,Single,7.0,43.0,0,No,135697,93024,
71,Chad Guzman,35.0,Male,Bachelor's,Operations,Network Engineer,7.0,5.0,No,Remote,Chennai,Enterprise,Single,2.0,81.0,1,Yes,49430,150541,
3735,Jessica Gibson,32.0,Male,Diploma,Research,Finance Analyst,9.0,1.0,Yes,Remote,Bangalore,Large,Single,0.0,41.0,2,No,184355,106871,
4860,Paul Barrett,50.0,Female,Diploma,HR,Product Manager,17.0,5.0,Yes,Hybrid,Lucknow,Startup,Married,2.0,64.0,10,No,148892,155314,
2455,Anthony Owens,38.0,Female,Bachelor's,Sales,Software Engineer,16.0,1.0,No,Hybrid,Indore,Enterprise,Single,4.0,59.0,16,No,156018,141906,
527,James Pierce,35.0,Male,Bachelor's,Sales,Sales Manager,13.0,4.0,No,Office,Chennai,Medium,Married,2.0,70.0,12,No,128943,131641,
150,Alex Oliver,58.0,Female,,Research,Software Engineer,35.0,4.0,Yes,Hybrid,Gurgaon,Medium,Married,8.0,43.0,3,No,34849,203530,
2039,Nicholas Dominguez II,53.0,Female,Bachelor's,Sales,Cloud Engineer,,4.0,No,Remote,Bangalore,Startup,Married,7.0,52.0,15,No,110094,203630,
1474,Jill Conner,22.0,Male,Master's,Sales,Full Stack Developer,1.0,5.0,No,Remote,Delhi,Medium,Single,4.0,90.0,0,No,89922,127685,
1104,Rebecca Gonzalez,59.0,Male,Master's,IT,Backend Developer,9.0,3.0,No,Office,Hyderabad,Startup,Single,10.0,99.0,3,No,88776,136433,
980,Kyle Baker,31.0,Male,,Administration,Business Analyst,7.0,5.0,No,Remote,Noida,Large,Single,9.0,73.0,7,No,160060,131119,
1838,Jeffrey Jones,31.0,Female,High School,Administration,ML Engineer,,3.0,No,Office,Indore,Large,Single,4.0,76.0,0,Yes,181881,124121,
4189,John Davila,27.0,Female,,Research,Data Analyst,1.0,1.0,No,Office,Noida,Startup,Divorced,6.0,52.0,0,No,569736,178314,
1479,Angela Davis,58.0,Male,Diploma,Administration,Finance Analyst,19.0,5.0,Yes,Hybrid,Faridabad,Medium,Married,0.0,55.0,12,No,82358,148412,
1785,Misty Castro,60.0,Male,Diploma,,Cyber Security Analyst,29.0,5.0,No,Remote,Ahmedabad,Large,Married,6.0,40.0,8,No,94369,171206,
4873,Joel Lowe,60.0,Male,Master's,Finance,Database Administrator,30.0,4.0,No,Office,Mumbai,Medium,Married,8.0,64.0,0,No,147630,196461,
2520,Nicholas Collins,28.0,Male,Master's,Finance,ML Engineer,6.0,5.0,Yes,Remote,Ahmedabad,Startup,Single,0.0,42.0,3,Yes,165335,158464,
4894,James Martinez,47.0,Male,Master's,Marketing,HR Executive,17.0,3.0,No,Remote,Indore,Enterprise,Divorced,0.0,67.0,17,Yes,102904,167355,
209,Dr. Paul Howell MD,53.0,Male,Diploma,Administration,Cyber Security Analyst,4.0,5.0,No,Office,Delhi,Large,Single,6.0,49.0,1,No,156355,119537,
436,Nicholas Hayes,49.0,Male,Diploma,Marketing,HR Executive,1.0,5.0,Yes,Remote,Bangalore,Medium,Married,8.0,50.0,1,No,191545,87832,
4908,Sean Stevens,23.0,Male,Master's,Research,QA Engineer,3.0,5.0,No,Office,Ghaziabad,Medium,Single,8.0,89.0,3,Yes,168999,136334,
1502,Sandra Johnson,54.0,Male,Master's,Finance,Product Manager,28.0,3.0,Yes,Hybrid,Jaipur,Large,Married,,81.0,2,No,130325,238199,
2578,Robert Dickson,23.0,Female,PhD,Operations,HR Manager,1.0,4.0,No,Hybrid,Mumbai,Large,Single,9.0,,0,No,99613,137480,
4938,Jennifer Patterson,23.0,Female,Diploma,Research,Full Stack Developer,0.0,3.0,Yes,Office,Pune,Enterprise,Married,4.0,53.0,0,No,172034,112151,
318,Michael Smith,54.0,Male,Master's,HR,Cloud Engineer,,2.0,No,Remote,Faridabad,Enterprise,Single,9.0,53.0,0,Yes,185707,160324,
790,Michael Singleton,25.0,Female,High School,Research,Data Engineer,0.0,2.0,No,Remote,Indore,Medium,Single,2.0,59.0,0,Yes,159741,102409,
4425,Olivia Herring,51.0,Female,Master's,Customer Support,Accountant,19.0,5.0,No,Office,Jaipur,Medium,Single,4.0,44.0,11,No,190964,154886,
771,Randall Sandoval,25.0,Female,Bachelor's,IT,ML Engineer,,1.0,No,Hybrid,Hyderabad,Medium,Single,4.0,59.0,2,No,169138,111449,
391,Melissa Kaufman,38.0,Female,High School,,Sales Executive,3.0,3.0,No,Office,Ahmedabad,Medium,Married,8.0,86.0,0,Yes,134151,99465,
1578,Joshua Cook,48.0,Female,Bachelor's,Finance,Marketing Executive,8.0,4.0,No,Hybrid,Chennai,Medium,Single,8.0,100.0,4,No,176120,118544,
4814,Joseph Roach,45.0,Female,Bachelor's,Operations,Database Administrator,15.0,4.0,Yes,Office,Ahmedabad,Large,Married,0.0,67.0,3,Yes,107108,162019,
3881,Danny Garrett,26.0,Male,High School,Legal,Data Engineer,6.0,3.0,No,Office,Ahmedabad,Medium,Single,4.0,98.0,3,No,102818,110825,
